Step,Reward,Loss,Epsilon
0,-1.0504950000000002,0.001262014266103506,0.01
100,0.0,0.0011279850732535124,0.01
200,0,0.0008957416866905987,0.01
300,0,0.0006559367175213993,0.01
400,0,0.0004368113586679101,0.01
500,0.0,0.00027697160840034485,0.01
600,0.0,0.0002538133994676173,0.01
700,0,0.0002854821505025029,0.01
