<?xml version="1.0" encoding="UTF-8"?>
<osm version="0.6" generator="openstreetmap-cgimap 2.1.0 (2001962 spike-08.openstreetmap.org)" copyright="OpenStreetMap and contributors" attribution="http://www.openstreetmap.org/copyright" license="http://opendatacommons.org/licenses/odbl/1-0/">
 <bounds minlat="14.2420000" minlon="121.1260000" maxlat="14.2500000" maxlon="121.1340000"/>
 <node id="253499548" visible="true" version="18" changeset="69164223" timestamp="2019-04-12T21:28:52Z" user="piligab" uid="3877019" lat="14.2280233" lon="121.1391367">
  <tag k="highway" v="traffic_signals"/>
 </node>
 <node id="253501055" visible="true" version="8" changeset="32041491" timestamp="2015-06-18T02:14:30Z" user="mbrustria" uid="2988191" lat="14.2428806" lon="121.1182344"/>
 <node id="253508418" visible="true" version="20" changeset="69164223" timestamp="2019-04-12T21:28:52Z" user="piligab" uid="3877019" lat="14.2297908" lon="121.1378542"/>
 <node id="253509332" visible="true" version="17" changeset="69164223" timestamp="2019-04-12T21:28:52Z" user="piligab" uid="3877019" lat="14.2326499" lon="121.1354698"/>
 <node id="253511160" visible="true" version="22" changeset="69164223" timestamp="2019-04-12T21:28:52Z" user="piligab" uid="3877019" lat="14.2410824" lon="121.1320285"/>
 <node id="253512231" visible="true" version="27" changeset="69164223" timestamp="2019-04-12T21:28:52Z" user="piligab" uid="3877019" lat="14.2464587" lon="121.1299968">
  <tag k="highway" v="traffic_signals"/>
 </node>
 <node id="253763623" visible="true" version="8" changeset="152827809" timestamp="2024-06-18T04:29:35Z" user="Timmy_Tesseract" uid="5653955" lat="14.2382856" lon="121.1331757">
  <tag k="highway" v="traffic_signals"/>
 </node>
 <node id="253763678" visible="true" version="7" changeset="152827809" timestamp="2024-06-18T04:29:35Z" user="Timmy_Tesseract" uid="5653955" lat="14.2495117" lon="121.1292027"/>
 <node id="253764223" visible="true" version="8" changeset="152827809" timestamp="2024-06-18T04:29:35Z" user="Timmy_Tesseract" uid="5653955" lat="14.2490592" lon="121.1311633"/>
 <node id="253768576" visible="true" version="18" changeset="75562946" timestamp="2019-10-11T12:23:31Z" user="imi007" uid="8925034" lat="14.2281087" lon="121.1390769">
  <tag k="highway" v="traffic_signals"/>
 </node>
 <node id="253769773" visible="true" version="17" changeset="69164223" timestamp="2019-04-12T21:28:52Z" user="piligab" uid="3877019" lat="14.2332895" lon="121.1351654"/>
 <node id="253772507" visible="true" version="9" changeset="152827809" timestamp="2024-06-18T04:29:35Z" user="Timmy_Tesseract" uid="5653955" lat="14.2612548" lon="121.1275906"/>
 <node id="253782686" visible="true" version="17" changeset="69652148" timestamp="2019-04-27T23:40:50Z" user="Rally" uid="24338" lat="14.2323054" lon="121.1356924"/>
 <node id="253784070" visible="true" version="20" changeset="166476983" timestamp="2025-05-19T13:29:19Z" user="LakeLanao" uid="22316019" lat="14.2439176" lon="121.1309070"/>
 <node id="253791639" visible="true" version="9" changeset="69164223" timestamp="2019-04-12T21:28:52Z" user="piligab" uid="3877019" lat="14.2546214" lon="121.1284671"/>
 <node id="253795639" visible="true" version="14" changeset="85787927" timestamp="2020-05-26T19:00:02Z" user="TagaSanPedroAko" uid="2541613" lat="14.2558510" lon="121.1282857"/>
 <node id="253798407" visible="true" version="8" changeset="69164223" timestamp="2019-04-12T21:28:52Z" user="piligab" uid="3877019" lat="14.2503896" lon="121.1289971"/>
 <node id="306561070" visible="true" version="9" changeset="134446867" timestamp="2023-04-03T09:54:29Z" user="ianlopez1115" uid="44938" lat="14.2420268" lon="121.1155138"/>
 <node id="306561072" visible="true" version="8" changeset="32041491" timestamp="2015-06-18T02:14:30Z" user="mbrustria" uid="2988191" lat="14.2455326" lon="121.1264736"/>
 <node id="315995719" visible="true" version="15" changeset="153832097" timestamp="2024-07-11T22:56:57Z" user="oodiegoodie" uid="5630027" lat="14.2464810" lon="121.1300721">
  <tag k="admin_level" v="10"/>
  <tag k="designation" v="barangay"/>
  <tag k="name" v="Pulo"/>
  <tag k="place" v="quarter"/>
  <tag k="postal_code" v="4025"/>
  <tag k="ref" v="043404013"/>
 </node>
 <node id="323077733" visible="true" version="13" changeset="134446867" timestamp="2023-04-03T09:54:29Z" user="ianlopez1115" uid="44938" lat="14.2413873" lon="121.1128608"/>
 <node id="364629104" visible="true" version="10" changeset="13501625" timestamp="2012-10-15T06:31:40Z" user="ianlopez1115" uid="44938" lat="14.2638065" lon="121.1272680"/>
 <node id="364629306" visible="true" version="10" changeset="13501625" timestamp="2012-10-15T06:31:40Z" user="ianlopez1115" uid="44938" lat="14.2620454" lon="121.1275088"/>
 <node id="364629423" visible="true" version="10" changeset="13501625" timestamp="2012-10-15T06:31:41Z" user="ianlopez1115" uid="44938" lat="14.2600988" lon="121.1277119"/>
 <node id="364629459" visible="true" version="6" changeset="10717099" timestamp="2012-02-18T05:58:46Z" user="ianlopez1115" uid="44938" lat="14.2578698" lon="121.1279767">
  <tag k="traffic_sign" v="city_limit"/>
 </node>
 <node id="364629518" visible="true" version="6" changeset="51865824" timestamp="2017-09-08T22:24:44Z" user="user_5690017" uid="5690017" lat="14.2442434" lon="121.1301985">
  <tag k="historic" v="ruins"/>
  <tag k="name" v="Pulo Rook"/>
 </node>
 <node id="364629580" visible="true" version="17" changeset="69652633" timestamp="2019-04-28T00:41:54Z" user="Rally" uid="24338" lat="14.2353316" lon="121.1343030"/>
 <node id="692988296" visible="true" version="4" changeset="69164223" timestamp="2019-04-12T21:28:52Z" user="piligab" uid="3877019" lat="14.2508076" lon="121.1289116"/>
 <node id="1076608511" visible="true" version="6" changeset="103823392" timestamp="2021-04-29T07:38:07Z" user="ForsythPark" uid="10652964" lat="14.2446831" lon="121.1238438"/>
 <node id="1076899472" visible="true" version="4" changeset="69652148" timestamp="2019-04-27T23:40:50Z" user="Rally" uid="24338" lat="14.2380195" lon="121.1332739">
  <tag k="highway" v="traffic_signals"/>
 </node>
 <node id="1077037931" visible="true" version="3" changeset="69164223" timestamp="2019-04-12T21:28:52Z" user="piligab" uid="3877019" lat="14.2342215" lon="121.1347631"/>
 <node id="1078541499" visible="true" version="8" changeset="134446867" timestamp="2023-04-03T09:54:29Z" user="ianlopez1115" uid="44938" lat="14.2414228" lon="121.1130119"/>
 <node id="1088492837" visible="true" version="2" changeset="78498620" timestamp="2019-12-17T02:14:14Z" user="user_10425844" uid="10425844" lat="14.2496120" lon="121.1337640"/>
 <node id="1088493098" visible="true" version="4" changeset="69164586" timestamp="2019-04-12T21:48:17Z" user="piligab" uid="3877019" lat="14.2642955" lon="121.1272102"/>
 <node id="1088493133" visible="true" version="4" changeset="78498620" timestamp="2019-12-17T02:14:14Z" user="user_10425844" uid="10425844" lat="14.2484776" lon="121.1294476"/>
 <node id="1088493156" visible="true" version="3" changeset="13501625" timestamp="2012-10-15T06:30:34Z" user="ianlopez1115" uid="44938" lat="14.2618424" lon="121.1275303"/>
 <node id="1088493399" visible="true" version="3" changeset="13501625" timestamp="2012-10-15T06:30:35Z" user="ianlopez1115" uid="44938" lat="14.2640024" lon="121.1272400"/>
 <node id="1088493516" visible="true" version="5" changeset="97416267" timestamp="2021-01-13T06:45:07Z" user="bunty_6" uid="8794031" lat="14.2489978" lon="121.1308734"/>
 <node id="1088493541" visible="true" version="4" changeset="13501625" timestamp="2012-10-15T06:30:36Z" user="ianlopez1115" uid="44938" lat="14.2602339" lon="121.1276965"/>
 <node id="1088494097" visible="true" version="4" changeset="97416267" timestamp="2021-01-13T06:45:07Z" user="bunty_6" uid="8794031" lat="14.2487184" lon="121.1301824"/>
 <node id="1088494129" visible="true" version="5" changeset="97158907" timestamp="2021-01-08T09:28:59Z" user="Breithorn" uid="10529336" lat="14.2315945" lon="121.1363762"/>
 <node id="1088494318" visible="true" version="4" changeset="69652148" timestamp="2019-04-27T23:40:51Z" user="Rally" uid="24338" lat="14.2339368" lon="121.1348797"/>
 <node id="1090191945" visible="true" version="2" changeset="10717099" timestamp="2012-02-18T05:57:10Z" user="ianlopez1115" uid="44938" lat="14.2505256" lon="121.1315193"/>
 <node id="1090191974" visible="true" version="2" changeset="10717099" timestamp="2012-02-18T05:57:10Z" user="ianlopez1115" uid="44938" lat="14.2509656" lon="121.1312415"/>
 <node id="1090191981" visible="true" version="2" changeset="10717099" timestamp="2012-02-18T05:57:10Z" user="ianlopez1115" uid="44938" lat="14.2508402" lon="121.1313207"/>
 <node id="1090191985" visible="true" version="2" changeset="10717099" timestamp="2012-02-18T05:57:10Z" user="ianlopez1115" uid="44938" lat="14.2500583" lon="121.1323352"/>
 <node id="1090192018" visible="true" version="2" changeset="10717099" timestamp="2012-02-18T05:57:11Z" user="ianlopez1115" uid="44938" lat="14.2499636" lon="121.1318739"/>
 <node id="1090192081" visible="true" version="2" changeset="10717099" timestamp="2012-02-18T05:57:13Z" user="ianlopez1115" uid="44938" lat="14.2515919" lon="121.1311530"/>
 <node id="1090192111" visible="true" version="2" changeset="10717099" timestamp="2012-02-18T05:57:14Z" user="ianlopez1115" uid="44938" lat="14.2502345" lon="121.1317030"/>
 <node id="1090192148" visible="true" version="3" changeset="69164223" timestamp="2019-04-12T21:28:52Z" user="piligab" uid="3877019" lat="14.2515269" lon="121.1288253"/>
 <node id="1090192168" visible="true" version="3" changeset="69164223" timestamp="2019-04-12T21:28:52Z" user="piligab" uid="3877019" lat="14.2537795" lon="121.1285698"/>
 <node id="1090471023" visible="true" version="3" changeset="114934660" timestamp="2021-12-14T18:17:02Z" user="justin0206" uid="11399710" lat="14.2494755" lon="121.1283943"/>
 <node id="1090471064" visible="true" version="3" changeset="114934660" timestamp="2021-12-14T18:17:02Z" user="justin0206" uid="11399710" lat="14.2500319" lon="121.1279907"/>
 <node id="1090471068" visible="true" version="3" changeset="114934660" timestamp="2021-12-14T18:17:02Z" user="justin0206" uid="11399710" lat="14.2502359" lon="121.1279163"/>
 <node id="1090471149" visible="true" version="3" changeset="114934660" timestamp="2021-12-14T18:17:02Z" user="justin0206" uid="11399710" lat="14.2495329" lon="121.1286161"/>
 <node id="1090471153" visible="true" version="3" changeset="114934660" timestamp="2021-12-14T18:17:02Z" user="justin0206" uid="11399710" lat="14.2493713" lon="121.1281807"/>
 <node id="1090471185" visible="true" version="3" changeset="114934660" timestamp="2021-12-14T18:17:02Z" user="justin0206" uid="11399710" lat="14.2497740" lon="121.1280589"/>
 <node id="1090471198" visible="true" version="3" changeset="114934660" timestamp="2021-12-14T18:17:02Z" user="justin0206" uid="11399710" lat="14.2498741" lon="121.1285293"/>
 <node id="1090471232" visible="true" version="3" changeset="97432768" timestamp="2021-01-13T10:29:51Z" user="g3reader" uid="8610599" lat="14.2492739" lon="121.1256783"/>
 <node id="1090471234" visible="true" version="3" changeset="69164223" timestamp="2019-04-12T21:28:52Z" user="piligab" uid="3877019" lat="14.2500145" lon="121.1290783"/>
 <node id="1090471250" visible="true" version="4" changeset="114934660" timestamp="2021-12-14T18:17:02Z" user="justin0206" uid="11399710" lat="14.2496120" lon="121.1262248"/>
 <node id="1090471254" visible="true" version="3" changeset="114934660" timestamp="2021-12-14T18:17:02Z" user="justin0206" uid="11399710" lat="14.2495233" lon="121.1281345"/>
 <node id="1090471298" visible="true" version="4" changeset="114934660" timestamp="2021-12-14T18:17:02Z" user="justin0206" uid="11399710" lat="14.2493722" lon="121.1262922"/>
 <node id="1090471301" visible="true" version="3" changeset="114934660" timestamp="2021-12-14T18:17:02Z" user="justin0206" uid="11399710" lat="14.2491437" lon="121.1263761"/>
 <node id="1090471304" visible="true" version="2" changeset="10717099" timestamp="2012-02-18T05:57:23Z" user="ianlopez1115" uid="44938" lat="14.2488351" lon="121.1236961"/>
 <node id="1090471325" visible="true" version="4" changeset="114934660" timestamp="2021-12-14T18:17:02Z" user="justin0206" uid="11399710" lat="14.2498192" lon="121.1261730"/>
 <node id="1090471361" visible="true" version="3" changeset="114934660" timestamp="2021-12-14T18:17:02Z" user="justin0206" uid="11399710" lat="14.2498218" lon="121.1282891"/>
 <node id="1090516973" visible="true" version="5" changeset="105187284" timestamp="2021-05-23T22:56:36Z" user="TagaSanPedroAko" uid="2541613" lat="14.2417224" lon="121.1143627"/>
 <node id="1090522516" visible="true" version="2" changeset="13501625" timestamp="2012-10-15T06:30:40Z" user="ianlopez1115" uid="44938" lat="14.2483451" lon="121.1381232"/>
 <node id="1090522517" visible="true" version="2" changeset="13501625" timestamp="2012-10-15T06:30:40Z" user="ianlopez1115" uid="44938" lat="14.2467777" lon="121.1337976"/>
 <node id="1090522518" visible="true" version="2" changeset="13501625" timestamp="2012-10-15T06:30:40Z" user="ianlopez1115" uid="44938" lat="14.2467386" lon="121.1339729"/>
 <node id="1090522519" visible="true" version="3" changeset="10717099" timestamp="2012-02-18T05:57:25Z" user="ianlopez1115" uid="44938" lat="14.2476150" lon="121.1265400"/>
 <node id="1090522520" visible="true" version="2" changeset="13501625" timestamp="2012-10-15T06:30:40Z" user="ianlopez1115" uid="44938" lat="14.2461700" lon="121.1334067"/>
 <node id="1090522521" visible="true" version="2" changeset="13501625" timestamp="2012-10-15T06:30:40Z" user="ianlopez1115" uid="44938" lat="14.2471170" lon="121.1349900"/>
 <node id="1090522523" visible="true" version="6" changeset="32041491" timestamp="2015-06-18T02:14:29Z" user="mbrustria" uid="2988191" lat="14.2422989" lon="121.1164836"/>
 <node id="1090522526" visible="true" version="2" changeset="13501625" timestamp="2012-10-15T06:30:40Z" user="ianlopez1115" uid="44938" lat="14.2477843" lon="121.1357943"/>
 <node id="1090522530" visible="true" version="2" changeset="13501625" timestamp="2012-10-15T06:30:41Z" user="ianlopez1115" uid="44938" lat="14.2474289" lon="121.1328246"/>
 <node id="1090522531" visible="true" version="1" changeset="6900617" timestamp="2011-01-08T07:42:47Z" user="user_5541" uid="5541" lat="14.2475644" lon="121.1303968"/>
 <node id="1090522532" visible="true" version="2" changeset="13501625" timestamp="2012-10-15T06:30:41Z" user="ianlopez1115" uid="44938" lat="14.2466007" lon="121.1340020"/>
 <node id="1090522536" visible="true" version="3" changeset="13501625" timestamp="2012-10-15T06:30:41Z" user="ianlopez1115" uid="44938" lat="14.2453543" lon="121.1293351"/>
 <node id="1090522538" visible="true" version="2" changeset="13501625" timestamp="2012-10-15T06:30:41Z" user="ianlopez1115" uid="44938" lat="14.2463601" lon="121.1342987"/>
 <node id="1090522540" visible="true" version="2" changeset="13501625" timestamp="2012-10-15T06:30:41Z" user="ianlopez1115" uid="44938" lat="14.2467371" lon="121.1336838"/>
 <node id="1090522542" visible="true" version="2" changeset="13501625" timestamp="2012-10-15T06:30:41Z" user="ianlopez1115" uid="44938" lat="14.2480341" lon="121.1354230"/>
 <node id="1090522547" visible="true" version="2" changeset="13501625" timestamp="2012-10-15T06:30:41Z" user="ianlopez1115" uid="44938" lat="14.2467157" lon="121.1338425"/>
 <node id="1090522548" visible="true" version="3" changeset="13501625" timestamp="2012-10-15T06:30:41Z" user="ianlopez1115" uid="44938" lat="14.2480066" lon="121.1283029"/>
 <node id="1090522550" visible="true" version="2" changeset="13501625" timestamp="2012-10-15T06:30:41Z" user="ianlopez1115" uid="44938" lat="14.2466645" lon="121.1335505"/>
 <node id="1090522551" visible="true" version="2" changeset="10717099" timestamp="2012-02-18T05:57:26Z" user="ianlopez1115" uid="44938" lat="14.2487240" lon="121.1286962"/>
 <node id="1090522557" visible="true" version="2" changeset="13501625" timestamp="2012-10-15T06:30:41Z" user="ianlopez1115" uid="44938" lat="14.2470711" lon="121.1346758"/>
 <node id="1090522558" visible="true" version="3" changeset="13501625" timestamp="2012-10-15T06:30:41Z" user="ianlopez1115" uid="44938" lat="14.2456092" lon="121.1291066"/>
 <node id="1090522563" visible="true" version="1" changeset="6900617" timestamp="2011-01-08T07:42:49Z" user="user_5541" uid="5541" lat="14.2463374" lon="121.1341635"/>
 <node id="1090522564" visible="true" version="3" changeset="13501625" timestamp="2012-10-15T06:30:41Z" user="ianlopez1115" uid="44938" lat="14.2456505" lon="121.1281614"/>
 <node id="1090522566" visible="true" version="2" changeset="13501625" timestamp="2012-10-15T06:30:41Z" user="ianlopez1115" uid="44938" lat="14.2469907" lon="121.1339214"/>
 <node id="1090522569" visible="true" version="3" changeset="13501625" timestamp="2012-10-15T06:30:42Z" user="ianlopez1115" uid="44938" lat="14.2451046" lon="121.1283112"/>
 <node id="1090522571" visible="true" version="2" changeset="13501625" timestamp="2012-10-15T06:30:42Z" user="ianlopez1115" uid="44938" lat="14.2470167" lon="121.1341598"/>
 <node id="1090522572" visible="true" version="2" changeset="13501625" timestamp="2012-10-15T06:30:42Z" user="ianlopez1115" uid="44938" lat="14.2466302" lon="121.1337228"/>
 <node id="1090522573" visible="true" version="2" changeset="10717099" timestamp="2012-02-18T05:57:27Z" user="ianlopez1115" uid="44938" lat="14.2477699" lon="121.1264949"/>
 <node id="1090522576" visible="true" version="1" changeset="6900617" timestamp="2011-01-08T07:42:49Z" user="user_5541" uid="5541" lat="14.2465426" lon="121.1347189"/>
 <node id="1090522578" visible="true" version="2" changeset="10717099" timestamp="2012-02-18T05:57:27Z" user="ianlopez1115" uid="44938" lat="14.2479782" lon="121.1259166"/>
 <node id="1090522580" visible="true" version="2" changeset="13501625" timestamp="2012-10-15T06:30:42Z" user="ianlopez1115" uid="44938" lat="14.2465268" lon="121.1337918"/>
 <node id="1090522581" visible="true" version="2" changeset="10717099" timestamp="2012-02-18T05:57:27Z" user="ianlopez1115" uid="44938" lat="14.2489364" lon="121.1293429"/>
 <node id="1090522583" visible="true" version="3" changeset="13501625" timestamp="2012-10-15T06:30:42Z" user="ianlopez1115" uid="44938" lat="14.2455438" lon="121.1292907"/>
 <node id="1090522584" visible="true" version="2" changeset="13501625" timestamp="2012-10-15T06:30:42Z" user="ianlopez1115" uid="44938" lat="14.2465040" lon="121.1336516"/>
 <node id="1090522585" visible="true" version="1" changeset="6900617" timestamp="2011-01-08T07:42:50Z" user="user_5541" uid="5541" lat="14.2462838" lon="121.1338227"/>
 <node id="1090522586" visible="true" version="2" changeset="13501625" timestamp="2012-10-15T06:30:42Z" user="ianlopez1115" uid="44938" lat="14.2480340" lon="121.1379277"/>
 <node id="1090522589" visible="true" version="3" changeset="13501625" timestamp="2012-10-15T06:30:42Z" user="ianlopez1115" uid="44938" lat="14.2458878" lon="121.1290287"/>
 <node id="1090522595" visible="true" version="2" changeset="13501625" timestamp="2012-10-15T06:30:42Z" user="ianlopez1115" uid="44938" lat="14.2463827" lon="121.1344083"/>
 <node id="1090522596" visible="true" version="2" changeset="13501625" timestamp="2012-10-15T06:30:42Z" user="ianlopez1115" uid="44938" lat="14.2469140" lon="121.1310012"/>
 <node id="1090522599" visible="true" version="2" changeset="10717099" timestamp="2012-02-18T05:57:28Z" user="ianlopez1115" uid="44938" lat="14.2480953" lon="121.1263788"/>
 <node id="1090522601" visible="true" version="2" changeset="13501625" timestamp="2012-10-15T06:30:42Z" user="ianlopez1115" uid="44938" lat="14.2467801" lon="121.1337304"/>
 <node id="1090522602" visible="true" version="2" changeset="10717099" timestamp="2012-02-18T05:57:28Z" user="ianlopez1115" uid="44938" lat="14.2481446" lon="121.1284743"/>
 <node id="1090522606" visible="true" version="4" changeset="32041491" timestamp="2015-06-18T02:14:29Z" user="mbrustria" uid="2988191" lat="14.2442875" lon="121.1225757"/>
 <node id="1090522612" visible="true" version="3" changeset="13501625" timestamp="2012-10-15T06:30:43Z" user="ianlopez1115" uid="44938" lat="14.2453729" lon="121.1282376"/>
 <node id="1090522614" visible="true" version="5" changeset="32041491" timestamp="2015-06-18T02:14:30Z" user="mbrustria" uid="2988191" lat="14.2432282" lon="121.1192791"/>
 <node id="1090522621" visible="true" version="2" changeset="13501625" timestamp="2012-10-15T06:30:43Z" user="ianlopez1115" uid="44938" lat="14.2471777" lon="121.1352907"/>
 <node id="1090522622" visible="true" version="3" changeset="69164223" timestamp="2019-04-12T21:28:52Z" user="piligab" uid="3877019" lat="14.2466283" lon="121.1299464"/>
 <node id="1090522623" visible="true" version="3" changeset="153329454" timestamp="2024-06-29T12:07:38Z" user="mapper03" uid="10698955" lat="14.2473839" lon="121.1297153"/>
 <node id="1090522624" visible="true" version="2" changeset="13501625" timestamp="2012-10-15T06:30:43Z" user="ianlopez1115" uid="44938" lat="14.2466857" lon="121.1336717"/>
 <node id="1090522625" visible="true" version="2" changeset="10717099" timestamp="2012-02-18T05:57:29Z" user="ianlopez1115" uid="44938" lat="14.2486254" lon="121.1285975"/>
 <node id="1090522633" visible="true" version="7" changeset="32041491" timestamp="2015-06-18T02:14:30Z" user="mbrustria" uid="2988191" lat="14.2461840" lon="121.1289623"/>
 <node id="1090522634" visible="true" version="2" changeset="13501625" timestamp="2012-10-15T06:30:43Z" user="ianlopez1115" uid="44938" lat="14.2477334" lon="121.1354895"/>
 <node id="1090522639" visible="true" version="2" changeset="13501625" timestamp="2012-10-15T06:30:43Z" user="ianlopez1115" uid="44938" lat="14.2465156" lon="121.1335877"/>
 <node id="1090522642" visible="true" version="2" changeset="13501625" timestamp="2012-10-15T06:30:43Z" user="ianlopez1115" uid="44938" lat="14.2473641" lon="121.1355712"/>
 <node id="1090522644" visible="true" version="2" changeset="13501625" timestamp="2012-10-15T06:30:43Z" user="ianlopez1115" uid="44938" lat="14.2468794" lon="121.1329500"/>
 <node id="1090522650" visible="true" version="2" changeset="13501625" timestamp="2012-10-15T06:30:43Z" user="ianlopez1115" uid="44938" lat="14.2471460" lon="121.1328892"/>
 <node id="1090522651" visible="true" version="2" changeset="13501625" timestamp="2012-10-15T06:30:43Z" user="ianlopez1115" uid="44938" lat="14.2469694" lon="121.1350635"/>
 <node id="1090522654" visible="true" version="2" changeset="13501625" timestamp="2012-10-15T06:30:44Z" user="ianlopez1115" uid="44938" lat="14.2477320" lon="121.1327555"/>
 <node id="1090522658" visible="true" version="7" changeset="134446867" timestamp="2023-04-03T09:54:29Z" user="ianlopez1115" uid="44938" lat="14.2424334" lon="121.1169133"/>
 <node id="1090522661" visible="true" version="5" changeset="32041491" timestamp="2015-06-18T02:14:30Z" user="mbrustria" uid="2988191" lat="14.2459464" lon="121.1280846"/>
 <node id="1090522664" visible="true" version="2" changeset="13501625" timestamp="2012-10-15T06:30:44Z" user="ianlopez1115" uid="44938" lat="14.2469418" lon="121.1334816"/>
 <node id="1090522671" visible="true" version="2" changeset="13501625" timestamp="2012-10-15T06:30:44Z" user="ianlopez1115" uid="44938" lat="14.2466676" lon="121.1338375"/>
 <node id="1090522674" visible="true" version="2" changeset="13501625" timestamp="2012-10-15T06:30:44Z" user="ianlopez1115" uid="44938" lat="14.2471883" lon="121.1331812"/>
 <node id="1090522681" visible="true" version="2" changeset="13501625" timestamp="2012-10-15T06:30:44Z" user="ianlopez1115" uid="44938" lat="14.2466277" lon="121.1337941"/>
 <node id="1090522683" visible="true" version="2" changeset="13501625" timestamp="2012-10-15T06:30:44Z" user="ianlopez1115" uid="44938" lat="14.2474004" lon="121.1351284"/>
 <node id="1090522684" visible="true" version="2" changeset="13501625" timestamp="2012-10-15T06:30:44Z" user="ianlopez1115" uid="44938" lat="14.2460901" lon="121.1331302"/>
 <node id="1090522688" visible="true" version="2" changeset="13501625" timestamp="2012-10-15T06:30:44Z" user="ianlopez1115" uid="44938" lat="14.2475698" lon="121.1314951"/>
 <node id="1090522689" visible="true" version="2" changeset="13501625" timestamp="2012-10-15T06:30:44Z" user="ianlopez1115" uid="44938" lat="14.2469197" lon="121.1332407"/>
 <node id="1090528247" visible="true" version="3" changeset="176885067" timestamp="2026-01-06T02:09:47Z" user="Randell23" uid="9267725" lat="14.2456107" lon="121.1333551"/>
 <node id="1090528249" visible="true" version="2" changeset="13501625" timestamp="2012-10-15T06:30:45Z" user="ianlopez1115" uid="44938" lat="14.2431442" lon="121.1275253"/>
 <node id="1090528252" visible="true" version="4" changeset="97414679" timestamp="2021-01-13T06:22:45Z" user="bunty_6" uid="8794031" lat="14.2427867" lon="121.1285103"/>
 <node id="1090528253" visible="true" version="4" changeset="97414679" timestamp="2021-01-13T06:22:45Z" user="bunty_6" uid="8794031" lat="14.2424955" lon="121.1277716"/>
 <node id="1090528254" visible="true" version="2" changeset="9673473" timestamp="2011-10-28T04:27:23Z" user="ianlopez1115" uid="44938" lat="14.2460704" lon="121.1328737">
  <tag k="noexit" v="yes"/>
 </node>
 <node id="1090528255" visible="true" version="4" changeset="97414679" timestamp="2021-01-13T06:22:45Z" user="bunty_6" uid="8794031" lat="14.2423586" lon="121.1296573"/>
 <node id="1090528257" visible="true" version="3" changeset="97364744" timestamp="2021-01-12T10:27:50Z" user="bunty_6" uid="8794031" lat="14.2428062" lon="121.1273621"/>
 <node id="1090528260" visible="true" version="3" changeset="69164223" timestamp="2019-04-12T21:28:52Z" user="piligab" uid="3877019" lat="14.2458504" lon="121.1302046"/>
 <node id="1090528263" visible="true" version="4" changeset="97414679" timestamp="2021-01-13T06:22:45Z" user="bunty_6" uid="8794031" lat="14.2427674" lon="121.1294247"/>
 <node id="1090528264" visible="true" version="4" changeset="97414679" timestamp="2021-01-13T06:22:45Z" user="bunty_6" uid="8794031" lat="14.2415573" lon="121.1265158"/>
 <node id="1090528265" visible="true" version="4" changeset="97414679" timestamp="2021-01-13T06:22:45Z" user="bunty_6" uid="8794031" lat="14.2424706" lon="121.1262217"/>
 <node id="1090528270" visible="true" version="6" changeset="98945906" timestamp="2021-02-09T05:15:37Z" user="go_vind" uid="11589191" lat="14.2419652" lon="121.1279864"/>
 <node id="1090528273" visible="true" version="4" changeset="97414679" timestamp="2021-01-13T06:22:45Z" user="bunty_6" uid="8794031" lat="14.2433095" lon="121.1291886"/>
 <node id="1090528279" visible="true" version="4" changeset="97414679" timestamp="2021-01-13T06:22:45Z" user="bunty_6" uid="8794031" lat="14.2427539" lon="121.1261376"/>
 <node id="1090528282" visible="true" version="3" changeset="97364744" timestamp="2021-01-12T10:27:50Z" user="bunty_6" uid="8794031" lat="14.2429880" lon="121.1301300"/>
 <node id="1090528285" visible="true" version="2" changeset="176885067" timestamp="2026-01-06T02:09:47Z" user="Randell23" uid="9267725" lat="14.2451227" lon="121.1318580"/>
 <node id="1090528286" visible="true" version="3" changeset="69164223" timestamp="2019-04-12T21:28:52Z" user="piligab" uid="3877019" lat="14.2429686" lon="121.1312655"/>
 <node id="1090528291" visible="true" version="3" changeset="97364744" timestamp="2021-01-12T10:27:50Z" user="bunty_6" uid="8794031" lat="14.2423354" lon="121.1292317"/>
 <node id="1090528296" visible="true" version="1" changeset="6900671" timestamp="2011-01-08T07:53:29Z" user="user_5541" uid="5541" lat="14.2462794" lon="121.1315090"/>
 <node id="1090528303" visible="true" version="2" changeset="13501625" timestamp="2012-10-15T06:30:47Z" user="ianlopez1115" uid="44938" lat="14.2458539" lon="121.1332710"/>
 <node id="1090528305" visible="true" version="4" changeset="97414679" timestamp="2021-01-13T06:22:45Z" user="bunty_6" uid="8794031" lat="14.2414109" lon="121.1269036"/>
 <node id="1090528307" visible="true" version="4" changeset="177710629" timestamp="2026-01-26T08:48:44Z" user="Randell23" uid="9267725" lat="14.2438648" lon="121.1316406"/>
 <node id="1090528310" visible="true" version="2" changeset="13501625" timestamp="2012-10-15T06:30:47Z" user="ianlopez1115" uid="44938" lat="14.2425763" lon="121.1302667"/>
 <node id="1090528311" visible="true" version="2" changeset="13501625" timestamp="2012-10-15T06:30:47Z" user="ianlopez1115" uid="44938" lat="14.2427555" lon="121.1306935"/>
 <node id="1090528315" visible="true" version="4" changeset="97414679" timestamp="2021-01-13T06:22:45Z" user="bunty_6" uid="8794031" lat="14.2428843" lon="121.1276303"/>
 <node id="1090528316" visible="true" version="2" changeset="13501625" timestamp="2012-10-15T06:30:48Z" user="ianlopez1115" uid="44938" lat="14.2429495" lon="121.1301359"/>
 <node id="1090528317" visible="true" version="4" changeset="97414679" timestamp="2021-01-13T06:22:45Z" user="bunty_6" uid="8794031" lat="14.2416296" lon="121.1274482"/>
 <node id="1090528323" visible="true" version="3" changeset="176885067" timestamp="2026-01-06T02:09:47Z" user="Randell23" uid="9267725" lat="14.2445116" lon="121.1337720"/>
 <node id="1090528325" visible="true" version="5" changeset="177710629" timestamp="2026-01-26T08:48:44Z" user="Randell23" uid="9267725" lat="14.2438701" lon="121.1314567"/>
 <node id="1090528327" visible="true" version="2" changeset="13501625" timestamp="2012-10-15T06:30:48Z" user="ianlopez1115" uid="44938" lat="14.2429096" lon="121.1288646"/>
 <node id="1090528329" visible="true" version="3" changeset="69164223" timestamp="2019-04-12T21:28:52Z" user="piligab" uid="3877019" lat="14.2453746" lon="121.1303723"/>
 <node id="1090528330" visible="true" version="2" changeset="13501625" timestamp="2012-10-15T06:30:48Z" user="ianlopez1115" uid="44938" lat="14.2436188" lon="121.1304109"/>
 <node id="1090528332" visible="true" version="4" changeset="97414679" timestamp="2021-01-13T06:22:45Z" user="bunty_6" uid="8794031" lat="14.2426620" lon="121.1294906"/>
 <node id="1090528334" visible="true" version="4" changeset="97414679" timestamp="2021-01-13T06:22:45Z" user="bunty_6" uid="8794031" lat="14.2425387" lon="121.1264899"/>
 <node id="1090528337" visible="true" version="4" changeset="97414679" timestamp="2021-01-13T06:22:45Z" user="bunty_6" uid="8794031" lat="14.2430915" lon="121.1283992"/>
 <node id="1090528340" visible="true" version="1" changeset="6900671" timestamp="2011-01-08T07:53:31Z" user="user_5541" uid="5541" lat="14.2457903" lon="121.1339190"/>
 <node id="1090528343" visible="true" version="4" changeset="176885067" timestamp="2026-01-06T02:09:47Z" user="Randell23" uid="9267725" lat="14.2440869" lon="121.1325247"/>
 <node id="1090528345" visible="true" version="2" changeset="13501625" timestamp="2012-10-15T06:30:49Z" user="ianlopez1115" uid="44938" lat="14.2428717" lon="121.1289308"/>
 <node id="1090528352" visible="true" version="3" changeset="97364744" timestamp="2021-01-12T10:27:50Z" user="bunty_6" uid="8794031" lat="14.2426111" lon="121.1290932"/>
 <node id="1090528354" visible="true" version="4" changeset="97414679" timestamp="2021-01-13T06:22:45Z" user="bunty_6" uid="8794031" lat="14.2421692" lon="121.1278962"/>
 <node id="1090528355" visible="true" version="3" changeset="97364744" timestamp="2021-01-12T10:27:50Z" user="bunty_6" uid="8794031" lat="14.2415284" lon="121.1272191"/>
 <node id="1090528360" visible="true" version="4" changeset="97414679" timestamp="2021-01-13T06:22:45Z" user="bunty_6" uid="8794031" lat="14.2413139" lon="121.1266320"/>
 <node id="1090528366" visible="true" version="3" changeset="97364744" timestamp="2021-01-12T10:27:50Z" user="bunty_6" uid="8794031" lat="14.2410518" lon="121.1259859"/>
 <node id="1090528370" visible="true" version="2" changeset="176885067" timestamp="2026-01-06T02:09:47Z" user="Randell23" uid="9267725" lat="14.2451994" lon="121.1321131"/>
 <node id="1090528371" visible="true" version="6" changeset="176885222" timestamp="2026-01-06T02:18:29Z" user="Randell23" uid="9267725" lat="14.2448041" lon="121.1345807">
  <tag k="access" v="private"/>
  <tag k="barrier" v="gate"/>
 </node>
 <node id="1090528372" visible="true" version="5" changeset="177710629" timestamp="2026-01-26T08:48:44Z" user="Randell23" uid="9267725" lat="14.2437347" lon="121.1309797"/>
 <node id="1090528373" visible="true" version="3" changeset="69164223" timestamp="2019-04-12T21:28:52Z" user="piligab" uid="3877019" lat="14.2403909" lon="121.1323075"/>
 <node id="1090528374" visible="true" version="3" changeset="97364744" timestamp="2021-01-12T10:27:50Z" user="bunty_6" uid="8794031" lat="14.2417425" lon="121.1277543"/>
 <node id="1090528376" visible="true" version="3" changeset="97364744" timestamp="2021-01-12T10:27:50Z" user="bunty_6" uid="8794031" lat="14.2426312" lon="121.1267992"/>
 <node id="1090528380" visible="true" version="3" changeset="69164223" timestamp="2019-04-12T21:28:52Z" user="piligab" uid="3877019" lat="14.2408771" lon="121.1321117"/>
 <node id="1090528381" visible="true" version="2" changeset="13501625" timestamp="2012-10-15T06:30:51Z" user="ianlopez1115" uid="44938" lat="14.2435025" lon="121.1299499"/>
 <node id="1090528382" visible="true" version="4" changeset="97414679" timestamp="2021-01-13T06:22:45Z" user="bunty_6" uid="8794031" lat="14.2427123" lon="121.1270528"/>
 <node id="1097894924" visible="true" version="3" changeset="69164223" timestamp="2019-04-12T21:28:52Z" user="piligab" uid="3877019" lat="14.2523344" lon="121.1287299"/>
 <node id="1194144560" visible="true" version="5" changeset="21994736" timestamp="2014-04-28T07:13:20Z" user="ianlopez1115" uid="44938" lat="14.2435640" lon="121.1311496"/>
 <node id="1281833384" visible="true" version="5" changeset="82214829" timestamp="2020-03-15T11:30:59Z" user="Dex99" uid="10900648" lat="14.2465299" lon="121.1294684">
  <tag k="amenity" v="bus_station"/>
  <tag k="name" v="JAM Liner - Cabuyao Terminal"/>
 </node>
 <node id="1364004951" visible="true" version="3" changeset="10717099" timestamp="2012-02-18T05:57:32Z" user="ianlopez1115" uid="44938" lat="14.2573773" lon="121.1280411"/>
 <node id="1364004971" visible="true" version="4" changeset="13501625" timestamp="2012-10-15T06:30:51Z" user="ianlopez1115" uid="44938" lat="14.2555211" lon="121.1283365"/>
 <node id="1364004996" visible="true" version="3" changeset="65759533" timestamp="2018-12-25T12:40:10Z" user="GOwin" uid="1041828" lat="14.2589738" lon="121.1278323"/>
 <node id="1364005023" visible="true" version="6" changeset="98502952" timestamp="2021-02-01T10:34:57Z" user="mattam_pally" uid="11516748" lat="14.2368734" lon="121.1337251"/>
 <node id="1364005027" visible="true" version="4" changeset="13501625" timestamp="2012-10-15T06:30:51Z" user="ianlopez1115" uid="44938" lat="14.2570326" lon="121.1280881"/>
 <node id="1366309756" visible="true" version="5" changeset="112441505" timestamp="2021-10-13T04:46:48Z" user="DP24PH" uid="5752740" lat="14.2652640" lon="121.1270907"/>
 <node id="1366309764" visible="true" version="3" changeset="13501625" timestamp="2012-10-15T06:30:53Z" user="ianlopez1115" uid="44938" lat="14.2632770" lon="121.1273437"/>
 <node id="1483142843" visible="true" version="4" changeset="136919798" timestamp="2023-06-04T03:15:05Z" user="TagaSanPedroAko" uid="2541613" lat="14.2385698" lon="121.1312404">
  <tag k="power" v="tower"/>
 </node>
 <node id="1483142936" visible="true" version="6" changeset="136919798" timestamp="2023-06-04T03:15:05Z" user="TagaSanPedroAko" uid="2541613" lat="14.2397323" lon="121.1306207">
  <tag k="power" v="tower"/>
 </node>
 <node id="1483142955" visible="true" version="2" changeset="13501625" timestamp="2012-10-15T06:30:54Z" user="ianlopez1115" uid="44938" lat="14.2402917" lon="121.1282082"/>
 <node id="1483143034" visible="true" version="2" changeset="13501625" timestamp="2012-10-15T06:30:54Z" user="ianlopez1115" uid="44938" lat="14.2407960" lon="121.1258518"/>
 <node id="1483143131" visible="true" version="2" changeset="13501625" timestamp="2012-10-15T06:30:54Z" user="ianlopez1115" uid="44938" lat="14.2413192" lon="121.1313964"/>
 <node id="1483143133" visible="true" version="3" changeset="16739555" timestamp="2013-06-28T13:24:21Z" user="ianlopez1115" uid="44938" lat="14.2413793" lon="121.1256562"/>
 <node id="1483143138" visible="true" version="6" changeset="136919798" timestamp="2023-06-04T03:15:05Z" user="TagaSanPedroAko" uid="2541613" lat="14.2416977" lon="121.1297916">
  <tag k="power" v="tower"/>
 </node>
 <node id="1483143139" visible="true" version="4" changeset="83478243" timestamp="2020-04-13T12:54:30Z" user="ianlopez1115" uid="44938" lat="14.2420030" lon="121.1317625"/>
 <node id="1483143144" visible="true" version="2" changeset="69164223" timestamp="2019-04-12T21:28:52Z" user="piligab" uid="3877019" lat="14.2422016" lon="121.1315726">
  <tag k="crossing" v="zebra"/>
  <tag k="highway" v="crossing"/>
 </node>
 <node id="1483143145" visible="true" version="4" changeset="80827940" timestamp="2020-02-11T05:26:10Z" user="Tris_AnneD" uid="10682657" lat="14.2422032" lon="121.1328252"/>
 <node id="1483143149" visible="true" version="2" changeset="13501625" timestamp="2012-10-15T06:30:55Z" user="ianlopez1115" uid="44938" lat="14.2426155" lon="121.1315184"/>
 <node id="1483143151" visible="true" version="1" changeset="9673473" timestamp="2011-10-28T04:25:06Z" user="ianlopez1115" uid="44938" lat="14.2428160" lon="121.1258372"/>
 <node id="1483143152" visible="true" version="2" changeset="13501625" timestamp="2012-10-15T06:30:55Z" user="ianlopez1115" uid="44938" lat="14.2428732" lon="121.1312012"/>
 <node id="1483143154" visible="true" version="1" changeset="9673473" timestamp="2011-10-28T04:25:06Z" user="ianlopez1115" uid="44938" lat="14.2429643" lon="121.1276953"/>
 <node id="1483143155" visible="true" version="2" changeset="13501625" timestamp="2012-10-15T06:30:55Z" user="ianlopez1115" uid="44938" lat="14.2430196" lon="121.1326845"/>
 <node id="1483143156" visible="true" version="2" changeset="78354451" timestamp="2019-12-13T06:30:44Z" user="user_10425844" uid="10425844" lat="14.2429928" lon="121.1317642"/>
 <node id="1483143162" visible="true" version="1" changeset="9673473" timestamp="2011-10-28T04:25:07Z" user="ianlopez1115" uid="44938" lat="14.2432982" lon="121.1275932"/>
 <node id="1483143163" visible="true" version="2" changeset="13501625" timestamp="2012-10-15T06:30:55Z" user="ianlopez1115" uid="44938" lat="14.2437330" lon="121.1310476"/>
 <node id="1483143164" visible="true" version="1" changeset="9673473" timestamp="2011-10-28T04:25:07Z" user="ianlopez1115" uid="44938" lat="14.2437658" lon="121.1342575"/>
 <node id="1483143169" visible="true" version="2" changeset="13501625" timestamp="2012-10-15T06:30:55Z" user="ianlopez1115" uid="44938" lat="14.2438273" lon="121.1310132"/>
 <node id="1483143180" visible="true" version="1" changeset="9673473" timestamp="2011-10-28T04:25:07Z" user="ianlopez1115" uid="44938" lat="14.2438317" lon="121.1314070"/>
 <node id="1483143186" visible="true" version="1" changeset="9673473" timestamp="2011-10-28T04:25:07Z" user="ianlopez1115" uid="44938" lat="14.2439260" lon="121.1316802"/>
 <node id="1483143188" visible="true" version="1" changeset="9673473" timestamp="2011-10-28T04:25:07Z" user="ianlopez1115" uid="44938" lat="14.2439429" lon="121.1312992"/>
 <node id="1483143190" visible="true" version="1" changeset="9673473" timestamp="2011-10-28T04:25:07Z" user="ianlopez1115" uid="44938" lat="14.2439877" lon="121.1318828"/>
 <node id="1483143193" visible="true" version="2" changeset="13501625" timestamp="2012-10-15T06:30:55Z" user="ianlopez1115" uid="44938" lat="14.2440810" lon="121.1347981"/>
 <node id="1483143199" visible="true" version="1" changeset="9673473" timestamp="2011-10-28T04:25:07Z" user="ianlopez1115" uid="44938" lat="14.2441581" lon="121.1341588"/>
 <node id="1483143203" visible="true" version="6" changeset="136919798" timestamp="2023-06-04T03:15:05Z" user="TagaSanPedroAko" uid="2541613" lat="14.2442692" lon="121.1284844">
  <tag k="power" v="tower"/>
 </node>
 <node id="1483143210" visible="true" version="2" changeset="13501625" timestamp="2012-10-15T06:30:55Z" user="ianlopez1115" uid="44938" lat="14.2443186" lon="121.1354904"/>
 <node id="1483143213" visible="true" version="2" changeset="13501625" timestamp="2012-10-15T06:30:55Z" user="ianlopez1115" uid="44938" lat="14.2443446" lon="121.1347319"/>
 <node id="1483143215" visible="true" version="1" changeset="9673473" timestamp="2011-10-28T04:25:08Z" user="ianlopez1115" uid="44938" lat="14.2451993" lon="121.1342809"/>
 <node id="1483143217" visible="true" version="1" changeset="9673473" timestamp="2011-10-28T04:25:08Z" user="ianlopez1115" uid="44938" lat="14.2454136" lon="121.1314236"/>
 <node id="1483143218" visible="true" version="2" changeset="13501625" timestamp="2012-10-15T06:30:55Z" user="ianlopez1115" uid="44938" lat="14.2452647" lon="121.1344570"/>
 <node id="1483143219" visible="true" version="1" changeset="9673473" timestamp="2011-10-28T04:25:08Z" user="ianlopez1115" uid="44938" lat="14.2458702" lon="121.1329548"/>
 <node id="1483143220" visible="true" version="2" changeset="176885222" timestamp="2026-01-06T02:18:29Z" user="Randell23" uid="9267725" lat="14.2461384" lon="121.1338560"/>
 <node id="1483143222" visible="true" version="4" changeset="32042002" timestamp="2015-06-18T03:35:03Z" user="mbrustria" uid="2988191" lat="14.2462463" lon="121.1298089"/>
 <node id="1483143224" visible="true" version="4" changeset="32042002" timestamp="2015-06-18T03:35:03Z" user="mbrustria" uid="2988191" lat="14.2462989" lon="121.1300120"/>
 <node id="1483143226" visible="true" version="1" changeset="9673473" timestamp="2011-10-28T04:25:08Z" user="ianlopez1115" uid="44938" lat="14.2462799" lon="121.1345967"/>
 <node id="1483143228" visible="true" version="4" changeset="32042002" timestamp="2015-06-18T03:35:03Z" user="mbrustria" uid="2988191" lat="14.2463381" lon="121.1297836"/>
 <node id="1483143230" visible="true" version="3" changeset="177709690" timestamp="2026-01-26T08:16:32Z" user="Randell23" uid="9267725" lat="14.2462534" lon="121.1359260"/>
 <node id="1483143232" visible="true" version="4" changeset="32042002" timestamp="2015-06-18T03:35:03Z" user="mbrustria" uid="2988191" lat="14.2463908" lon="121.1299866"/>
 <node id="1483143234" visible="true" version="2" changeset="13501625" timestamp="2012-10-15T06:30:56Z" user="ianlopez1115" uid="44938" lat="14.2464547" lon="121.1339393"/>
 <node id="1483143236" visible="true" version="2" changeset="13501625" timestamp="2012-10-15T06:30:56Z" user="ianlopez1115" uid="44938" lat="14.2464902" lon="121.1340825"/>
 <node id="1483143242" visible="true" version="2" changeset="13501625" timestamp="2012-10-15T06:30:56Z" user="ianlopez1115" uid="44938" lat="14.2465101" lon="121.1339247"/>
 <node id="1483143244" visible="true" version="2" changeset="13501625" timestamp="2012-10-15T06:30:56Z" user="ianlopez1115" uid="44938" lat="14.2465455" lon="121.1340679"/>
 <node id="1483143246" visible="true" version="1" changeset="9673473" timestamp="2011-10-28T04:25:08Z" user="ianlopez1115" uid="44938" lat="14.2465357" lon="121.1300350"/>
 <node id="1483143247" visible="true" version="1" changeset="9673473" timestamp="2011-10-28T04:25:08Z" user="ianlopez1115" uid="44938" lat="14.2465437" lon="121.1349384"/>
 <node id="1483143248" visible="true" version="2" changeset="10717099" timestamp="2012-02-18T05:57:35Z" user="ianlopez1115" uid="44938" lat="14.2467818" lon="121.1241198"/>
 <node id="1483143249" visible="true" version="1" changeset="9673473" timestamp="2011-10-28T04:25:09Z" user="ianlopez1115" uid="44938" lat="14.2468089" lon="121.1299378"/>
 <node id="1483143250" visible="true" version="2" changeset="13501625" timestamp="2012-10-15T06:30:56Z" user="ianlopez1115" uid="44938" lat="14.2468412" lon="121.1307452"/>
 <node id="1483143256" visible="true" version="1" changeset="9673473" timestamp="2011-10-28T04:25:09Z" user="ianlopez1115" uid="44938" lat="14.2468639" lon="121.1351650"/>
 <node id="1483143258" visible="true" version="1" changeset="9673473" timestamp="2011-10-28T04:25:09Z" user="ianlopez1115" uid="44938" lat="14.2469408" lon="121.1304821"/>
 <node id="1483143260" visible="true" version="2" changeset="13501625" timestamp="2012-10-15T06:30:56Z" user="ianlopez1115" uid="44938" lat="14.2470478" lon="121.1316112"/>
 <node id="1483143262" visible="true" version="2" changeset="13501625" timestamp="2012-10-15T06:30:56Z" user="ianlopez1115" uid="44938" lat="14.2470930" lon="121.1311210"/>
 <node id="1483143264" visible="true" version="2" changeset="13501625" timestamp="2012-10-15T06:30:56Z" user="ianlopez1115" uid="44938" lat="14.2471349" lon="121.1355007"/>
 <node id="1483143266" visible="true" version="2" changeset="10717099" timestamp="2012-02-18T05:57:35Z" user="ianlopez1115" uid="44938" lat="14.2471871" lon="121.1246117"/>
 <node id="1483143268" visible="true" version="2" changeset="10717099" timestamp="2012-02-18T05:57:35Z" user="ianlopez1115" uid="44938" lat="14.2472349" lon="121.1246558"/>
 <node id="1483143276" visible="true" version="2" changeset="10717099" timestamp="2012-02-18T05:57:35Z" user="ianlopez1115" uid="44938" lat="14.2472905" lon="121.1257076"/>
 <node id="1483143278" visible="true" version="6" changeset="136919798" timestamp="2023-06-04T03:15:05Z" user="TagaSanPedroAko" uid="2541613" lat="14.2473116" lon="121.1270191">
  <tag k="power" v="tower"/>
 </node>
 <node id="1483143280" visible="true" version="2" changeset="13501625" timestamp="2012-10-15T06:30:56Z" user="ianlopez1115" uid="44938" lat="14.2472818" lon="121.1306079"/>
 <node id="1483143282" visible="true" version="1" changeset="9673473" timestamp="2011-10-28T04:25:09Z" user="ianlopez1115" uid="44938" lat="14.2472926" lon="121.1326530"/>
 <node id="1483143287" visible="true" version="2" changeset="13501625" timestamp="2012-10-15T06:30:57Z" user="ianlopez1115" uid="44938" lat="14.2473780" lon="121.1313297"/>
 <node id="1483143301" visible="true" version="2" changeset="13501625" timestamp="2012-10-15T06:30:57Z" user="ianlopez1115" uid="44938" lat="14.2473868" lon="121.1324273"/>
 <node id="1483143308" visible="true" version="2" changeset="13501625" timestamp="2012-10-15T06:30:57Z" user="ianlopez1115" uid="44938" lat="14.2474378" lon="121.1325002"/>
 <node id="1483143310" visible="true" version="1" changeset="9673473" timestamp="2011-10-28T04:25:10Z" user="ianlopez1115" uid="44938" lat="14.2474496" lon="121.1303525"/>
 <node id="1483143312" visible="true" version="2" changeset="13501625" timestamp="2012-10-15T06:30:57Z" user="ianlopez1115" uid="44938" lat="14.2474501" lon="121.1310797"/>
 <node id="1483143316" visible="true" version="2" changeset="13501625" timestamp="2012-10-15T06:30:57Z" user="ianlopez1115" uid="44938" lat="14.2474677" lon="121.1311549"/>
 <node id="1483143322" visible="true" version="2" changeset="13501625" timestamp="2012-10-15T06:30:57Z" user="ianlopez1115" uid="44938" lat="14.2474888" lon="121.1325083"/>
 <node id="1483143329" visible="true" version="2" changeset="10717099" timestamp="2012-02-18T05:57:35Z" user="ianlopez1115" uid="44938" lat="14.2476322" lon="121.1264180"/>
 <node id="1483143331" visible="true" version="2" changeset="10717099" timestamp="2012-02-18T05:57:35Z" user="ianlopez1115" uid="44938" lat="14.2476446" lon="121.1272755"/>
 <node id="1483143333" visible="true" version="2" changeset="13501625" timestamp="2012-10-15T06:30:57Z" user="ianlopez1115" uid="44938" lat="14.2477019" lon="121.1324474"/>
 <node id="1483143335" visible="true" version="2" changeset="13501625" timestamp="2012-10-15T06:30:57Z" user="ianlopez1115" uid="44938" lat="14.2477385" lon="121.1314162"/>
 <node id="1483143337" visible="true" version="2" changeset="10717099" timestamp="2012-02-18T05:57:35Z" user="ianlopez1115" uid="44938" lat="14.2478011" lon="121.1245199"/>
 <node id="1483143346" visible="true" version="2" changeset="10717099" timestamp="2012-02-18T05:57:35Z" user="ianlopez1115" uid="44938" lat="14.2478609" lon="121.1258038"/>
 <node id="1483143348" visible="true" version="2" changeset="10717099" timestamp="2012-02-18T05:57:36Z" user="ianlopez1115" uid="44938" lat="14.2479805" lon="121.1263344"/>
 <node id="1483143349" visible="true" version="2" changeset="10717099" timestamp="2012-02-18T05:57:36Z" user="ianlopez1115" uid="44938" lat="14.2480788" lon="121.1257515"/>
 <node id="1483143350" visible="true" version="2" changeset="85787927" timestamp="2020-05-26T19:00:02Z" user="TagaSanPedroAko" uid="2541613" lat="14.2480699" lon="121.1391118"/>
 <node id="1483143351" visible="true" version="2" changeset="10717099" timestamp="2012-02-18T05:57:36Z" user="ianlopez1115" uid="44938" lat="14.2481082" lon="121.1290759"/>
 <node id="1483143352" visible="true" version="1" changeset="9673473" timestamp="2011-10-28T04:25:10Z" user="ianlopez1115" uid="44938" lat="14.2481937" lon="121.1353118"/>
 <node id="1483143353" visible="true" version="2" changeset="10717099" timestamp="2012-02-18T05:57:36Z" user="ianlopez1115" uid="44938" lat="14.2483529" lon="121.1237013"/>
 <node id="1483143354" visible="true" version="1" changeset="9673473" timestamp="2011-10-28T04:25:11Z" user="ianlopez1115" uid="44938" lat="14.2483556" lon="121.1382937"/>
 <node id="1483143359" visible="true" version="2" changeset="85787927" timestamp="2020-05-26T19:00:02Z" user="TagaSanPedroAko" uid="2541613" lat="14.2485463" lon="121.1389024"/>
 <node id="1483143361" visible="true" version="1" changeset="9673473" timestamp="2011-10-28T04:25:11Z" user="ianlopez1115" uid="44938" lat="14.2485617" lon="121.1382178"/>
 <node id="1483143363" visible="true" version="3" changeset="78354186" timestamp="2019-12-13T06:20:16Z" user="user_10425844" uid="10425844" lat="14.2486655" lon="121.1218711"/>
 <node id="1483143365" visible="true" version="2" changeset="10717099" timestamp="2012-02-18T05:57:36Z" user="ianlopez1115" uid="44938" lat="14.2486942" lon="121.1289364"/>
 <node id="1483143367" visible="true" version="2" changeset="10717099" timestamp="2012-02-18T05:57:36Z" user="ianlopez1115" uid="44938" lat="14.2487799" lon="121.1285588"/>
 <node id="1483143369" visible="true" version="2" changeset="10717099" timestamp="2012-02-18T05:57:36Z" user="ianlopez1115" uid="44938" lat="14.2487799" lon="121.1293105"/>
 <node id="1483143371" visible="true" version="3" changeset="97362349" timestamp="2021-01-12T09:57:17Z" user="bunty_6" uid="8794031" lat="14.2487857" lon="121.1288381">
  <tag k="barrier" v="gate"/>
 </node>
 <node id="1483143377" visible="true" version="2" changeset="10717099" timestamp="2012-02-18T05:57:36Z" user="ianlopez1115" uid="44938" lat="14.2489810" lon="121.1292425"/>
 <node id="1483143383" visible="true" version="2" changeset="10717099" timestamp="2012-02-18T05:57:37Z" user="ianlopez1115" uid="44938" lat="14.2491015" lon="121.1235153"/>
 <node id="1483143512" visible="true" version="2" changeset="10717099" timestamp="2012-02-18T05:57:41Z" user="ianlopez1115" uid="44938" lat="14.2493734" lon="121.1283955"/>
 <node id="1483143514" visible="true" version="2" changeset="10717099" timestamp="2012-02-18T05:57:41Z" user="ianlopez1115" uid="44938" lat="14.2493742" lon="121.1234475"/>
 <node id="1483143518" visible="true" version="2" changeset="10717099" timestamp="2012-02-18T05:57:41Z" user="ianlopez1115" uid="44938" lat="14.2494645" lon="121.1287574"/>
 <node id="1483143521" visible="true" version="2" changeset="10717099" timestamp="2012-02-18T05:57:42Z" user="ianlopez1115" uid="44938" lat="14.2495308" lon="121.1246126"/>
 <node id="1483143536" visible="true" version="2" changeset="10717099" timestamp="2012-02-18T05:57:42Z" user="ianlopez1115" uid="44938" lat="14.2496887" lon="121.1351037"/>
 <node id="1483143541" visible="true" version="3" changeset="56219513" timestamp="2018-02-09T15:30:26Z" user="user_5690017" uid="5690017" lat="14.2496570" lon="121.1245765"/>
 <node id="1483143549" visible="true" version="3" changeset="78498620" timestamp="2019-12-17T02:14:14Z" user="user_10425844" uid="10425844" lat="14.2496632" lon="121.1317276"/>
 <node id="1483143599" visible="true" version="2" changeset="10717099" timestamp="2012-02-18T05:57:44Z" user="ianlopez1115" uid="44938" lat="14.2498759" lon="121.1286513"/>
 <node id="1483143605" visible="true" version="2" changeset="10717099" timestamp="2012-02-18T05:57:45Z" user="ianlopez1115" uid="44938" lat="14.2499277" lon="121.1326148"/>
 <node id="1483143607" visible="true" version="2" changeset="10717099" timestamp="2012-02-18T05:57:45Z" user="ianlopez1115" uid="44938" lat="14.2499498" lon="121.1290377"/>
 <node id="1483143608" visible="true" version="2" changeset="10717099" timestamp="2012-02-18T05:57:45Z" user="ianlopez1115" uid="44938" lat="14.2499676" lon="121.1286221"/>
 <node id="1483143609" visible="true" version="3" changeset="78498620" timestamp="2019-12-17T02:14:14Z" user="user_10425844" uid="10425844" lat="14.2499180" lon="121.1349109"/>
 <node id="1483143610" visible="true" version="2" changeset="10717099" timestamp="2012-02-18T05:57:45Z" user="ianlopez1115" uid="44938" lat="14.2499657" lon="121.1316538"/>
 <node id="1483143618" visible="true" version="2" changeset="10717099" timestamp="2012-02-18T05:57:45Z" user="ianlopez1115" uid="44938" lat="14.2500379" lon="121.1264074"/>
 <node id="1483143620" visible="true" version="2" changeset="10717099" timestamp="2012-02-18T05:57:45Z" user="ianlopez1115" uid="44938" lat="14.2500500" lon="121.1290132"/>
 <node id="1483143622" visible="true" version="2" changeset="10717099" timestamp="2012-02-18T05:57:45Z" user="ianlopez1115" uid="44938" lat="14.2500688" lon="121.1363588"/>
 <node id="1483143628" visible="true" version="2" changeset="10717099" timestamp="2012-02-18T05:57:45Z" user="ianlopez1115" uid="44938" lat="14.2503857" lon="121.1368099"/>
 <node id="1483143636" visible="true" version="3" changeset="78497614" timestamp="2019-12-17T01:43:07Z" user="user_10425844" uid="10425844" lat="14.2504992" lon="121.1284562"/>
 <node id="1483143645" visible="true" version="3" changeset="78497614" timestamp="2019-12-17T01:43:07Z" user="user_10425844" uid="10425844" lat="14.2505881" lon="121.1288777"/>
 <node id="1483143674" visible="true" version="2" changeset="10717099" timestamp="2012-02-18T05:57:47Z" user="ianlopez1115" uid="44938" lat="14.2508654" lon="121.1310982"/>
 <node id="1483143707" visible="true" version="2" changeset="10717099" timestamp="2012-02-18T05:57:48Z" user="ianlopez1115" uid="44938" lat="14.2510365" lon="121.1322095"/>
 <node id="1483143732" visible="true" version="2" changeset="10717099" timestamp="2012-02-18T05:57:49Z" user="ianlopez1115" uid="44938" lat="14.2512982" lon="121.1330694"/>
 <node id="1483143749" visible="true" version="2" changeset="10717099" timestamp="2012-02-18T05:57:50Z" user="ianlopez1115" uid="44938" lat="14.2515663" lon="121.1329947"/>
 <node id="1483143750" visible="true" version="2" changeset="10717099" timestamp="2012-02-18T05:57:50Z" user="ianlopez1115" uid="44938" lat="14.2516138" lon="121.1331662"/>
 <node id="1483143752" visible="true" version="2" changeset="10717099" timestamp="2012-02-18T05:57:50Z" user="ianlopez1115" uid="44938" lat="14.2517880" lon="121.1329883"/>
 <node id="1483143755" visible="true" version="2" changeset="10717099" timestamp="2012-02-18T05:57:50Z" user="ianlopez1115" uid="44938" lat="14.2517588" lon="121.1309544"/>
 <node id="1483143756" visible="true" version="2" changeset="10717099" timestamp="2012-02-18T05:57:50Z" user="ianlopez1115" uid="44938" lat="14.2518184" lon="121.1331155"/>
 <node id="1483143769" visible="true" version="3" changeset="78354186" timestamp="2019-12-13T06:20:16Z" user="user_10425844" uid="10425844" lat="14.2518124" lon="121.1293322"/>
 <node id="1483143771" visible="true" version="2" changeset="10717099" timestamp="2012-02-18T05:57:51Z" user="ianlopez1115" uid="44938" lat="14.2519317" lon="121.1346003"/>
 <node id="1483143775" visible="true" version="2" changeset="10717099" timestamp="2012-02-18T05:57:51Z" user="ianlopez1115" uid="44938" lat="14.2519426" lon="121.1318696"/>
 <node id="1483143786" visible="true" version="2" changeset="10717099" timestamp="2012-02-18T05:57:51Z" user="ianlopez1115" uid="44938" lat="14.2522825" lon="121.1328223"/>
 <node id="1483143791" visible="true" version="2" changeset="10717099" timestamp="2012-02-18T05:57:51Z" user="ianlopez1115" uid="44938" lat="14.2523597" lon="121.1362962"/>
 <node id="1483143793" visible="true" version="3" changeset="78513467" timestamp="2019-12-17T08:07:11Z" user="user_10425844" uid="10425844" lat="14.2524520" lon="121.1287904"/>
 <node id="1483143795" visible="true" version="2" changeset="10717099" timestamp="2012-02-18T05:57:52Z" user="ianlopez1115" uid="44938" lat="14.2524393" lon="121.1332809"/>
 <node id="1483143809" visible="true" version="3" changeset="13501625" timestamp="2012-10-15T06:30:57Z" user="ianlopez1115" uid="44938" lat="14.2524030" lon="121.1316999"/>
 <node id="1483143812" visible="true" version="3" changeset="78513467" timestamp="2019-12-17T08:07:11Z" user="user_10425844" uid="10425844" lat="14.2525262" lon="121.1292281"/>
 <node id="1483143842" visible="true" version="2" changeset="10717099" timestamp="2012-02-18T05:57:53Z" user="ianlopez1115" uid="44938" lat="14.2525641" lon="121.1373070"/>
 <node id="1483143857" visible="true" version="3" changeset="78498620" timestamp="2019-12-17T02:14:14Z" user="user_10425844" uid="10425844" lat="14.2525471" lon="121.1386705"/>
 <node id="1483143872" visible="true" version="2" changeset="10717099" timestamp="2012-02-18T05:57:54Z" user="ianlopez1115" uid="44938" lat="14.2526927" lon="121.1291877"/>
 <node id="1483143873" visible="true" version="3" changeset="81482053" timestamp="2020-02-26T04:25:58Z" user="ianlopez1115" uid="44938" lat="14.2527419" lon="121.1294039"/>
 <node id="1483143875" visible="true" version="2" changeset="10717099" timestamp="2012-02-18T05:57:54Z" user="ianlopez1115" uid="44938" lat="14.2527554" lon="121.1342996"/>
 <node id="1483143882" visible="true" version="3" changeset="78498620" timestamp="2019-12-17T02:14:14Z" user="user_10425844" uid="10425844" lat="14.2527404" lon="121.1389463"/>
 <node id="1483143883" visible="true" version="5" changeset="136919798" timestamp="2023-06-04T03:15:05Z" user="TagaSanPedroAko" uid="2541613" lat="14.2528946" lon="121.1242005">
  <tag k="power" v="tower"/>
 </node>
 <node id="1483143884" visible="true" version="2" changeset="10717099" timestamp="2012-02-18T05:57:54Z" user="ianlopez1115" uid="44938" lat="14.2529262" lon="121.1331567"/>
 <node id="1483143885" visible="true" version="3" changeset="78354186" timestamp="2019-12-13T06:20:16Z" user="user_10425844" uid="10425844" lat="14.2530937" lon="121.1309398"/>
 <node id="1483143886" visible="true" version="3" changeset="84061659" timestamp="2020-04-24T12:39:32Z" user="mapper03" uid="10698955" lat="14.2531529" lon="121.1399534"/>
 <node id="1483143887" visible="true" version="2" changeset="10717099" timestamp="2012-02-18T05:57:55Z" user="ianlopez1115" uid="44938" lat="14.2531735" lon="121.1359862"/>
 <node id="1483143888" visible="true" version="2" changeset="10717099" timestamp="2012-02-18T05:57:55Z" user="ianlopez1115" uid="44938" lat="14.2532314" lon="121.1314673"/>
 <node id="1483143890" visible="true" version="2" changeset="10717099" timestamp="2012-02-18T05:57:55Z" user="ianlopez1115" uid="44938" lat="14.2533115" lon="121.1341359"/>
 <node id="1483143898" visible="true" version="2" changeset="10717099" timestamp="2012-02-18T05:57:55Z" user="ianlopez1115" uid="44938" lat="14.2533347" lon="121.1327569"/>
 <node id="1483143902" visible="true" version="3" changeset="103776936" timestamp="2021-04-28T12:30:01Z" user="CaPass" uid="11890964" lat="14.2534285" lon="121.1415142"/>
 <node id="1483143904" visible="true" version="2" changeset="10717099" timestamp="2012-02-18T05:57:55Z" user="ianlopez1115" uid="44938" lat="14.2535815" lon="121.1337412"/>
 <node id="1483143906" visible="true" version="2" changeset="10717099" timestamp="2012-02-18T05:57:55Z" user="ianlopez1115" uid="44938" lat="14.2535582" lon="121.1386189"/>
 <node id="1483143908" visible="true" version="2" changeset="10717099" timestamp="2012-02-18T05:57:55Z" user="ianlopez1115" uid="44938" lat="14.2535969" lon="121.1387727"/>
 <node id="1483143912" visible="true" version="2" changeset="10717099" timestamp="2012-02-18T05:57:55Z" user="ianlopez1115" uid="44938" lat="14.2537177" lon="121.1337088"/>
 <node id="1483143914" visible="true" version="2" changeset="10717099" timestamp="2012-02-18T05:57:55Z" user="ianlopez1115" uid="44938" lat="14.2537486" lon="121.1340330"/>
 <node id="1483143916" visible="true" version="2" changeset="10717099" timestamp="2012-02-18T05:57:56Z" user="ianlopez1115" uid="44938" lat="14.2538711" lon="121.1386128"/>
 <node id="1483143945" visible="true" version="3" changeset="78913158" timestamp="2019-12-27T07:33:22Z" user="user_10425844" uid="10425844" lat="14.2539131" lon="121.1387245"/>
 <node id="1483143983" visible="true" version="2" changeset="10717099" timestamp="2012-02-18T05:57:58Z" user="ianlopez1115" uid="44938" lat="14.2540677" lon="121.1324597"/>
 <node id="1483143999" visible="true" version="2" changeset="10717099" timestamp="2012-02-18T05:57:58Z" user="ianlopez1115" uid="44938" lat="14.2542677" lon="121.1335115"/>
 <node id="1483144001" visible="true" version="2" changeset="10717099" timestamp="2012-02-18T05:57:59Z" user="ianlopez1115" uid="44938" lat="14.2542715" lon="121.1311993"/>
 <node id="1483144005" visible="true" version="3" changeset="84061659" timestamp="2020-04-24T12:39:32Z" user="mapper03" uid="10698955" lat="14.2543517" lon="121.1396431"/>
 <node id="1483144008" visible="true" version="2" changeset="10717099" timestamp="2012-02-18T05:57:59Z" user="ianlopez1115" uid="44938" lat="14.2545295" lon="121.1335369"/>
 <node id="1483144017" visible="true" version="2" changeset="10717099" timestamp="2012-02-18T05:57:59Z" user="ianlopez1115" uid="44938" lat="14.2546031" lon="121.1338239"/>
 <node id="1483144062" visible="true" version="2" changeset="10717099" timestamp="2012-02-18T05:58:00Z" user="ianlopez1115" uid="44938" lat="14.2553603" lon="121.1309067"/>
 <node id="1483144064" visible="true" version="2" changeset="10717099" timestamp="2012-02-18T05:58:01Z" user="ianlopez1115" uid="44938" lat="14.2553640" lon="121.1336382"/>
 <node id="1483144087" visible="true" version="2" changeset="10717099" timestamp="2012-02-18T05:58:01Z" user="ianlopez1115" uid="44938" lat="14.2555685" lon="121.1343557"/>
 <node id="1483144102" visible="true" version="2" changeset="10717099" timestamp="2012-02-18T05:58:01Z" user="ianlopez1115" uid="44938" lat="14.2559419" lon="121.1329926"/>
 <node id="1483144131" visible="true" version="2" changeset="10717099" timestamp="2012-02-18T05:58:02Z" user="ianlopez1115" uid="44938" lat="14.2563111" lon="121.1340784"/>
 <node id="1483243371" visible="true" version="5" changeset="136919798" timestamp="2023-06-04T03:15:05Z" user="TagaSanPedroAko" uid="2541613" lat="14.2500887" lon="121.1256543">
  <tag k="power" v="tower"/>
 </node>
 <node id="1483243498" visible="true" version="5" changeset="136919798" timestamp="2023-06-04T03:15:05Z" user="TagaSanPedroAko" uid="2541613" lat="14.2555719" lon="121.1229667">
  <tag k="power" v="tower"/>
 </node>
 <node id="1483243518" visible="true" version="4" changeset="136919798" timestamp="2023-06-04T03:15:05Z" user="TagaSanPedroAko" uid="2541613" lat="14.2582413" lon="121.1215728">
  <tag k="power" v="tower"/>
 </node>
 <node id="1483243578" visible="true" version="3" changeset="13501625" timestamp="2012-10-15T06:31:00Z" user="ianlopez1115" uid="44938" lat="14.2607097" lon="121.1276529"/>
 <node id="1483243603" visible="true" version="4" changeset="136919798" timestamp="2023-06-04T03:15:05Z" user="TagaSanPedroAko" uid="2541613" lat="14.2610267" lon="121.1202038">
  <tag k="power" v="tower"/>
 </node>
 <node id="1483243664" visible="true" version="4" changeset="136919798" timestamp="2023-06-04T03:15:05Z" user="TagaSanPedroAko" uid="2541613" lat="14.2638212" lon="121.1188303">
  <tag k="power" v="tower"/>
 </node>
 <node id="1483243677" visible="true" version="4" changeset="112441505" timestamp="2021-10-13T04:46:48Z" user="DP24PH" uid="5752740" lat="14.2656972" lon="121.1270256"/>
 <node id="1483243694" visible="true" version="4" changeset="136919798" timestamp="2023-06-04T03:15:05Z" user="TagaSanPedroAko" uid="2541613" lat="14.2666825" lon="121.1174068">
  <tag k="power" v="tower"/>
 </node>
 <node id="1483243714" visible="true" version="4" changeset="136919798" timestamp="2023-06-04T03:15:05Z" user="TagaSanPedroAko" uid="2541613" lat="14.2696800" lon="121.1159528">
  <tag k="power" v="tower"/>
 </node>
 <node id="1483243727" visible="true" version="4" changeset="136919798" timestamp="2023-06-04T03:15:05Z" user="TagaSanPedroAko" uid="2541613" lat="14.2719690" lon="121.1147776">
  <tag k="power" v="tower"/>
 </node>
 <node id="1483243738" visible="true" version="4" changeset="136919798" timestamp="2023-06-04T03:15:05Z" user="TagaSanPedroAko" uid="2541613" lat="14.2741515" lon="121.1136597">
  <tag k="power" v="tower"/>
 </node>
 <node id="1483243784" visible="true" version="4" changeset="136919798" timestamp="2023-06-04T03:15:05Z" user="TagaSanPedroAko" uid="2541613" lat="14.2769219" lon="121.1121274">
  <tag k="power" v="tower"/>
 </node>
 <node id="1483243811" visible="true" version="4" changeset="136919798" timestamp="2023-06-04T03:15:05Z" user="TagaSanPedroAko" uid="2541613" lat="14.2791233" lon="121.1108443">
  <tag k="power" v="tower"/>
 </node>
 <node id="1483243827" visible="true" version="4" changeset="136919798" timestamp="2023-06-04T03:15:05Z" user="TagaSanPedroAko" uid="2541613" lat="14.2817060" lon="121.1093787">
  <tag k="power" v="tower"/>
 </node>
 <node id="1483243828" visible="true" version="4" changeset="136919798" timestamp="2023-06-04T03:15:05Z" user="TagaSanPedroAko" uid="2541613" lat="14.2844530" lon="121.1078217">
  <tag k="power" v="tower"/>
 </node>
 <node id="1483243843" visible="true" version="4" changeset="136919798" timestamp="2023-06-04T03:15:05Z" user="TagaSanPedroAko" uid="2541613" lat="14.2875605" lon="121.1060552">
  <tag k="power" v="tower"/>
 </node>
 <node id="1483243873" visible="true" version="4" changeset="136919798" timestamp="2023-06-04T03:15:05Z" user="TagaSanPedroAko" uid="2541613" lat="14.2904352" lon="121.1043995">
  <tag k="power" v="tower"/>
 </node>
 <node id="1483243874" visible="true" version="6" changeset="136920106" timestamp="2023-06-04T03:33:34Z" user="TagaSanPedroAko" uid="2541613" lat="14.2938182" lon="121.1026216">
  <tag k="power" v="tower"/>
 </node>
 <node id="1489356854" visible="true" version="5" changeset="136919798" timestamp="2023-06-04T03:15:05Z" user="TagaSanPedroAko" uid="2541613" lat="14.2120602" lon="121.1417992">
  <tag k="power" v="tower"/>
 </node>
 <node id="1562121791" visible="true" version="4" changeset="136920106" timestamp="2023-06-04T03:33:34Z" user="TagaSanPedroAko" uid="2541613" lat="14.3111951" lon="121.0903998">
  <tag k="power" v="tower"/>
  <tag k="source" v="Bing"/>
 </node>
 <node id="1562121837" visible="true" version="4" changeset="136920106" timestamp="2023-06-04T03:33:34Z" user="TagaSanPedroAko" uid="2541613" lat="14.3136341" lon="121.0885724">
  <tag k="power" v="tower"/>
  <tag k="source" v="Bing"/>
 </node>
 <node id="1562121902" visible="true" version="4" changeset="136920106" timestamp="2023-06-04T03:33:34Z" user="TagaSanPedroAko" uid="2541613" lat="14.3158410" lon="121.0869189">
  <tag k="power" v="tower"/>
  <tag k="source" v="Bing"/>
 </node>
 <node id="1562122122" visible="true" version="4" changeset="136920106" timestamp="2023-06-04T03:33:34Z" user="TagaSanPedroAko" uid="2541613" lat="14.3185278" lon="121.0849058">
  <tag k="power" v="tower"/>
  <tag k="source" v="Bing"/>
 </node>
 <node id="1562122284" visible="true" version="4" changeset="136920106" timestamp="2023-06-04T03:33:34Z" user="TagaSanPedroAko" uid="2541613" lat="14.3212219" lon="121.0828872">
  <tag k="power" v="tower"/>
  <tag k="source" v="Bing"/>
 </node>
 <node id="1562122335" visible="true" version="4" changeset="136920106" timestamp="2023-06-04T03:33:34Z" user="TagaSanPedroAko" uid="2541613" lat="14.3242638" lon="121.0806080">
  <tag k="power" v="tower"/>
  <tag k="source" v="Bing"/>
 </node>
 <node id="1562122343" visible="true" version="4" changeset="136920106" timestamp="2023-06-04T03:33:34Z" user="TagaSanPedroAko" uid="2541613" lat="14.3270754" lon="121.0785013">
  <tag k="power" v="tower"/>
  <tag k="source" v="Bing"/>
 </node>
 <node id="1562122349" visible="true" version="5" changeset="136920106" timestamp="2023-06-04T03:33:34Z" user="TagaSanPedroAko" uid="2541613" lat="14.3296605" lon="121.0764405">
  <tag k="power" v="tower"/>
  <tag k="source" v="Bing"/>
 </node>
 <node id="1562129390" visible="true" version="5" changeset="136920106" timestamp="2023-06-04T03:33:34Z" user="TagaSanPedroAko" uid="2541613" lat="14.2948473" lon="121.1019977">
  <tag k="power" v="tower"/>
  <tag k="source" v="Bing"/>
 </node>
 <node id="1562129391" visible="true" version="4" changeset="136920106" timestamp="2023-06-04T03:33:34Z" user="TagaSanPedroAko" uid="2541613" lat="14.2963915" lon="121.1010356">
  <tag k="power" v="tower"/>
  <tag k="source" v="Bing"/>
 </node>
 <node id="1562129392" visible="true" version="4" changeset="136920106" timestamp="2023-06-04T03:33:34Z" user="TagaSanPedroAko" uid="2541613" lat="14.2989848" lon="121.0995745">
  <tag k="power" v="tower"/>
  <tag k="source" v="Bing"/>
 </node>
 <node id="1562129393" visible="true" version="4" changeset="136920106" timestamp="2023-06-04T03:33:34Z" user="TagaSanPedroAko" uid="2541613" lat="14.3013198" lon="121.0978211">
  <tag k="power" v="tower"/>
  <tag k="source" v="Bing"/>
 </node>
 <node id="1562129394" visible="true" version="4" changeset="136920106" timestamp="2023-06-04T03:33:34Z" user="TagaSanPedroAko" uid="2541613" lat="14.3038830" lon="121.0958924">
  <tag k="power" v="tower"/>
  <tag k="source" v="Bing"/>
 </node>
 <node id="1562129395" visible="true" version="4" changeset="136920106" timestamp="2023-06-04T03:33:34Z" user="TagaSanPedroAko" uid="2541613" lat="14.3062962" lon="121.0940714">
  <tag k="power" v="tower"/>
  <tag k="source" v="Bing"/>
 </node>
 <node id="1562129396" visible="true" version="4" changeset="136920106" timestamp="2023-06-04T03:33:34Z" user="TagaSanPedroAko" uid="2541613" lat="14.3085757" lon="121.0923587">
  <tag k="power" v="tower"/>
  <tag k="source" v="Bing"/>
 </node>
 <node id="1564817610" visible="true" version="4" changeset="136919798" timestamp="2023-06-04T03:15:05Z" user="TagaSanPedroAko" uid="2541613" lat="14.2246475" lon="121.1367795">
  <tag k="power" v="tower"/>
 </node>
 <node id="1564817611" visible="true" version="4" changeset="136919798" timestamp="2023-06-04T03:15:05Z" user="TagaSanPedroAko" uid="2541613" lat="14.2281100" lon="121.1354019">
  <tag k="power" v="tower"/>
 </node>
 <node id="1564817612" visible="true" version="4" changeset="136919798" timestamp="2023-06-04T03:15:05Z" user="TagaSanPedroAko" uid="2541613" lat="14.2319933" lon="121.1338569">
  <tag k="power" v="tower"/>
 </node>
 <node id="1564817613" visible="true" version="4" changeset="136919798" timestamp="2023-06-04T03:15:05Z" user="TagaSanPedroAko" uid="2541613" lat="14.2354274" lon="121.1325081">
  <tag k="power" v="tower"/>
 </node>
 <node id="1589205084" visible="true" version="1" changeset="10385249" timestamp="2012-01-14T08:15:02Z" user="ianlopez1115" uid="44938" lat="14.2432308" lon="121.1148663"/>
 <node id="1589205097" visible="true" version="2" changeset="22578489" timestamp="2014-05-27T09:13:21Z" user="ianlopez1115" uid="44938" lat="14.2437442" lon="121.1168942"/>
 <node id="1589205114" visible="true" version="2" changeset="22578489" timestamp="2014-05-27T09:13:21Z" user="ianlopez1115" uid="44938" lat="14.2446899" lon="121.1165468"/>
 <node id="1589205115" visible="true" version="2" changeset="22578489" timestamp="2014-05-27T09:13:21Z" user="ianlopez1115" uid="44938" lat="14.2447627" lon="121.1168078"/>
 <node id="1637371307" visible="true" version="1" changeset="10717099" timestamp="2012-02-18T05:56:11Z" user="ianlopez1115" uid="44938" lat="14.2452859" lon="121.1204084"/>
 <node id="1637371308" visible="true" version="2" changeset="22544150" timestamp="2014-05-25T14:28:38Z" user="ianlopez1115" uid="44938" lat="14.2453554" lon="121.1215514"/>
 <node id="1637371310" visible="true" version="1" changeset="10717099" timestamp="2012-02-18T05:56:11Z" user="ianlopez1115" uid="44938" lat="14.2454604" lon="121.1215148"/>
 <node id="1637371311" visible="true" version="1" changeset="10717099" timestamp="2012-02-18T05:56:11Z" user="ianlopez1115" uid="44938" lat="14.2455174" lon="121.1216553"/>
 <node id="1637371313" visible="true" version="3" changeset="58896494" timestamp="2018-05-12T07:48:13Z" user="user_5690017" uid="5690017" lat="14.2457131" lon="121.1202785"/>
 <node id="1637371315" visible="true" version="1" changeset="10717099" timestamp="2012-02-18T05:56:11Z" user="ianlopez1115" uid="44938" lat="14.2460434" lon="121.1218705"/>
 <node id="1637371316" visible="true" version="1" changeset="10717099" timestamp="2012-02-18T05:56:11Z" user="ianlopez1115" uid="44938" lat="14.2463838" lon="121.1218968"/>
 <node id="1637371319" visible="true" version="1" changeset="10717099" timestamp="2012-02-18T05:56:12Z" user="ianlopez1115" uid="44938" lat="14.2467626" lon="121.1218002"/>
 <node id="1637371320" visible="true" version="1" changeset="10717099" timestamp="2012-02-18T05:56:12Z" user="ianlopez1115" uid="44938" lat="14.2469328" lon="121.1218266"/>
 <node id="1637371323" visible="true" version="1" changeset="10717099" timestamp="2012-02-18T05:56:12Z" user="ianlopez1115" uid="44938" lat="14.2474180" lon="121.1220549"/>
 <node id="1637371324" visible="true" version="1" changeset="10717099" timestamp="2012-02-18T05:56:12Z" user="ianlopez1115" uid="44938" lat="14.2479252" lon="121.1295735"/>
 <node id="1637371331" visible="true" version="1" changeset="10717099" timestamp="2012-02-18T05:56:12Z" user="ianlopez1115" uid="44938" lat="14.2485713" lon="121.1218793"/>
 <node id="1637371332" visible="true" version="1" changeset="10717099" timestamp="2012-02-18T05:56:12Z" user="ianlopez1115" uid="44938" lat="14.2498212" lon="121.1357180"/>
 <node id="1908112313" visible="true" version="4" changeset="136919798" timestamp="2023-06-04T03:15:05Z" user="TagaSanPedroAko" uid="2541613" lat="14.2059485" lon="121.1415568">
  <tag k="power" v="tower"/>
  <tag k="source" v="Bing"/>
 </node>
 <node id="1966259726" visible="true" version="1" changeset="13501625" timestamp="2012-10-15T06:28:49Z" user="ianlopez1115" uid="44938" lat="14.2396875" lon="121.1263569"/>
 <node id="1966259750" visible="true" version="2" changeset="97364744" timestamp="2021-01-12T10:27:50Z" user="bunty_6" uid="8794031" lat="14.2408205" lon="121.1261960"/>
 <node id="1966259752" visible="true" version="1" changeset="13501625" timestamp="2012-10-15T06:28:50Z" user="ianlopez1115" uid="44938" lat="14.2408494" lon="121.1259892"/>
 <node id="1966259754" visible="true" version="2" changeset="97364744" timestamp="2021-01-12T10:27:50Z" user="bunty_6" uid="8794031" lat="14.2409103" lon="121.1264296"/>
 <node id="1966259755" visible="true" version="2" changeset="51865824" timestamp="2017-09-08T22:24:44Z" user="user_5690017" uid="5690017" lat="14.2408970" lon="121.1300823"/>
 <node id="1966259757" visible="true" version="2" changeset="97364744" timestamp="2021-01-12T10:27:50Z" user="bunty_6" uid="8794031" lat="14.2409882" lon="121.1266426"/>
 <node id="1966259758" visible="true" version="3" changeset="97414679" timestamp="2021-01-13T06:22:45Z" user="bunty_6" uid="8794031" lat="14.2410543" lon="121.1268375"/>
 <node id="1966259760" visible="true" version="3" changeset="97414679" timestamp="2021-01-13T06:22:45Z" user="bunty_6" uid="8794031" lat="14.2411303" lon="121.1270436"/>
 <node id="1966259762" visible="true" version="3" changeset="97414679" timestamp="2021-01-13T06:22:45Z" user="bunty_6" uid="8794031" lat="14.2412217" lon="121.1272642"/>
 <node id="1966259763" visible="true" version="3" changeset="97414679" timestamp="2021-01-13T06:22:45Z" user="bunty_6" uid="8794031" lat="14.2413088" lon="121.1274687"/>
 <node id="1966259764" visible="true" version="2" changeset="97364744" timestamp="2021-01-12T10:27:50Z" user="bunty_6" uid="8794031" lat="14.2414071" lon="121.1277150"/>
 <node id="1966259765" visible="true" version="1" changeset="13501625" timestamp="2012-10-15T06:28:51Z" user="ianlopez1115" uid="44938" lat="14.2414762" lon="121.1278923"/>
 <node id="1966259766" visible="true" version="1" changeset="13501625" timestamp="2012-10-15T06:28:51Z" user="ianlopez1115" uid="44938" lat="14.2415508" lon="121.1280867"/>
 <node id="1966259767" visible="true" version="2" changeset="97364744" timestamp="2021-01-12T10:27:50Z" user="bunty_6" uid="8794031" lat="14.2416407" lon="121.1283489"/>
 <node id="1966259768" visible="true" version="1" changeset="13501625" timestamp="2012-10-15T06:28:51Z" user="ianlopez1115" uid="44938" lat="14.2417203" lon="121.1285287"/>
 <node id="1966259769" visible="true" version="2" changeset="97364744" timestamp="2021-01-12T10:27:50Z" user="bunty_6" uid="8794031" lat="14.2418094" lon="121.1287603"/>
 <node id="1966259770" visible="true" version="1" changeset="13501625" timestamp="2012-10-15T06:28:51Z" user="ianlopez1115" uid="44938" lat="14.2418823" lon="121.1289509"/>
 <node id="1966259771" visible="true" version="1" changeset="13501625" timestamp="2012-10-15T06:28:51Z" user="ianlopez1115" uid="44938" lat="14.2419608" lon="121.1291555"/>
 <node id="1966259772" visible="true" version="1" changeset="13501625" timestamp="2012-10-15T06:28:51Z" user="ianlopez1115" uid="44938" lat="14.2420480" lon="121.1311209"/>
 <node id="1966259773" visible="true" version="2" changeset="117927301" timestamp="2022-02-28T03:09:57Z" user="GrabPHJoshua" uid="10044745" lat="14.2420612" lon="121.1294173">
  <tag k="access" v="destination"/>
  <tag k="barrier" v="gate"/>
 </node>
 <node id="1966259775" visible="true" version="1" changeset="13501625" timestamp="2012-10-15T06:28:51Z" user="ianlopez1115" uid="44938" lat="14.2421873" lon="121.1322544"/>
 <node id="1966259776" visible="true" version="1" changeset="13501625" timestamp="2012-10-15T06:28:51Z" user="ianlopez1115" uid="44938" lat="14.2421960" lon="121.1294571"/>
 <node id="1966259777" visible="true" version="1" changeset="13501625" timestamp="2012-10-15T06:28:51Z" user="ianlopez1115" uid="44938" lat="14.2421968" lon="121.1314595"/>
 <node id="1966259778" visible="true" version="2" changeset="80827940" timestamp="2020-02-11T05:26:10Z" user="Tris_AnneD" uid="10682657" lat="14.2423200" lon="121.1326696"/>
 <node id="1966259779" visible="true" version="1" changeset="13501625" timestamp="2012-10-15T06:28:51Z" user="ianlopez1115" uid="44938" lat="14.2424739" lon="121.1321624"/>
 <node id="1966259780" visible="true" version="2" changeset="80827940" timestamp="2020-02-11T05:26:10Z" user="Tris_AnneD" uid="10682657" lat="14.2425972" lon="121.1325740"/>
 <node id="1966259782" visible="true" version="3" changeset="156077642" timestamp="2024-09-02T03:04:26Z" user="Swedishcanal" uid="18064906" lat="14.2428724" lon="121.1313031"/>
 <node id="1966259793" visible="true" version="2" changeset="21994736" timestamp="2014-04-28T07:13:20Z" user="ianlopez1115" uid="44938" lat="14.2436499" lon="121.1314031"/>
 <node id="1966259794" visible="true" version="2" changeset="21994736" timestamp="2014-04-28T07:13:20Z" user="ianlopez1115" uid="44938" lat="14.2436949" lon="121.1311024"/>
 <node id="1966259796" visible="true" version="2" changeset="21994736" timestamp="2014-04-28T07:13:20Z" user="ianlopez1115" uid="44938" lat="14.2437807" lon="121.1313559"/>
 <node id="1966259828" visible="true" version="1" changeset="13501625" timestamp="2012-10-15T06:28:53Z" user="ianlopez1115" uid="44938" lat="14.2449116" lon="121.1281968"/>
 <node id="1966259839" visible="true" version="1" changeset="13501625" timestamp="2012-10-15T06:28:54Z" user="ianlopez1115" uid="44938" lat="14.2452622" lon="121.1295135"/>
 <node id="1966259848" visible="true" version="1" changeset="13501625" timestamp="2012-10-15T06:28:54Z" user="ianlopez1115" uid="44938" lat="14.2455291" lon="121.1343784"/>
 <node id="1966259857" visible="true" version="1" changeset="13501625" timestamp="2012-10-15T06:28:54Z" user="ianlopez1115" uid="44938" lat="14.2458180" lon="121.1278845"/>
 <node id="1966259859" visible="true" version="1" changeset="13501625" timestamp="2012-10-15T06:28:54Z" user="ianlopez1115" uid="44938" lat="14.2458901" lon="121.1290806"/>
 <node id="1966259861" visible="true" version="1" changeset="13501625" timestamp="2012-10-15T06:28:54Z" user="ianlopez1115" uid="44938" lat="14.2459221" lon="121.1293317"/>
 <node id="1966259869" visible="true" version="1" changeset="13501625" timestamp="2012-10-15T06:28:55Z" user="ianlopez1115" uid="44938" lat="14.2461335" lon="121.1290409"/>
 <node id="1966259880" visible="true" version="1" changeset="13501625" timestamp="2012-10-15T06:28:55Z" user="ianlopez1115" uid="44938" lat="14.2465636" lon="121.1339637"/>
 <node id="1966259886" visible="true" version="1" changeset="13501625" timestamp="2012-10-15T06:28:55Z" user="ianlopez1115" uid="44938" lat="14.2467662" lon="121.1348939"/>
 <node id="1966259887" visible="true" version="1" changeset="13501625" timestamp="2012-10-15T06:28:56Z" user="ianlopez1115" uid="44938" lat="14.2467884" lon="121.1308000"/>
 <node id="1966259891" visible="true" version="1" changeset="13501625" timestamp="2012-10-15T06:28:56Z" user="ianlopez1115" uid="44938" lat="14.2470924" lon="121.1351533"/>
 <node id="1966259899" visible="true" version="1" changeset="13501625" timestamp="2012-10-15T06:28:56Z" user="ianlopez1115" uid="44938" lat="14.2478730" lon="121.1314017">
  <tag k="noexit" v="yes"/>
 </node>
 <node id="1966259901" visible="true" version="1" changeset="13501625" timestamp="2012-10-15T06:28:56Z" user="ianlopez1115" uid="44938" lat="14.2478873" lon="121.1315241"/>
 <node id="1966259902" visible="true" version="1" changeset="13501625" timestamp="2012-10-15T06:28:56Z" user="ianlopez1115" uid="44938" lat="14.2479270" lon="121.1318611"/>
 <node id="1966259903" visible="true" version="1" changeset="13501625" timestamp="2012-10-15T06:28:56Z" user="ianlopez1115" uid="44938" lat="14.2479641" lon="121.1331754">
  <tag k="noexit" v="yes"/>
 </node>
 <node id="1966259904" visible="true" version="1" changeset="13501625" timestamp="2012-10-15T06:28:56Z" user="ianlopez1115" uid="44938" lat="14.2479650" lon="121.1321844"/>
 <node id="1966259905" visible="true" version="2" changeset="78498620" timestamp="2019-12-17T02:14:14Z" user="user_10425844" uid="10425844" lat="14.2479344" lon="121.1305087"/>
 <node id="1966259906" visible="true" version="1" changeset="13501625" timestamp="2012-10-15T06:28:56Z" user="ianlopez1115" uid="44938" lat="14.2480373" lon="121.1306231">
  <tag k="noexit" v="yes"/>
 </node>
 <node id="1966259907" visible="true" version="1" changeset="13501625" timestamp="2012-10-15T06:28:56Z" user="ianlopez1115" uid="44938" lat="14.2480800" lon="121.1331623"/>
 <node id="1966259908" visible="true" version="1" changeset="13501625" timestamp="2012-10-15T06:28:56Z" user="ianlopez1115" uid="44938" lat="14.2481577" lon="121.1305847"/>
 <node id="1966259909" visible="true" version="2" changeset="78498620" timestamp="2019-12-17T02:14:14Z" user="user_10425844" uid="10425844" lat="14.2481772" lon="121.1312795"/>
 <node id="1966259910" visible="true" version="1" changeset="13501625" timestamp="2012-10-15T06:28:56Z" user="ianlopez1115" uid="44938" lat="14.2482492" lon="121.1308868"/>
 <node id="1966259911" visible="true" version="1" changeset="13501625" timestamp="2012-10-15T06:28:57Z" user="ianlopez1115" uid="44938" lat="14.2482597" lon="121.1321058"/>
 <node id="1966259912" visible="true" version="1" changeset="13501625" timestamp="2012-10-15T06:28:57Z" user="ianlopez1115" uid="44938" lat="14.2482660" lon="121.1347447"/>
 <node id="1966259913" visible="true" version="1" changeset="13501625" timestamp="2012-10-15T06:28:57Z" user="ianlopez1115" uid="44938" lat="14.2483418" lon="121.1311924"/>
 <node id="1966259914" visible="true" version="1" changeset="13501625" timestamp="2012-10-15T06:28:57Z" user="ianlopez1115" uid="44938" lat="14.2483450" lon="121.1328317"/>
 <node id="1966259916" visible="true" version="1" changeset="13501625" timestamp="2012-10-15T06:28:57Z" user="ianlopez1115" uid="44938" lat="14.2483646" lon="121.1324995"/>
 <node id="1966259917" visible="true" version="1" changeset="13501625" timestamp="2012-10-15T06:28:57Z" user="ianlopez1115" uid="44938" lat="14.2483756" lon="121.1326428"/>
 <node id="1966259918" visible="true" version="1" changeset="13501625" timestamp="2012-10-15T06:28:57Z" user="ianlopez1115" uid="44938" lat="14.2483798" lon="121.1331284"/>
 <node id="1966259920" visible="true" version="1" changeset="13501625" timestamp="2012-10-15T06:28:57Z" user="ianlopez1115" uid="44938" lat="14.2484000" lon="121.1313847"/>
 <node id="1966259921" visible="true" version="1" changeset="13501625" timestamp="2012-10-15T06:28:57Z" user="ianlopez1115" uid="44938" lat="14.2484130" lon="121.1321988"/>
 <node id="1966259922" visible="true" version="1" changeset="13501625" timestamp="2012-10-15T06:28:57Z" user="ianlopez1115" uid="44938" lat="14.2484199" lon="121.1334695"/>
 <node id="1966259923" visible="true" version="1" changeset="13501625" timestamp="2012-10-15T06:28:57Z" user="ianlopez1115" uid="44938" lat="14.2484268" lon="121.1322712"/>
 <node id="1966259925" visible="true" version="1" changeset="13501625" timestamp="2012-10-15T06:28:57Z" user="ianlopez1115" uid="44938" lat="14.2484528" lon="121.1363328"/>
 <node id="1966259926" visible="true" version="1" changeset="13501625" timestamp="2012-10-15T06:28:57Z" user="ianlopez1115" uid="44938" lat="14.2484550" lon="121.1337678"/>
 <node id="1966259927" visible="true" version="1" changeset="13501625" timestamp="2012-10-15T06:28:57Z" user="ianlopez1115" uid="44938" lat="14.2484564" lon="121.1323149"/>
 <node id="1966259929" visible="true" version="1" changeset="13501625" timestamp="2012-10-15T06:28:57Z" user="ianlopez1115" uid="44938" lat="14.2484806" lon="121.1324706"/>
 <node id="1966259931" visible="true" version="1" changeset="13501625" timestamp="2012-10-15T06:28:58Z" user="ianlopez1115" uid="44938" lat="14.2484924" lon="121.1340865"/>
 <node id="1966259932" visible="true" version="1" changeset="13501625" timestamp="2012-10-15T06:28:58Z" user="ianlopez1115" uid="44938" lat="14.2484937" lon="121.1324890"/>
 <node id="1966259933" visible="true" version="1" changeset="13501625" timestamp="2012-10-15T06:28:58Z" user="ianlopez1115" uid="44938" lat="14.2485047" lon="121.1326322"/>
 <node id="1966259936" visible="true" version="1" changeset="13501625" timestamp="2012-10-15T06:28:58Z" user="ianlopez1115" uid="44938" lat="14.2485282" lon="121.1343913"/>
 <node id="1966259938" visible="true" version="1" changeset="13501625" timestamp="2012-10-15T06:28:58Z" user="ianlopez1115" uid="44938" lat="14.2485657" lon="121.1347098"/>
 <node id="1966259939" visible="true" version="1" changeset="13501625" timestamp="2012-10-15T06:28:58Z" user="ianlopez1115" uid="44938" lat="14.2485869" lon="121.1307731"/>
 <node id="1966259940" visible="true" version="1" changeset="13501625" timestamp="2012-10-15T06:28:58Z" user="ianlopez1115" uid="44938" lat="14.2485888" lon="121.1307094"/>
 <node id="1966259941" visible="true" version="1" changeset="13501625" timestamp="2012-10-15T06:28:58Z" user="ianlopez1115" uid="44938" lat="14.2485891" lon="121.1312216">
  <tag k="man_made" v="water_tower"/>
  <tag k="source" v="Bing"/>
 </node>
 <node id="1966259942" visible="true" version="1" changeset="13501625" timestamp="2012-10-15T06:28:58Z" user="ianlopez1115" uid="44938" lat="14.2485964" lon="121.1321614"/>
 <node id="1966259943" visible="true" version="1" changeset="13501625" timestamp="2012-10-15T06:28:58Z" user="ianlopez1115" uid="44938" lat="14.2486013" lon="121.1350302"/>
 <node id="1966259944" visible="true" version="1" changeset="13501625" timestamp="2012-10-15T06:28:58Z" user="ianlopez1115" uid="44938" lat="14.2486096" lon="121.1308086"/>
 <node id="1966259945" visible="true" version="1" changeset="13501625" timestamp="2012-10-15T06:28:58Z" user="ianlopez1115" uid="44938" lat="14.2486103" lon="121.1322338"/>
 <node id="1966259946" visible="true" version="2" changeset="125796367" timestamp="2022-09-05T05:41:04Z" user="CubangoRiver" uid="15526612" lat="14.2485676" lon="121.1304644"/>
 <node id="1966259947" visible="true" version="2" changeset="125796367" timestamp="2022-09-05T05:41:04Z" user="CubangoRiver" uid="15526612" lat="14.2486288" lon="121.1306754"/>
 <node id="1966259948" visible="true" version="1" changeset="13501625" timestamp="2012-10-15T06:28:58Z" user="ianlopez1115" uid="44938" lat="14.2486376" lon="121.1353558"/>
 <node id="1966259949" visible="true" version="1" changeset="13501625" timestamp="2012-10-15T06:28:59Z" user="ianlopez1115" uid="44938" lat="14.2486398" lon="121.1322845"/>
 <node id="1966259950" visible="true" version="1" changeset="13501625" timestamp="2012-10-15T06:28:59Z" user="ianlopez1115" uid="44938" lat="14.2486493" lon="121.1308298"/>
 <node id="1966259951" visible="true" version="1" changeset="13501625" timestamp="2012-10-15T06:28:59Z" user="ianlopez1115" uid="44938" lat="14.2486559" lon="121.1380392"/>
 <node id="1966259952" visible="true" version="1" changeset="13501625" timestamp="2012-10-15T06:28:59Z" user="ianlopez1115" uid="44938" lat="14.2486641" lon="121.1324402"/>
 <node id="1966259953" visible="true" version="1" changeset="13501625" timestamp="2012-10-15T06:28:59Z" user="ianlopez1115" uid="44938" lat="14.2486674" lon="121.1381356">
  <tag k="noexit" v="yes"/>
 </node>
 <node id="1966259954" visible="true" version="1" changeset="13501625" timestamp="2012-10-15T06:28:59Z" user="ianlopez1115" uid="44938" lat="14.2486705" lon="121.1356506"/>
 <node id="1966259955" visible="true" version="1" changeset="13501625" timestamp="2012-10-15T06:28:59Z" user="ianlopez1115" uid="44938" lat="14.2486786" lon="121.1302357"/>
 <node id="1966259956" visible="true" version="2" changeset="125796367" timestamp="2022-09-05T05:41:04Z" user="CubangoRiver" uid="15526612" lat="14.2486642" lon="121.1306576"/>
 <node id="1966259957" visible="true" version="1" changeset="13501625" timestamp="2012-10-15T06:28:59Z" user="ianlopez1115" uid="44938" lat="14.2487005" lon="121.1319881"/>
 <node id="1966259958" visible="true" version="1" changeset="13501625" timestamp="2012-10-15T06:28:59Z" user="ianlopez1115" uid="44938" lat="14.2487069" lon="121.1359778"/>
 <node id="1966259959" visible="true" version="1" changeset="13501625" timestamp="2012-10-15T06:28:59Z" user="ianlopez1115" uid="44938" lat="14.2487122" lon="121.1308187"/>
 <node id="1966259960" visible="true" version="1" changeset="13501625" timestamp="2012-10-15T06:28:59Z" user="ianlopez1115" uid="44938" lat="14.2487260" lon="121.1304033">
  <tag k="noexit" v="yes"/>
 </node>
 <node id="1966259961" visible="true" version="1" changeset="13501625" timestamp="2012-10-15T06:28:59Z" user="ianlopez1115" uid="44938" lat="14.2487376" lon="121.1307938"/>
 <node id="1966259962" visible="true" version="1" changeset="13501625" timestamp="2012-10-15T06:28:59Z" user="ianlopez1115" uid="44938" lat="14.2487519" lon="121.1362950"/>
 <node id="1966259963" visible="true" version="1" changeset="13501625" timestamp="2012-10-15T06:28:59Z" user="ianlopez1115" uid="44938" lat="14.2488279" lon="121.1310234"/>
 <node id="1966259964" visible="true" version="1" changeset="13501625" timestamp="2012-10-15T06:28:59Z" user="ianlopez1115" uid="44938" lat="14.2488402" lon="121.1299595"/>
 <node id="1966259967" visible="true" version="1" changeset="13501625" timestamp="2012-10-15T06:28:59Z" user="ianlopez1115" uid="44938" lat="14.2488868" lon="121.1312524"/>
 <node id="1966259968" visible="true" version="1" changeset="13501625" timestamp="2012-10-15T06:28:59Z" user="ianlopez1115" uid="44938" lat="14.2489058" lon="121.1327636"/>
 <node id="1966259969" visible="true" version="1" changeset="13501625" timestamp="2012-10-15T06:29:00Z" user="ianlopez1115" uid="44938" lat="14.2489124" lon="121.1307711"/>
 <node id="1966259970" visible="true" version="1" changeset="13501625" timestamp="2012-10-15T06:29:00Z" user="ianlopez1115" uid="44938" lat="14.2489502" lon="121.1315866"/>
 <node id="1966259971" visible="true" version="1" changeset="13501625" timestamp="2012-10-15T06:29:00Z" user="ianlopez1115" uid="44938" lat="14.2489533" lon="121.1379377"/>
 <node id="1966259972" visible="true" version="2" changeset="97362349" timestamp="2021-01-12T09:57:17Z" user="bunty_6" uid="8794031" lat="14.2490114" lon="121.1318819"/>
 <node id="1966259973" visible="true" version="2" changeset="97362349" timestamp="2021-01-12T09:57:17Z" user="bunty_6" uid="8794031" lat="14.2490482" lon="121.1318619"/>
 <node id="1966259975" visible="true" version="2" changeset="97362349" timestamp="2021-01-12T09:57:17Z" user="bunty_6" uid="8794031" lat="14.2490809" lon="121.1319493"/>
 <node id="1966259976" visible="true" version="1" changeset="13501625" timestamp="2012-10-15T06:29:00Z" user="ianlopez1115" uid="44938" lat="14.2490803" lon="121.1308990"/>
 <node id="1966259977" visible="true" version="1" changeset="13501625" timestamp="2012-10-15T06:29:00Z" user="ianlopez1115" uid="44938" lat="14.2490933" lon="121.1314211"/>
 <node id="1966259979" visible="true" version="2" changeset="125565976" timestamp="2022-08-30T11:59:12Z" user="WaipioValley" uid="16782631" lat="14.2491017" lon="121.1318428">
  <tag k="barrier" v="lift_gate"/>
 </node>
 <node id="1966259981" visible="true" version="1" changeset="13501625" timestamp="2012-10-15T06:29:00Z" user="ianlopez1115" uid="44938" lat="14.2491262" lon="121.1319386">
  <tag k="barrier" v="lift_gate"/>
 </node>
 <node id="1966259984" visible="true" version="1" changeset="13501625" timestamp="2012-10-15T06:29:00Z" user="ianlopez1115" uid="44938" lat="14.2491690" lon="121.1325658"/>
 <node id="1966259986" visible="true" version="1" changeset="13501625" timestamp="2012-10-15T06:29:00Z" user="ianlopez1115" uid="44938" lat="14.2491871" lon="121.1327294"/>
 <node id="1966259987" visible="true" version="3" changeset="125565976" timestamp="2022-08-30T11:59:12Z" user="WaipioValley" uid="16782631" lat="14.2492000" lon="121.1318157"/>
 <node id="1966259988" visible="true" version="1" changeset="13501625" timestamp="2012-10-15T06:29:00Z" user="ianlopez1115" uid="44938" lat="14.2492225" lon="121.1330330"/>
 <node id="1966259989" visible="true" version="1" changeset="13501625" timestamp="2012-10-15T06:29:00Z" user="ianlopez1115" uid="44938" lat="14.2492279" lon="121.1339960"/>
 <node id="1966259991" visible="true" version="2" changeset="78498620" timestamp="2019-12-17T02:14:14Z" user="user_10425844" uid="10425844" lat="14.2492202" lon="121.1319186"/>
 <node id="1966259992" visible="true" version="1" changeset="13501625" timestamp="2012-10-15T06:29:01Z" user="ianlopez1115" uid="44938" lat="14.2492437" lon="121.1336735"/>
 <node id="1966259993" visible="true" version="1" changeset="13501625" timestamp="2012-10-15T06:29:01Z" user="ianlopez1115" uid="44938" lat="14.2492596" lon="121.1333510"/>
 <node id="1966259995" visible="true" version="1" changeset="13501625" timestamp="2012-10-15T06:29:01Z" user="ianlopez1115" uid="44938" lat="14.2492981" lon="121.1342919"/>
 <node id="1966259999" visible="true" version="1" changeset="13501625" timestamp="2012-10-15T06:29:01Z" user="ianlopez1115" uid="44938" lat="14.2493749" lon="121.1346154"/>
 <node id="1966260001" visible="true" version="1" changeset="13501625" timestamp="2012-10-15T06:29:01Z" user="ianlopez1115" uid="44938" lat="14.2493901" lon="121.1339112"/>
 <node id="1966260003" visible="true" version="1" changeset="13501625" timestamp="2012-10-15T06:29:01Z" user="ianlopez1115" uid="44938" lat="14.2494285" lon="121.1330850"/>
 <node id="1966260004" visible="true" version="1" changeset="13501625" timestamp="2012-10-15T06:29:01Z" user="ianlopez1115" uid="44938" lat="14.2494431" lon="121.1349327"/>
 <node id="1966260005" visible="true" version="1" changeset="13501625" timestamp="2012-10-15T06:29:01Z" user="ianlopez1115" uid="44938" lat="14.2494830" lon="121.1378210"/>
 <node id="1966260006" visible="true" version="1" changeset="13501625" timestamp="2012-10-15T06:29:01Z" user="ianlopez1115" uid="44938" lat="14.2494990" lon="121.1372823"/>
 <node id="1966260007" visible="true" version="2" changeset="78498620" timestamp="2019-12-17T02:14:14Z" user="user_10425844" uid="10425844" lat="14.2494942" lon="121.1308021"/>
 <node id="1966260008" visible="true" version="1" changeset="13501625" timestamp="2012-10-15T06:29:01Z" user="ianlopez1115" uid="44938" lat="14.2495112" lon="121.1352495"/>
 <node id="1966260009" visible="true" version="1" changeset="13501625" timestamp="2012-10-15T06:29:01Z" user="ianlopez1115" uid="44938" lat="14.2495731" lon="121.1355375"/>
 <node id="1966260010" visible="true" version="1" changeset="13501625" timestamp="2012-10-15T06:29:01Z" user="ianlopez1115" uid="44938" lat="14.2495882" lon="121.1297204"/>
 <node id="1966260011" visible="true" version="1" changeset="13501625" timestamp="2012-10-15T06:29:01Z" user="ianlopez1115" uid="44938" lat="14.2495887" lon="121.1375269"/>
 <node id="1966260012" visible="true" version="1" changeset="13501625" timestamp="2012-10-15T06:29:01Z" user="ianlopez1115" uid="44938" lat="14.2496446" lon="121.1358703"/>
 <node id="1966260013" visible="true" version="1" changeset="13501625" timestamp="2012-10-15T06:29:01Z" user="ianlopez1115" uid="44938" lat="14.2498052" lon="121.1361567"/>
 <node id="1966260014" visible="true" version="1" changeset="13501625" timestamp="2012-10-15T06:29:01Z" user="ianlopez1115" uid="44938" lat="14.2499582" lon="121.1364297"/>
 <node id="1966260015" visible="true" version="1" changeset="13501625" timestamp="2012-10-15T06:29:01Z" user="ianlopez1115" uid="44938" lat="14.2501197" lon="121.1367177"/>
 <node id="1966260016" visible="true" version="1" changeset="13501625" timestamp="2012-10-15T06:29:02Z" user="ianlopez1115" uid="44938" lat="14.2501792" lon="121.1368238">
  <tag k="noexit" v="yes"/>
 </node>
 <node id="1966260017" visible="true" version="2" changeset="78354186" timestamp="2019-12-13T06:20:16Z" user="user_10425844" uid="10425844" lat="14.2503332" lon="121.1299951"/>
 <node id="1966260018" visible="true" version="1" changeset="13501625" timestamp="2012-10-15T06:29:02Z" user="ianlopez1115" uid="44938" lat="14.2504884" lon="121.1306359"/>
 <node id="1966260019" visible="true" version="1" changeset="13501625" timestamp="2012-10-15T06:29:02Z" user="ianlopez1115" uid="44938" lat="14.2507574" lon="121.1305764"/>
 <node id="1966260026" visible="true" version="1" changeset="13501625" timestamp="2012-10-15T06:29:02Z" user="ianlopez1115" uid="44938" lat="14.2627400" lon="121.1274311"/>
 <node id="1966260029" visible="true" version="1" changeset="13501625" timestamp="2012-10-15T06:29:02Z" user="ianlopez1115" uid="44938" lat="14.2627577" lon="121.1274286"/>
 <node id="1968539274" visible="true" version="7" changeset="136919798" timestamp="2023-06-04T03:15:05Z" user="TagaSanPedroAko" uid="2541613" lat="14.2194573" lon="121.1388449">
  <tag k="power" v="tower"/>
  <tag k="source" v="Bing"/>
 </node>
 <node id="2106590849" visible="true" version="3" changeset="32041491" timestamp="2015-06-18T02:14:30Z" user="mbrustria" uid="2988191" lat="14.2458183" lon="121.1275860"/>
 <node id="2110631552" visible="true" version="3" changeset="32041491" timestamp="2015-06-18T02:14:30Z" user="mbrustria" uid="2988191" lat="14.2445701" lon="121.1234867"/>
 <node id="2110684829" visible="true" version="3" changeset="21994736" timestamp="2014-04-28T07:13:20Z" user="ianlopez1115" uid="44938" lat="14.2436270" lon="121.1311268">
  <tag k="entrance" v="main"/>
 </node>
 <node id="2120956729" visible="true" version="2" changeset="69164223" timestamp="2019-04-12T21:28:53Z" user="piligab" uid="3877019" lat="14.2404351" lon="121.1322901"/>
 <node id="2317018205" visible="true" version="3" changeset="98501853" timestamp="2021-02-01T10:20:43Z" user="guri_kar" uid="11585578" lat="14.2421764" lon="121.1160573"/>
 <node id="2326996719" visible="true" version="4" changeset="134446867" timestamp="2023-04-03T09:54:29Z" user="ianlopez1115" uid="44938" lat="14.2424785" lon="121.1170574"/>
 <node id="2364392448" visible="true" version="1" changeset="16739555" timestamp="2013-06-28T13:24:16Z" user="ianlopez1115" uid="44938" lat="14.2415814" lon="121.1262276"/>
 <node id="2933754343" visible="true" version="1" changeset="23169868" timestamp="2014-06-26T05:03:08Z" user="ianlopez1115" uid="44938" lat="14.2446047" lon="121.1241077"/>
 <node id="3237907323" visible="true" version="4" changeset="136919798" timestamp="2023-06-04T03:15:05Z" user="TagaSanPedroAko" uid="2541613" lat="14.2751474" lon="121.1130607">
  <tag k="power" v="tower"/>
 </node>
 <node id="3302171971" visible="true" version="3" changeset="52462412" timestamp="2017-09-29T00:56:03Z" user="user_5690017" uid="5690017" lat="14.2422927" lon="121.1311696">
  <tag k="name" v="Robinson Supermarket"/>
  <tag k="shop" v="supermarket"/>
 </node>
 <node id="3333295079" visible="true" version="2" changeset="69164223" timestamp="2019-04-12T21:28:53Z" user="piligab" uid="3877019" lat="14.2508688" lon="121.1289052"/>
 <node id="3333295082" visible="true" version="2" changeset="69164223" timestamp="2019-04-12T21:28:53Z" user="piligab" uid="3877019" lat="14.2515005" lon="121.1288281"/>
 <node id="3333295083" visible="true" version="2" changeset="114934660" timestamp="2021-12-14T18:17:02Z" user="justin0206" uid="11399710" lat="14.2502978" lon="121.1281630"/>
 <node id="3333295089" visible="true" version="2" changeset="114934660" timestamp="2021-12-14T18:17:02Z" user="justin0206" uid="11399710" lat="14.2503493" lon="121.1283851"/>
 <node id="3425095816" visible="true" version="5" changeset="136920106" timestamp="2023-06-04T03:33:34Z" user="TagaSanPedroAko" uid="2541613" lat="14.3073074" lon="121.0932919">
  <tag k="design" v="three-level"/>
  <tag k="material" v="steel"/>
  <tag k="operator" v="National Power Corporation"/>
  <tag k="power" v="tower"/>
  <tag k="structure" v="lattice"/>
 </node>
 <node id="3595918376" visible="true" version="1" changeset="31977739" timestamp="2015-06-15T08:08:55Z" user="mbrustria" uid="2988191" lat="14.2428299" lon="121.1303632"/>
 <node id="3595918377" visible="true" version="1" changeset="31977739" timestamp="2015-06-15T08:08:55Z" user="mbrustria" uid="2988191" lat="14.2428824" lon="121.1305161"/>
 <node id="3595918378" visible="true" version="1" changeset="31977739" timestamp="2015-06-15T08:08:55Z" user="mbrustria" uid="2988191" lat="14.2429004" lon="121.1287719"/>
 <node id="3595918379" visible="true" version="1" changeset="31977739" timestamp="2015-06-15T08:08:55Z" user="mbrustria" uid="2988191" lat="14.2429117" lon="121.1288445"/>
 <node id="3595918380" visible="true" version="1" changeset="31977739" timestamp="2015-06-15T08:08:55Z" user="mbrustria" uid="2988191" lat="14.2429653" lon="121.1303137"/>
 <node id="3595918381" visible="true" version="1" changeset="31977739" timestamp="2015-06-15T08:08:55Z" user="mbrustria" uid="2988191" lat="14.2429908" lon="121.1288896"/>
 <node id="3595918382" visible="true" version="1" changeset="31977739" timestamp="2015-06-15T08:08:55Z" user="mbrustria" uid="2988191" lat="14.2429934" lon="121.1287496"/>
 <node id="3595918383" visible="true" version="1" changeset="31977739" timestamp="2015-06-15T08:08:55Z" user="mbrustria" uid="2988191" lat="14.2430178" lon="121.1304667"/>
 <node id="3595918384" visible="true" version="1" changeset="31977739" timestamp="2015-06-15T08:08:55Z" user="mbrustria" uid="2988191" lat="14.2430237" lon="121.1288811"/>
 <node id="3595918385" visible="true" version="1" changeset="31977739" timestamp="2015-06-15T08:08:55Z" user="mbrustria" uid="2988191" lat="14.2430371" lon="121.1288370"/>
 <node id="3595918386" visible="true" version="1" changeset="31977739" timestamp="2015-06-15T08:08:55Z" user="mbrustria" uid="2988191" lat="14.2430587" lon="121.1289245"/>
 <node id="3595918387" visible="true" version="1" changeset="31977739" timestamp="2015-06-15T08:08:55Z" user="mbrustria" uid="2988191" lat="14.2431275" lon="121.1288132"/>
 <node id="3595918388" visible="true" version="1" changeset="31977739" timestamp="2015-06-15T08:08:55Z" user="mbrustria" uid="2988191" lat="14.2431491" lon="121.1289007"/>
 <node id="3595918389" visible="true" version="1" changeset="31977739" timestamp="2015-06-15T08:08:55Z" user="mbrustria" uid="2988191" lat="14.2438568" lon="121.1308411"/>
 <node id="3601539806" visible="true" version="10" changeset="115138743" timestamp="2021-12-19T20:30:13Z" user="Yamílo" uid="11332999" lat="14.2463254" lon="121.1297529">
  <tag k="addr:city" v="Cabuyao"/>
  <tag k="addr:postcode" v="4025"/>
  <tag k="addr:street" v="Pulo-Diezmo Road"/>
  <tag k="branch" v="Cabuyao 4"/>
  <tag k="brand" v="7-Eleven"/>
  <tag k="brand:wikidata" v="Q259340"/>
  <tag k="brand:wikipedia" v="en:7-Eleven"/>
  <tag k="brand:wikipedia:es" v="7-Eleven"/>
  <tag k="name" v="7-Eleven"/>
  <tag k="name:ar" v="7-إلفن"/>
  <tag k="name:en" v="7-Eleven"/>
  <tag k="name:es" v="7-Eleven"/>
  <tag k="opening_hours" v="24/7"/>
  <tag k="payment:cash" v="yes"/>
  <tag k="ref:branch" v="1092"/>
  <tag k="shop" v="convenience"/>
  <tag k="wheelchair" v="no"/>
 </node>
 <node id="3601559415" visible="true" version="3" changeset="32042195" timestamp="2015-06-18T03:57:01Z" user="mbrustria" uid="2988191" lat="14.2460679" lon="121.1291354"/>
 <node id="3601559416" visible="true" version="4" changeset="32042002" timestamp="2015-06-18T03:35:03Z" user="mbrustria" uid="2988191" lat="14.2461944" lon="121.1296156"/>
 <node id="3601559417" visible="true" version="3" changeset="32042195" timestamp="2015-06-18T03:57:01Z" user="mbrustria" uid="2988191" lat="14.2461016" lon="121.1292688"/>
 <node id="3601559418" visible="true" version="4" changeset="32042002" timestamp="2015-06-18T03:35:03Z" user="mbrustria" uid="2988191" lat="14.2462338" lon="121.1298012"/>
 <node id="3601559419" visible="true" version="3" changeset="32042195" timestamp="2015-06-18T03:57:01Z" user="mbrustria" uid="2988191" lat="14.2461548" lon="121.1291120"/>
 <node id="3601559420" visible="true" version="3" changeset="32042195" timestamp="2015-06-18T03:57:01Z" user="mbrustria" uid="2988191" lat="14.2461885" lon="121.1292454"/>
 <node id="3601559421" visible="true" version="4" changeset="32042002" timestamp="2015-06-18T03:35:03Z" user="mbrustria" uid="2988191" lat="14.2463032" lon="121.1295910"/>
 <node id="3601559422" visible="true" version="4" changeset="32042002" timestamp="2015-06-18T03:35:03Z" user="mbrustria" uid="2988191" lat="14.2463426" lon="121.1297766"/>
 <node id="3601575311" visible="true" version="1" changeset="32041615" timestamp="2015-06-18T02:54:40Z" user="mbrustria" uid="2988191" lat="14.2466395" lon="121.1294201"/>
 <node id="3601575312" visible="true" version="1" changeset="32041615" timestamp="2015-06-18T02:54:40Z" user="mbrustria" uid="2988191" lat="14.2466704" lon="121.1294954"/>
 <node id="3601575313" visible="true" version="1" changeset="32041615" timestamp="2015-06-18T02:54:40Z" user="mbrustria" uid="2988191" lat="14.2466894" lon="121.1293982"/>
 <node id="3601575314" visible="true" version="1" changeset="32041615" timestamp="2015-06-18T02:54:40Z" user="mbrustria" uid="2988191" lat="14.2467203" lon="121.1294736"/>
 <node id="3601592213" visible="true" version="2" changeset="97408044" timestamp="2021-01-13T04:37:09Z" user="bunty_6" uid="8794031" lat="14.2456740" lon="121.1281898"/>
 <node id="3601592214" visible="true" version="2" changeset="97408044" timestamp="2021-01-13T04:37:09Z" user="bunty_6" uid="8794031" lat="14.2457208" lon="121.1283630"/>
 <node id="3601592215" visible="true" version="2" changeset="97408044" timestamp="2021-01-13T04:37:09Z" user="bunty_6" uid="8794031" lat="14.2457967" lon="121.1281546"/>
 <node id="3601592216" visible="true" version="2" changeset="97408044" timestamp="2021-01-13T04:37:09Z" user="bunty_6" uid="8794031" lat="14.2458435" lon="121.1283277"/>
 <node id="3601646695" visible="true" version="1" changeset="32042002" timestamp="2015-06-18T03:35:03Z" user="mbrustria" uid="2988191" lat="14.2466817" lon="121.1294464">
  <tag k="name" v="Uling Roasters"/>
  <tag k="opening_hours" v="08:30-12:30,15:30-20:00"/>
  <tag k="shop" v="kiosk"/>
  <tag k="wheelchair" v="no"/>
 </node>
 <node id="3601652374" visible="true" version="2" changeset="97408044" timestamp="2021-01-13T04:37:09Z" user="bunty_6" uid="8794031" lat="14.2457998" lon="121.1281365"/>
 <node id="3601652375" visible="true" version="2" changeset="97408044" timestamp="2021-01-13T04:37:09Z" user="bunty_6" uid="8794031" lat="14.2458508" lon="121.1283250"/>
 <node id="3601652376" visible="true" version="2" changeset="97408044" timestamp="2021-01-13T04:37:09Z" user="bunty_6" uid="8794031" lat="14.2459371" lon="121.1280970"/>
 <node id="3601652377" visible="true" version="2" changeset="97408044" timestamp="2021-01-13T04:37:09Z" user="bunty_6" uid="8794031" lat="14.2459881" lon="121.1282855"/>
 <node id="3602006837" visible="true" version="1" changeset="32045042" timestamp="2015-06-18T07:46:08Z" user="mbrustria" uid="2988191" lat="14.2457254" lon="121.1282709">
  <tag k="is_in:city" v="Cabuyao"/>
  <tag k="is_in:place" v="Pulo Diezmo"/>
  <tag k="is_in:town" v="Laguna"/>
  <tag k="is_in:village" v="Realica Village"/>
  <tag k="name" v="Quality Treat Laundry Shop"/>
  <tag k="shop" v="laundry"/>
 </node>
 <node id="3602008603" visible="true" version="1" changeset="32045096" timestamp="2015-06-18T07:49:54Z" user="mbrustria" uid="2988191" lat="14.2457021" lon="121.1281878">
  <tag k="name" v="Esrher's Store"/>
  <tag k="opening_hours" v="08:30-12:30,15:30-20:00"/>
  <tag k="shop" v="convenience"/>
  <tag k="wheelchair" v="no"/>
 </node>
 <node id="3602045547" visible="true" version="1" changeset="32045513" timestamp="2015-06-18T08:14:38Z" user="mbrustria" uid="2988191" lat="14.2455743" lon="121.1279704"/>
 <node id="3602045548" visible="true" version="1" changeset="32045513" timestamp="2015-06-18T08:14:38Z" user="mbrustria" uid="2988191" lat="14.2456097" lon="121.1280841"/>
 <node id="3602045549" visible="true" version="1" changeset="32045513" timestamp="2015-06-18T08:14:38Z" user="mbrustria" uid="2988191" lat="14.2456611" lon="121.1279416"/>
 <node id="3602045550" visible="true" version="1" changeset="32045513" timestamp="2015-06-18T08:14:38Z" user="mbrustria" uid="2988191" lat="14.2456636" lon="121.1279408"/>
 <node id="3602045551" visible="true" version="1" changeset="32045513" timestamp="2015-06-18T08:14:38Z" user="mbrustria" uid="2988191" lat="14.2456990" lon="121.1280545"/>
 <node id="3602045552" visible="true" version="1" changeset="32045513" timestamp="2015-06-18T08:14:39Z" user="mbrustria" uid="2988191" lat="14.2458102" lon="121.1278882"/>
 <node id="3602045553" visible="true" version="1" changeset="32045513" timestamp="2015-06-18T08:14:39Z" user="mbrustria" uid="2988191" lat="14.2458481" lon="121.1280011"/>
 <node id="3604200823" visible="true" version="3" changeset="150850207" timestamp="2024-05-03T17:55:54Z" user="wheelmap_visitor" uid="290680" lat="14.2462286" lon="121.1293571">
  <tag k="name" v="Fruit Stand"/>
  <tag k="opening_hours" v="08:30-12:30,15:30-20:00"/>
  <tag k="organic" v="yes"/>
  <tag k="shop" v="farm"/>
  <tag k="wheelchair" v="yes"/>
 </node>
 <node id="3604200824" visible="true" version="1" changeset="32064826" timestamp="2015-06-19T02:14:20Z" user="mbrustria" uid="2988191" lat="14.2462111" lon="121.1296337">
  <tag k="shop" v="hairdresser"/>
 </node>
 <node id="3604200825" visible="true" version="1" changeset="32064826" timestamp="2015-06-19T02:14:20Z" user="mbrustria" uid="2988191" lat="14.2462899" lon="121.1296122">
  <tag k="shop" v="variety_store"/>
 </node>
 <node id="3604200826" visible="true" version="2" changeset="32065076" timestamp="2015-06-19T02:47:55Z" user="mbrustria" uid="2988191" lat="14.2462997" lon="121.1296450">
  <tag k="shop" v="boutique"/>
 </node>
 <node id="3604200827" visible="true" version="1" changeset="32064826" timestamp="2015-06-19T02:14:20Z" user="mbrustria" uid="2988191" lat="14.2463085" lon="121.1296800">
  <tag k="shop" v="clothes"/>
 </node>
 <node id="3604200828" visible="true" version="1" changeset="32064826" timestamp="2015-06-19T02:14:20Z" user="mbrustria" uid="2988191" lat="14.2463183" lon="121.1297217">
  <tag k="shop" v="boutique"/>
 </node>
 <node id="3604209975" visible="true" version="1" changeset="32064953" timestamp="2015-06-19T02:32:37Z" user="mbrustria" uid="2988191" lat="14.2462563" lon="121.1299887">
  <tag k="name" v="Fruit Stand"/>
  <tag k="shop" v="farm"/>
 </node>
 <node id="3604209976" visible="true" version="2" changeset="32064985" timestamp="2015-06-19T02:36:43Z" user="mbrustria" uid="2988191" lat="14.2462161" lon="121.1293006">
  <tag k="name" v="Julie's Bakery"/>
  <tag k="shop" v="bakery"/>
 </node>
 <node id="3604218598" visible="true" version="1" changeset="32064928" timestamp="2015-06-19T02:27:43Z" user="mbrustria" uid="2988191" lat="14.2456476" lon="121.1280183">
  <tag k="shop" v="variety_store"/>
 </node>
 <node id="3604236168" visible="true" version="1" changeset="32064985" timestamp="2015-06-19T02:36:43Z" user="mbrustria" uid="2988191" lat="14.2461635" lon="121.1292352">
  <tag k="name" v="Food Stand"/>
  <tag k="shop" v="convenience"/>
 </node>
 <node id="4082782916" visible="true" version="3" changeset="52469499" timestamp="2017-09-29T09:20:49Z" user="user_5690017" uid="5690017" lat="14.2466152" lon="121.1296978">
  <tag k="amenity" v="fast_food"/>
  <tag k="name" v="Jollibee"/>
 </node>
 <node id="4088123159" visible="true" version="3" changeset="136919798" timestamp="2023-06-04T03:15:05Z" user="TagaSanPedroAko" uid="2541613" lat="14.2027165" lon="121.1413832">
  <tag k="power" v="tower"/>
  <tag k="source" v="Bing"/>
 </node>
 <node id="4338034859" visible="true" version="1" changeset="41282380" timestamp="2016-08-06T06:45:35Z" user="dandel" uid="1706809" lat="14.2419933" lon="121.1311853"/>
 <node id="4338034860" visible="true" version="1" changeset="41282380" timestamp="2016-08-06T06:45:35Z" user="dandel" uid="1706809" lat="14.2419367" lon="121.1312101"/>
 <node id="4338034861" visible="true" version="1" changeset="41282380" timestamp="2016-08-06T06:45:35Z" user="dandel" uid="1706809" lat="14.2419658" lon="121.1312807"/>
 <node id="4338034862" visible="true" version="1" changeset="41282380" timestamp="2016-08-06T06:45:35Z" user="dandel" uid="1706809" lat="14.2420224" lon="121.1312558"/>
 <node id="4338049091" visible="true" version="1" changeset="41282459" timestamp="2016-08-06T06:54:29Z" user="dandel" uid="1706809" lat="14.2421298" lon="121.1321737"/>
 <node id="4338049092" visible="true" version="1" changeset="41282459" timestamp="2016-08-06T06:54:29Z" user="dandel" uid="1706809" lat="14.2420588" lon="121.1321986"/>
 <node id="4338049093" visible="true" version="1" changeset="41282459" timestamp="2016-08-06T06:54:29Z" user="dandel" uid="1706809" lat="14.2421246" lon="121.1323991"/>
 <node id="4338049094" visible="true" version="1" changeset="41282459" timestamp="2016-08-06T06:54:29Z" user="dandel" uid="1706809" lat="14.2421956" lon="121.1323743"/>
 <node id="4338049095" visible="true" version="1" changeset="41282459" timestamp="2016-08-06T06:54:29Z" user="dandel" uid="1706809" lat="14.2421988" lon="121.1323865"/>
 <node id="4338049096" visible="true" version="1" changeset="41282459" timestamp="2016-08-06T06:54:29Z" user="dandel" uid="1706809" lat="14.2421351" lon="121.1324095"/>
 <node id="4338049097" visible="true" version="1" changeset="41282459" timestamp="2016-08-06T06:54:29Z" user="dandel" uid="1706809" lat="14.2421648" lon="121.1324971"/>
 <node id="4338049098" visible="true" version="1" changeset="41282459" timestamp="2016-08-06T06:54:29Z" user="dandel" uid="1706809" lat="14.2422285" lon="121.1324742"/>
 <node id="4338049099" visible="true" version="1" changeset="41282459" timestamp="2016-08-06T06:54:29Z" user="dandel" uid="1706809" lat="14.2420290" lon="121.1318595"/>
 <node id="4338049100" visible="true" version="1" changeset="41282459" timestamp="2016-08-06T06:54:29Z" user="dandel" uid="1706809" lat="14.2419388" lon="121.1318912"/>
 <node id="4338049101" visible="true" version="1" changeset="41282459" timestamp="2016-08-06T06:54:29Z" user="dandel" uid="1706809" lat="14.2420381" lon="121.1321915"/>
 <node id="4338049102" visible="true" version="1" changeset="41282459" timestamp="2016-08-06T06:54:29Z" user="dandel" uid="1706809" lat="14.2421282" lon="121.1321598"/>
 <node id="4338049103" visible="true" version="2" changeset="52462412" timestamp="2017-09-29T00:56:03Z" user="user_5690017" uid="5690017" lat="14.2420082" lon="121.1317607"/>
 <node id="4338049104" visible="true" version="2" changeset="52462412" timestamp="2017-09-29T00:56:03Z" user="user_5690017" uid="5690017" lat="14.2419169" lon="121.1317936"/>
 <node id="4338049105" visible="true" version="1" changeset="41282459" timestamp="2016-08-06T06:54:29Z" user="dandel" uid="1706809" lat="14.2419402" lon="121.1318745"/>
 <node id="4338049106" visible="true" version="1" changeset="41282459" timestamp="2016-08-06T06:54:29Z" user="dandel" uid="1706809" lat="14.2420331" lon="121.1318453"/>
 <node id="4570999890" visible="true" version="3" changeset="52260067" timestamp="2017-09-21T23:44:53Z" user="user_5690017" uid="5690017" lat="14.2472858" lon="121.1296978">
  <tag k="name" v="Andok's"/>
  <tag k="shop" v="convenience"/>
 </node>
 <node id="4646607391" visible="true" version="1" changeset="45675291" timestamp="2017-01-31T06:43:17Z" user="Aldwin Maraña" uid="3992807" lat="14.2461939" lon="121.1291858">
  <tag k="addr:postcode" v="4025"/>
  <tag k="addr:street" v="Pulo-Diezmo Road"/>
  <tag k="amenity" v="fast_food"/>
  <tag k="cuisine" v="chicken;barbecue;grill"/>
  <tag k="name" v="Uling Roaster's"/>
  <tag k="name:en" v="Uling Roaster's"/>
 </node>
 <node id="4903047621" visible="true" version="4" changeset="157324402" timestamp="2024-10-01T07:11:00Z" user="wheelmap_visitor" uid="290680" lat="14.2426724" lon="121.1310411">
  <tag k="alt_name" v="Kentucky Fried Chicken"/>
  <tag k="amenity" v="fast_food"/>
  <tag k="brand" v="KFC"/>
  <tag k="brand:wikidata" v="Q524757"/>
  <tag k="brand:wikipedia" v="en:KFC"/>
  <tag k="cuisine" v="chicken"/>
  <tag k="name" v="KFC"/>
  <tag k="takeaway" v="yes"/>
  <tag k="wheelchair" v="yes"/>
 </node>
 <node id="4974821004" visible="true" version="3" changeset="141598427" timestamp="2023-09-22T10:36:51Z" user="n1kn0k" uid="867701" lat="14.2459515" lon="121.1300504">
  <tag k="addr:street" v="National Highway 1"/>
  <tag k="brand" v="Uncle John's"/>
  <tag k="brand:facebook" v="UncleJohnsPH"/>
  <tag k="brand:instagram" v="unclejohnsph"/>
  <tag k="brand:website" v="https://unclejohns.ph"/>
  <tag k="brand:wikidata" v="Q115917776"/>
  <tag k="name" v="Uncle John's"/>
  <tag k="name:en" v="Uncle John's"/>
  <tag k="old_name" v="Ministop"/>
  <tag k="shop" v="convenience"/>
 </node>
 <node id="4976357812" visible="true" version="1" changeset="50366368" timestamp="2017-07-18T01:01:57Z" user="user_5690017" uid="5690017" lat="14.2463176" lon="121.1300354">
  <tag k="name" v="Pulo"/>
  <tag k="public_transport" v="platform"/>
 </node>
 <node id="5031515646" visible="true" version="3" changeset="136919798" timestamp="2023-06-04T03:15:05Z" user="TagaSanPedroAko" uid="2541613" lat="14.2711621" lon="121.1151919"/>
 <node id="5044226106" visible="true" version="3" changeset="136919798" timestamp="2023-06-04T03:15:05Z" user="TagaSanPedroAko" uid="2541613" lat="14.2203998" lon="121.1385095"/>
 <node id="5053561622" visible="true" version="1" changeset="51374292" timestamp="2017-08-23T12:46:22Z" user="ErickJ" uid="6532701" lat="14.2424320" lon="121.1313710">
  <tag k="name" v="7-11 St. Francis Assisi"/>
  <tag k="shop" v="convenience"/>
 </node>
 <node id="5090400682" visible="true" version="1" changeset="51865824" timestamp="2017-09-08T22:24:41Z" user="user_5690017" uid="5690017" lat="14.2420273" lon="121.1298557"/>
 <node id="5090400683" visible="true" version="1" changeset="51865824" timestamp="2017-09-08T22:24:41Z" user="user_5690017" uid="5690017" lat="14.2415490" lon="121.1300542"/>
 <node id="5090400684" visible="true" version="1" changeset="51865824" timestamp="2017-09-08T22:24:41Z" user="user_5690017" uid="5690017" lat="14.2419528" lon="121.1311569"/>
 <node id="5090400685" visible="true" version="1" changeset="51865824" timestamp="2017-09-08T22:24:41Z" user="user_5690017" uid="5690017" lat="14.2421315" lon="121.1313109"/>
 <node id="5090400686" visible="true" version="1" changeset="51865824" timestamp="2017-09-08T22:24:41Z" user="user_5690017" uid="5690017" lat="14.2425161" lon="121.1311432"/>
 <node id="5090400689" visible="true" version="1" changeset="51865824" timestamp="2017-09-08T22:24:41Z" user="user_5690017" uid="5690017" lat="14.2413740" lon="121.1298527"/>
 <node id="5090400690" visible="true" version="1" changeset="51865824" timestamp="2017-09-08T22:24:41Z" user="user_5690017" uid="5690017" lat="14.2434260" lon="121.1281284"/>
 <node id="5090400691" visible="true" version="1" changeset="51865824" timestamp="2017-09-08T22:24:41Z" user="user_5690017" uid="5690017" lat="14.2443619" lon="121.1279782"/>
 <node id="5090400692" visible="true" version="1" changeset="51865824" timestamp="2017-09-08T22:24:41Z" user="user_5690017" uid="5690017" lat="14.2444451" lon="121.1283001"/>
 <node id="5090400693" visible="true" version="1" changeset="51865824" timestamp="2017-09-08T22:24:41Z" user="user_5690017" uid="5690017" lat="14.2455110" lon="121.1266425"/>
 <node id="5090400694" visible="true" version="1" changeset="51865824" timestamp="2017-09-08T22:24:41Z" user="user_5690017" uid="5690017" lat="14.2451003" lon="121.1254140"/>
 <node id="5090400695" visible="true" version="1" changeset="51865824" timestamp="2017-09-08T22:24:41Z" user="user_5690017" uid="5690017" lat="14.2450223" lon="121.1253550"/>
 <node id="5090400696" visible="true" version="1" changeset="51865824" timestamp="2017-09-08T22:24:41Z" user="user_5690017" uid="5690017" lat="14.2448351" lon="121.1247059"/>
 <node id="5090400697" visible="true" version="1" changeset="51865824" timestamp="2017-09-08T22:24:41Z" user="user_5690017" uid="5690017" lat="14.2446583" lon="121.1241534"/>
 <node id="5090400698" visible="true" version="1" changeset="51865824" timestamp="2017-09-08T22:24:41Z" user="user_5690017" uid="5690017" lat="14.2444659" lon="121.1240032"/>
 <node id="5090400699" visible="true" version="1" changeset="51865824" timestamp="2017-09-08T22:24:41Z" user="user_5690017" uid="5690017" lat="14.2427865" lon="121.1244001"/>
 <node id="5090400700" visible="true" version="1" changeset="51865824" timestamp="2017-09-08T22:24:41Z" user="user_5690017" uid="5690017" lat="14.2409458" lon="121.1248454"/>
 <node id="5090400701" visible="true" version="1" changeset="51865824" timestamp="2017-09-08T22:24:41Z" user="user_5690017" uid="5690017" lat="14.2409510" lon="121.1251190"/>
 <node id="5090400702" visible="true" version="1" changeset="51865824" timestamp="2017-09-08T22:24:41Z" user="user_5690017" uid="5690017" lat="14.2410603" lon="121.1257632"/>
 <node id="5110336890" visible="true" version="1" changeset="52108182" timestamp="2017-09-17T03:35:05Z" user="user_5690017" uid="5690017" lat="14.2463209" lon="121.1292651"/>
 <node id="5110336891" visible="true" version="1" changeset="52108182" timestamp="2017-09-17T03:35:05Z" user="user_5690017" uid="5690017" lat="14.2473631" lon="121.1289339"/>
 <node id="5110336892" visible="true" version="1" changeset="52108182" timestamp="2017-09-17T03:35:05Z" user="user_5690017" uid="5690017" lat="14.2480502" lon="121.1288506"/>
 <node id="5110336893" visible="true" version="1" changeset="52108182" timestamp="2017-09-17T03:35:05Z" user="user_5690017" uid="5690017" lat="14.2470304" lon="121.1257284"/>
 <node id="5110336894" visible="true" version="1" changeset="52108182" timestamp="2017-09-17T03:35:05Z" user="user_5690017" uid="5690017" lat="14.2467790" lon="121.1258251"/>
 <node id="5110336895" visible="true" version="1" changeset="52108182" timestamp="2017-09-17T03:35:05Z" user="user_5690017" uid="5690017" lat="14.2464778" lon="121.1258219"/>
 <node id="5110336896" visible="true" version="1" changeset="52108182" timestamp="2017-09-17T03:35:05Z" user="user_5690017" uid="5690017" lat="14.2460387" lon="121.1259322"/>
 <node id="5110336897" visible="true" version="1" changeset="52108182" timestamp="2017-09-17T03:35:05Z" user="user_5690017" uid="5690017" lat="14.2454899" lon="121.1260915"/>
 <node id="5110336898" visible="true" version="1" changeset="52108182" timestamp="2017-09-17T03:35:05Z" user="user_5690017" uid="5690017" lat="14.2451669" lon="121.1253464"/>
 <node id="5120883214" visible="true" version="3" changeset="83478243" timestamp="2020-04-13T12:54:30Z" user="ianlopez1115" uid="44938" lat="14.2420024" lon="121.1317468"/>
 <node id="5134381369" visible="true" version="1" changeset="52431538" timestamp="2017-09-28T05:17:11Z" user="user_5690017" uid="5690017" lat="14.2445423" lon="121.1305569"/>
 <node id="5134381370" visible="true" version="1" changeset="52431538" timestamp="2017-09-28T05:17:11Z" user="user_5690017" uid="5690017" lat="14.2446128" lon="121.1301245"/>
 <node id="5134381371" visible="true" version="1" changeset="52431538" timestamp="2017-09-28T05:17:11Z" user="user_5690017" uid="5690017" lat="14.2448183" lon="121.1299836"/>
 <node id="5134381372" visible="true" version="1" changeset="52431538" timestamp="2017-09-28T05:17:11Z" user="user_5690017" uid="5690017" lat="14.2448628" lon="121.1296353"/>
 <node id="5136599596" visible="true" version="1" changeset="52462412" timestamp="2017-09-29T00:56:00Z" user="user_5690017" uid="5690017" lat="14.2437860" lon="121.1317583"/>
 <node id="5136599597" visible="true" version="1" changeset="52462412" timestamp="2017-09-29T00:56:00Z" user="user_5690017" uid="5690017" lat="14.2439576" lon="121.1322894"/>
 <node id="5136599598" visible="true" version="1" changeset="52462412" timestamp="2017-09-29T00:56:00Z" user="user_5690017" uid="5690017" lat="14.2433284" lon="121.1324718"/>
 <node id="5136599599" visible="true" version="1" changeset="52462412" timestamp="2017-09-29T00:56:00Z" user="user_5690017" uid="5690017" lat="14.2432504" lon="121.1321982"/>
 <node id="5136599600" visible="true" version="1" changeset="52462412" timestamp="2017-09-29T00:56:00Z" user="user_5690017" uid="5690017" lat="14.2434740" lon="121.1321178"/>
 <node id="5136599601" visible="true" version="1" changeset="52462412" timestamp="2017-09-29T00:56:00Z" user="user_5690017" uid="5690017" lat="14.2434168" lon="121.1318871"/>
 <node id="5136599602" visible="true" version="1" changeset="52462412" timestamp="2017-09-29T00:56:00Z" user="user_5690017" uid="5690017" lat="14.2449954" lon="121.1315583"/>
 <node id="5136599603" visible="true" version="1" changeset="52462412" timestamp="2017-09-29T00:56:00Z" user="user_5690017" uid="5690017" lat="14.2451535" lon="121.1320695"/>
 <node id="5136599604" visible="true" version="1" changeset="52462412" timestamp="2017-09-29T00:56:00Z" user="user_5690017" uid="5690017" lat="14.2442540" lon="121.1323752"/>
 <node id="5136599605" visible="true" version="1" changeset="52462412" timestamp="2017-09-29T00:56:00Z" user="user_5690017" uid="5690017" lat="14.2440772" lon="121.1318540"/>
 <node id="5136599606" visible="true" version="1" changeset="52462412" timestamp="2017-09-29T00:56:00Z" user="user_5690017" uid="5690017" lat="14.2452367" lon="121.1323645"/>
 <node id="5136599607" visible="true" version="1" changeset="52462412" timestamp="2017-09-29T00:56:00Z" user="user_5690017" uid="5690017" lat="14.2455538" lon="121.1332979"/>
 <node id="5136599610" visible="true" version="2" changeset="176885067" timestamp="2026-01-06T02:09:47Z" user="Randell23" uid="9267725" lat="14.2447410" lon="121.1336279"/>
 <node id="5136599611" visible="true" version="2" changeset="176885067" timestamp="2026-01-06T02:09:47Z" user="Randell23" uid="9267725" lat="14.2444229" lon="121.1326542"/>
 <node id="5136599612" visible="true" version="1" changeset="52462412" timestamp="2017-09-29T00:56:00Z" user="user_5690017" uid="5690017" lat="14.2417244" lon="121.1318629"/>
 <node id="5136599613" visible="true" version="1" changeset="52462412" timestamp="2017-09-29T00:56:00Z" user="user_5690017" uid="5690017" lat="14.2418495" lon="121.1322071"/>
 <node id="5136599614" visible="true" version="1" changeset="52462412" timestamp="2017-09-29T00:56:00Z" user="user_5690017" uid="5690017" lat="14.2416995" lon="121.1322711"/>
 <node id="5136599615" visible="true" version="1" changeset="52462412" timestamp="2017-09-29T00:56:00Z" user="user_5690017" uid="5690017" lat="14.2417398" lon="121.1323717"/>
 <node id="5136599616" visible="true" version="2" changeset="80827940" timestamp="2020-02-11T05:26:10Z" user="Tris_AnneD" uid="10682657" lat="14.2423536" lon="121.1327733"/>
 <node id="5136599617" visible="true" version="1" changeset="52462412" timestamp="2017-09-29T00:56:00Z" user="user_5690017" uid="5690017" lat="14.2419650" lon="121.1322757"/>
 <node id="5136599618" visible="true" version="2" changeset="80827940" timestamp="2020-02-11T05:26:10Z" user="Tris_AnneD" uid="10682657" lat="14.2422430" lon="121.1329479"/>
 <node id="5136599620" visible="true" version="1" changeset="52462412" timestamp="2017-09-29T00:56:00Z" user="user_5690017" uid="5690017" lat="14.2455046" lon="121.1313926"/>
 <node id="5136599821" visible="true" version="1" changeset="52462412" timestamp="2017-09-29T00:56:00Z" user="user_5690017" uid="5690017" lat="14.2454032" lon="121.1309929"/>
 <node id="5136599822" visible="true" version="1" changeset="52462412" timestamp="2017-09-29T00:56:00Z" user="user_5690017" uid="5690017" lat="14.2453304" lon="121.1310063"/>
 <node id="5136599823" visible="true" version="1" changeset="52462412" timestamp="2017-09-29T00:56:00Z" user="user_5690017" uid="5690017" lat="14.2453096" lon="121.1309634"/>
 <node id="5136599824" visible="true" version="1" changeset="52462412" timestamp="2017-09-29T00:56:00Z" user="user_5690017" uid="5690017" lat="14.2450730" lon="121.1310090"/>
 <node id="5136599825" visible="true" version="1" changeset="52462412" timestamp="2017-09-29T00:56:00Z" user="user_5690017" uid="5690017" lat="14.2449716" lon="121.1310171"/>
 <node id="5136599826" visible="true" version="1" changeset="52462412" timestamp="2017-09-29T00:56:00Z" user="user_5690017" uid="5690017" lat="14.2445843" lon="121.1311297"/>
 <node id="5136599827" visible="true" version="1" changeset="52462412" timestamp="2017-09-29T00:56:00Z" user="user_5690017" uid="5690017" lat="14.2442229" lon="121.1312504"/>
 <node id="5136599828" visible="true" version="1" changeset="52462412" timestamp="2017-09-29T00:56:00Z" user="user_5690017" uid="5690017" lat="14.2441839" lon="121.1311700"/>
 <node id="5136599829" visible="true" version="1" changeset="52462412" timestamp="2017-09-29T00:56:00Z" user="user_5690017" uid="5690017" lat="14.2440071" lon="121.1312397"/>
 <node id="5136599913" visible="true" version="4" changeset="69652148" timestamp="2019-04-27T23:40:51Z" user="Rally" uid="24338" lat="14.2337119" lon="121.1349723"/>
 <node id="5305522427" visible="true" version="3" changeset="172853572" timestamp="2025-10-05T05:08:40Z" user="TagaSanPedroAko" uid="2541613" lat="14.2275156" lon="121.1394496"/>
 <node id="5336530133" visible="true" version="1" changeset="55402420" timestamp="2018-01-13T10:19:20Z" user="TagaSanPedroAko" uid="2541613" lat="14.2465550" lon="121.1298817">
  <tag k="highway" v="bus_stop"/>
  <tag k="name" v="Pulo SB PUJ Stop"/>
 </node>
 <node id="5336530134" visible="true" version="1" changeset="55402420" timestamp="2018-01-13T10:19:23Z" user="TagaSanPedroAko" uid="2541613" lat="14.2422484" lon="121.1314190">
  <tag k="highway" v="bus_stop"/>
  <tag k="name" v="Cabuyao Central Mall SB PUJ Stop"/>
 </node>
 <node id="5401396778" visible="true" version="1" changeset="56219513" timestamp="2018-02-09T15:30:25Z" user="user_5690017" uid="5690017" lat="14.2518573" lon="121.1345661"/>
 <node id="5401396779" visible="true" version="1" changeset="56219513" timestamp="2018-02-09T15:30:25Z" user="user_5690017" uid="5690017" lat="14.2516649" lon="121.1338795"/>
 <node id="5401396780" visible="true" version="1" changeset="56219513" timestamp="2018-02-09T15:30:25Z" user="user_5690017" uid="5690017" lat="14.2514673" lon="121.1339117"/>
 <node id="5401396781" visible="true" version="1" changeset="56219513" timestamp="2018-02-09T15:30:25Z" user="user_5690017" uid="5690017" lat="14.2493672" lon="121.1327807"/>
 <node id="5516772140" visible="true" version="1" changeset="57666460" timestamp="2018-03-30T17:01:08Z" user="kingpamintuan" uid="7995903" lat="14.2484240" lon="121.1323949">
  <tag k="leisure" v="playground"/>
 </node>
 <node id="5518695855" visible="true" version="1" changeset="57690167" timestamp="2018-03-31T14:48:49Z" user="kingpamintuan" uid="7995903" lat="14.2487047" lon="121.1320363"/>
 <node id="5518695856" visible="true" version="1" changeset="57690167" timestamp="2018-03-31T14:48:49Z" user="kingpamintuan" uid="7995903" lat="14.2483243" lon="121.1321415"/>
 <node id="5518695857" visible="true" version="1" changeset="57690167" timestamp="2018-03-31T14:48:49Z" user="kingpamintuan" uid="7995903" lat="14.2483843" lon="121.1326680"/>
 <node id="5518695858" visible="true" version="1" changeset="57690167" timestamp="2018-03-31T14:48:49Z" user="kingpamintuan" uid="7995903" lat="14.2488504" lon="121.1325909"/>
 <node id="5518695859" visible="true" version="1" changeset="57690167" timestamp="2018-03-31T14:48:49Z" user="kingpamintuan" uid="7995903" lat="14.2488091" lon="121.1310681"/>
 <node id="5518695860" visible="true" version="1" changeset="57690167" timestamp="2018-03-31T14:48:49Z" user="kingpamintuan" uid="7995903" lat="14.2484244" lon="121.1311918"/>
 <node id="5518695861" visible="true" version="1" changeset="57690167" timestamp="2018-03-31T14:48:49Z" user="kingpamintuan" uid="7995903" lat="14.2484538" lon="121.1313436"/>
 <node id="5518695862" visible="true" version="1" changeset="57690167" timestamp="2018-03-31T14:48:49Z" user="kingpamintuan" uid="7995903" lat="14.2488521" lon="121.1312292"/>
 <node id="5613177975" visible="true" version="1" changeset="58896494" timestamp="2018-05-12T07:48:11Z" user="user_5690017" uid="5690017" lat="14.2449944" lon="121.1177747"/>
 <node id="5613177976" visible="true" version="1" changeset="58896494" timestamp="2018-05-12T07:48:11Z" user="user_5690017" uid="5690017" lat="14.2458836" lon="121.1175668"/>
 <node id="5613177977" visible="true" version="1" changeset="58896494" timestamp="2018-05-12T07:48:11Z" user="user_5690017" uid="5690017" lat="14.2464712" lon="121.1200827"/>
 <node id="6124131635" visible="true" version="2" changeset="65759533" timestamp="2018-12-25T12:40:10Z" user="GOwin" uid="1041828" lat="14.2583488" lon="121.1279028"/>
 <node id="6247163530" visible="true" version="2" changeset="105187284" timestamp="2021-05-23T22:56:36Z" user="TagaSanPedroAko" uid="2541613" lat="14.2417862" lon="121.1146269"/>
 <node id="6401476496" visible="true" version="1" changeset="69164223" timestamp="2019-04-12T21:28:52Z" user="piligab" uid="3877019" lat="14.2324614" lon="121.1355825"/>
 <node id="6401476497" visible="true" version="1" changeset="69164223" timestamp="2019-04-12T21:28:52Z" user="piligab" uid="3877019" lat="14.2307377" lon="121.1370993"/>
 <node id="6433295382" visible="true" version="1" changeset="69652148" timestamp="2019-04-27T23:40:49Z" user="Rally" uid="24338" lat="14.2393627" lon="121.1327380"/>
 <node id="6433305853" visible="true" version="1" changeset="69652297" timestamp="2019-04-27T23:58:17Z" user="Rally" uid="24338" lat="14.2481992" lon="121.1368149"/>
 <node id="6433347140" visible="true" version="1" changeset="69652620" timestamp="2019-04-28T00:39:39Z" user="Rally" uid="24338" lat="14.2390875" lon="121.1328498"/>
 <node id="6433347145" visible="true" version="2" changeset="69652633" timestamp="2019-04-28T00:41:55Z" user="Rally" uid="24338" lat="14.2374264" lon="121.1334986"/>
 <node id="6433350814" visible="true" version="1" changeset="69652633" timestamp="2019-04-28T00:41:54Z" user="Rally" uid="24338" lat="14.2345423" lon="121.1346302"/>
 <node id="6433350818" visible="true" version="1" changeset="69652633" timestamp="2019-04-28T00:41:54Z" user="Rally" uid="24338" lat="14.2347340" lon="121.1345507"/>
 <node id="6433350819" visible="true" version="1" changeset="69652633" timestamp="2019-04-28T00:41:54Z" user="Rally" uid="24338" lat="14.2349511" lon="121.1344608"/>
 <node id="7053759691" visible="true" version="1" changeset="78354186" timestamp="2019-12-13T06:20:16Z" user="user_10425844" uid="10425844" lat="14.2557334" lon="121.1322450"/>
 <node id="7053759707" visible="true" version="1" changeset="78354186" timestamp="2019-12-13T06:20:16Z" user="user_10425844" uid="10425844" lat="14.2555530" lon="121.1315977"/>
 <node id="7053759740" visible="true" version="1" changeset="78354186" timestamp="2019-12-13T06:20:16Z" user="user_10425844" uid="10425844" lat="14.2521067" lon="121.1288541"/>
 <node id="7053759742" visible="true" version="2" changeset="78513467" timestamp="2019-12-17T08:07:11Z" user="user_10425844" uid="10425844" lat="14.2518951" lon="121.1293201"/>
 <node id="7053759743" visible="true" version="1" changeset="78354186" timestamp="2019-12-13T06:20:16Z" user="user_10425844" uid="10425844" lat="14.2518626" lon="121.1288859"/>
 <node id="7053759744" visible="true" version="1" changeset="78354186" timestamp="2019-12-13T06:20:16Z" user="user_10425844" uid="10425844" lat="14.2518890" lon="121.1292672"/>
 <node id="7053759748" visible="true" version="1" changeset="78354186" timestamp="2019-12-13T06:20:16Z" user="user_10425844" uid="10425844" lat="14.2518659" lon="121.1289345"/>
 <node id="7053759753" visible="true" version="1" changeset="78354186" timestamp="2019-12-13T06:20:16Z" user="user_10425844" uid="10425844" lat="14.2517888" lon="121.1292382"/>
 <node id="7053759754" visible="true" version="1" changeset="78354186" timestamp="2019-12-13T06:20:16Z" user="user_10425844" uid="10425844" lat="14.2515379" lon="121.1292677"/>
 <node id="7053759755" visible="true" version="1" changeset="78354186" timestamp="2019-12-13T06:20:16Z" user="user_10425844" uid="10425844" lat="14.2515322" lon="121.1293206"/>
 <node id="7053759756" visible="true" version="1" changeset="78354186" timestamp="2019-12-13T06:20:16Z" user="user_10425844" uid="10425844" lat="14.2513412" lon="121.1293618"/>
 <node id="7053759757" visible="true" version="1" changeset="78354186" timestamp="2019-12-13T06:20:16Z" user="user_10425844" uid="10425844" lat="14.2516762" lon="121.1309677"/>
 <node id="7053759800" visible="true" version="1" changeset="78354186" timestamp="2019-12-13T06:20:16Z" user="user_10425844" uid="10425844" lat="14.2513211" lon="121.1293018"/>
 <node id="7053759801" visible="true" version="1" changeset="78354186" timestamp="2019-12-13T06:20:16Z" user="user_10425844" uid="10425844" lat="14.2504309" lon="121.1299714"/>
 <node id="7053759802" visible="true" version="1" changeset="78354186" timestamp="2019-12-13T06:20:16Z" user="user_10425844" uid="10425844" lat="14.2503530" lon="121.1295184"/>
 <node id="7053759803" visible="true" version="1" changeset="78354186" timestamp="2019-12-13T06:20:16Z" user="user_10425844" uid="10425844" lat="14.2502412" lon="121.1295373"/>
 <node id="7053759804" visible="true" version="1" changeset="78354186" timestamp="2019-12-13T06:20:16Z" user="user_10425844" uid="10425844" lat="14.2469015" lon="121.1240879"/>
 <node id="7053759805" visible="true" version="1" changeset="78354186" timestamp="2019-12-13T06:20:16Z" user="user_10425844" uid="10425844" lat="14.2464902" lon="121.1218697"/>
 <node id="7053759812" visible="true" version="1" changeset="78354186" timestamp="2019-12-13T06:20:16Z" user="user_10425844" uid="10425844" lat="14.2513006" lon="121.1310281"/>
 <node id="7053759813" visible="true" version="1" changeset="78354186" timestamp="2019-12-13T06:20:16Z" user="user_10425844" uid="10425844" lat="14.2509583" lon="121.1310832"/>
 <node id="7053759840" visible="true" version="1" changeset="78354186" timestamp="2019-12-13T06:20:16Z" user="user_10425844" uid="10425844" lat="14.2411549" lon="121.1319990"/>
 <node id="7053759841" visible="true" version="1" changeset="78354186" timestamp="2019-12-13T06:20:16Z" user="user_10425844" uid="10425844" lat="14.2414454" lon="121.1327684"/>
 <node id="7053759842" visible="true" version="1" changeset="78354186" timestamp="2019-12-13T06:20:16Z" user="user_10425844" uid="10425844" lat="14.2417941" lon="121.1326492"/>
 <node id="7053759843" visible="true" version="1" changeset="78354186" timestamp="2019-12-13T06:20:16Z" user="user_10425844" uid="10425844" lat="14.2420211" lon="121.1332048"/>
 <node id="7053759844" visible="true" version="1" changeset="78354186" timestamp="2019-12-13T06:20:16Z" user="user_10425844" uid="10425844" lat="14.2424560" lon="121.1328666"/>
 <node id="7053759845" visible="true" version="1" changeset="78354186" timestamp="2019-12-13T06:20:16Z" user="user_10425844" uid="10425844" lat="14.2428568" lon="121.1341139"/>
 <node id="7053759846" visible="true" version="1" changeset="78354186" timestamp="2019-12-13T06:20:16Z" user="user_10425844" uid="10425844" lat="14.2414784" lon="121.1329941"/>
 <node id="7053759847" visible="true" version="1" changeset="78354186" timestamp="2019-12-13T06:20:16Z" user="user_10425844" uid="10425844" lat="14.2412246" lon="121.1323065"/>
 <node id="7053759848" visible="true" version="1" changeset="78354186" timestamp="2019-12-13T06:20:16Z" user="user_10425844" uid="10425844" lat="14.2411647" lon="121.1323299"/>
 <node id="7053759849" visible="true" version="1" changeset="78354186" timestamp="2019-12-13T06:20:16Z" user="user_10425844" uid="10425844" lat="14.2410905" lon="121.1321127"/>
 <node id="7053759850" visible="true" version="1" changeset="78354186" timestamp="2019-12-13T06:20:16Z" user="user_10425844" uid="10425844" lat="14.2412081" lon="121.1320531"/>
 <node id="7053759851" visible="true" version="1" changeset="78354186" timestamp="2019-12-13T06:20:16Z" user="user_10425844" uid="10425844" lat="14.2414426" lon="121.1326949"/>
 <node id="7053759852" visible="true" version="1" changeset="78354186" timestamp="2019-12-13T06:20:16Z" user="user_10425844" uid="10425844" lat="14.2417664" lon="121.1325847"/>
 <node id="7053759853" visible="true" version="1" changeset="78354186" timestamp="2019-12-13T06:20:16Z" user="user_10425844" uid="10425844" lat="14.2417169" lon="121.1323828"/>
 <node id="7053759854" visible="true" version="1" changeset="78354186" timestamp="2019-12-13T06:20:16Z" user="user_10425844" uid="10425844" lat="14.2424194" lon="121.1329261"/>
 <node id="7053759855" visible="true" version="1" changeset="78354186" timestamp="2019-12-13T06:20:16Z" user="user_10425844" uid="10425844" lat="14.2424978" lon="121.1331283"/>
 <node id="7053759856" visible="true" version="1" changeset="78354186" timestamp="2019-12-13T06:20:16Z" user="user_10425844" uid="10425844" lat="14.2421677" lon="121.1332412"/>
 <node id="7053759857" visible="true" version="1" changeset="78354186" timestamp="2019-12-13T06:20:16Z" user="user_10425844" uid="10425844" lat="14.2420996" lon="121.1330432"/>
 <node id="7053759858" visible="true" version="1" changeset="78354186" timestamp="2019-12-13T06:20:16Z" user="user_10425844" uid="10425844" lat="14.2424957" lon="121.1331603"/>
 <node id="7053759859" visible="true" version="1" changeset="78354186" timestamp="2019-12-13T06:20:16Z" user="user_10425844" uid="10425844" lat="14.2427867" lon="121.1340395"/>
 <node id="7053759860" visible="true" version="1" changeset="78354186" timestamp="2019-12-13T06:20:16Z" user="user_10425844" uid="10425844" lat="14.2420521" lon="121.1343141"/>
 <node id="7053759861" visible="true" version="1" changeset="78354186" timestamp="2019-12-13T06:20:16Z" user="user_10425844" uid="10425844" lat="14.2417137" lon="121.1334988"/>
 <node id="7053759862" visible="true" version="1" changeset="78354186" timestamp="2019-12-13T06:20:16Z" user="user_10425844" uid="10425844" lat="14.2417942" lon="121.1334647"/>
 <node id="7053759863" visible="true" version="1" changeset="78354186" timestamp="2019-12-13T06:20:16Z" user="user_10425844" uid="10425844" lat="14.2417405" lon="121.1333370"/>
 <node id="7053759864" visible="true" version="1" changeset="78354186" timestamp="2019-12-13T06:20:16Z" user="user_10425844" uid="10425844" lat="14.2420191" lon="121.1332263"/>
 <node id="7053759865" visible="true" version="1" changeset="78354186" timestamp="2019-12-13T06:20:16Z" user="user_10425844" uid="10425844" lat="14.2422130" lon="121.1337691"/>
 <node id="7053759866" visible="true" version="1" changeset="78354186" timestamp="2019-12-13T06:20:16Z" user="user_10425844" uid="10425844" lat="14.2423699" lon="121.1337180"/>
 <node id="7053759867" visible="true" version="1" changeset="78354186" timestamp="2019-12-13T06:20:16Z" user="user_10425844" uid="10425844" lat="14.2422151" lon="121.1332667"/>
 <node id="7053759868" visible="true" version="1" changeset="78354186" timestamp="2019-12-13T06:20:16Z" user="user_10425844" uid="10425844" lat="14.2419445" lon="121.1322845"/>
 <node id="7053759869" visible="true" version="1" changeset="78354186" timestamp="2019-12-13T06:20:16Z" user="user_10425844" uid="10425844" lat="14.2422110" lon="121.1329304"/>
 <node id="7053759870" visible="true" version="1" changeset="78354186" timestamp="2019-12-13T06:20:16Z" user="user_10425844" uid="10425844" lat="14.2419840" lon="121.1330219"/>
 <node id="7053759871" visible="true" version="1" changeset="78354186" timestamp="2019-12-13T06:20:16Z" user="user_10425844" uid="10425844" lat="14.2417326" lon="121.1323760"/>
 <node id="7053759874" visible="true" version="1" changeset="78354186" timestamp="2019-12-13T06:20:16Z" user="user_10425844" uid="10425844" lat="14.2416320" lon="121.1334101"/>
 <node id="7053759875" visible="true" version="1" changeset="78354186" timestamp="2019-12-13T06:20:16Z" user="user_10425844" uid="10425844" lat="14.2411087" lon="121.1321661"/>
 <node id="7053759877" visible="true" version="1" changeset="78354186" timestamp="2019-12-13T06:20:16Z" user="user_10425844" uid="10425844" lat="14.2411342" lon="121.1320906"/>
 <node id="7053772793" visible="true" version="1" changeset="78354451" timestamp="2019-12-13T06:30:44Z" user="user_10425844" uid="10425844" lat="14.2428554" lon="121.1316902"/>
 <node id="7053772794" visible="true" version="1" changeset="78354451" timestamp="2019-12-13T06:30:44Z" user="user_10425844" uid="10425844" lat="14.2427718" lon="121.1314561"/>
 <node id="7053772795" visible="true" version="1" changeset="78354451" timestamp="2019-12-13T06:30:44Z" user="user_10425844" uid="10425844" lat="14.2429668" lon="121.1316575"/>
 <node id="7053772796" visible="true" version="1" changeset="78354451" timestamp="2019-12-13T06:30:44Z" user="user_10425844" uid="10425844" lat="14.2426922" lon="121.1313720"/>
 <node id="7053772797" visible="true" version="2" changeset="98558054" timestamp="2021-02-02T07:33:30Z" user="go_vind" uid="11589191" lat="14.2421583" lon="121.1297443"/>
 <node id="7053772798" visible="true" version="1" changeset="78354451" timestamp="2019-12-13T06:30:44Z" user="user_10425844" uid="10425844" lat="14.2421263" lon="121.1296413"/>
 <node id="7053772799" visible="true" version="1" changeset="78354451" timestamp="2019-12-13T06:30:44Z" user="user_10425844" uid="10425844" lat="14.2426994" lon="121.1308963"/>
 <node id="7053772800" visible="true" version="1" changeset="78354451" timestamp="2019-12-13T06:30:44Z" user="user_10425844" uid="10425844" lat="14.2425877" lon="121.1309424"/>
 <node id="7053772801" visible="true" version="1" changeset="78354451" timestamp="2019-12-13T06:30:44Z" user="user_10425844" uid="10425844" lat="14.2426597" lon="121.1311447"/>
 <node id="7053772802" visible="true" version="1" changeset="78354451" timestamp="2019-12-13T06:30:44Z" user="user_10425844" uid="10425844" lat="14.2427739" lon="121.1310986"/>
 <node id="7053772803" visible="true" version="3" changeset="98502761" timestamp="2021-02-01T10:32:36Z" user="mattam_pally" uid="11516748" lat="14.2411721" lon="121.1301719"/>
 <node id="7053772804" visible="true" version="1" changeset="78354451" timestamp="2019-12-13T06:30:44Z" user="user_10425844" uid="10425844" lat="14.2417371" lon="121.1312384"/>
 <node id="7053772807" visible="true" version="1" changeset="78354451" timestamp="2019-12-13T06:30:44Z" user="user_10425844" uid="10425844" lat="14.2416729" lon="121.1312627"/>
 <node id="7062133402" visible="true" version="2" changeset="114401061" timestamp="2021-11-30T12:22:00Z" user="RussellLake" uid="10461102" lat="14.2507580" lon="121.1289199"/>
 <node id="7062133464" visible="true" version="1" changeset="78497614" timestamp="2019-12-17T01:43:07Z" user="user_10425844" uid="10425844" lat="14.2638508" lon="121.1272617"/>
 <node id="7062133468" visible="true" version="1" changeset="78497614" timestamp="2019-12-17T01:43:07Z" user="user_10425844" uid="10425844" lat="14.2637654" lon="121.1272739"/>
 <node id="7062156340" visible="true" version="1" changeset="78498620" timestamp="2019-12-17T02:14:14Z" user="user_10425844" uid="10425844" lat="14.2490823" lon="121.1284756"/>
 <node id="7062156341" visible="true" version="2" changeset="122308361" timestamp="2022-06-13T06:37:09Z" user="HungryHorse" uid="14854473" lat="14.2492584" lon="121.1290724"/>
 <node id="7062156342" visible="true" version="2" changeset="122308361" timestamp="2022-06-13T06:37:09Z" user="HungryHorse" uid="14854473" lat="14.2491367" lon="121.1291044"/>
 <node id="7062156343" visible="true" version="2" changeset="122308361" timestamp="2022-06-13T06:37:09Z" user="HungryHorse" uid="14854473" lat="14.2489994" lon="121.1285126"/>
 <node id="7062156344" visible="true" version="2" changeset="122308361" timestamp="2022-06-13T06:37:09Z" user="HungryHorse" uid="14854473" lat="14.2491302" lon="121.1290768"/>
 <node id="7062156345" visible="true" version="1" changeset="78498620" timestamp="2019-12-17T02:14:14Z" user="user_10425844" uid="10425844" lat="14.2491372" lon="121.1291787"/>
 <node id="7062156346" visible="true" version="1" changeset="78498620" timestamp="2019-12-17T02:14:14Z" user="user_10425844" uid="10425844" lat="14.2490608" lon="121.1292000"/>
 <node id="7062156347" visible="true" version="1" changeset="78498620" timestamp="2019-12-17T02:14:14Z" user="user_10425844" uid="10425844" lat="14.2490402" lon="121.1290808"/>
 <node id="7062156348" visible="true" version="1" changeset="78498620" timestamp="2019-12-17T02:14:14Z" user="user_10425844" uid="10425844" lat="14.2492472" lon="121.1300803"/>
 <node id="7062156349" visible="true" version="1" changeset="78498620" timestamp="2019-12-17T02:14:14Z" user="user_10425844" uid="10425844" lat="14.2493813" lon="121.1306615"/>
 <node id="7062156350" visible="true" version="1" changeset="78498620" timestamp="2019-12-17T02:14:14Z" user="user_10425844" uid="10425844" lat="14.2490344" lon="121.1307196"/>
 <node id="7062156351" visible="true" version="1" changeset="78498620" timestamp="2019-12-17T02:14:14Z" user="user_10425844" uid="10425844" lat="14.2488931" lon="121.1301664"/>
 <node id="7062156352" visible="true" version="1" changeset="78498620" timestamp="2019-12-17T02:14:14Z" user="user_10425844" uid="10425844" lat="14.2499314" lon="121.1296784"/>
 <node id="7062156353" visible="true" version="1" changeset="78498620" timestamp="2019-12-17T02:14:14Z" user="user_10425844" uid="10425844" lat="14.2499417" lon="121.1297359"/>
 <node id="7062156354" visible="true" version="1" changeset="78498620" timestamp="2019-12-17T02:14:14Z" user="user_10425844" uid="10425844" lat="14.2500160" lon="121.1297189"/>
 <node id="7062156355" visible="true" version="1" changeset="78498620" timestamp="2019-12-17T02:14:14Z" user="user_10425844" uid="10425844" lat="14.2501810" lon="121.1304320"/>
 <node id="7062156356" visible="true" version="1" changeset="78498620" timestamp="2019-12-17T02:14:14Z" user="user_10425844" uid="10425844" lat="14.2500985" lon="121.1304448"/>
 <node id="7062156357" visible="true" version="1" changeset="78498620" timestamp="2019-12-17T02:14:14Z" user="user_10425844" uid="10425844" lat="14.2501232" lon="121.1305449"/>
 <node id="7062156358" visible="true" version="1" changeset="78498620" timestamp="2019-12-17T02:14:14Z" user="user_10425844" uid="10425844" lat="14.2494650" lon="121.1307109"/>
 <node id="7062156359" visible="true" version="1" changeset="78498620" timestamp="2019-12-17T02:14:14Z" user="user_10425844" uid="10425844" lat="14.2493495" lon="121.1301553"/>
 <node id="7062156360" visible="true" version="1" changeset="78498620" timestamp="2019-12-17T02:14:14Z" user="user_10425844" uid="10425844" lat="14.2494465" lon="121.1301276"/>
 <node id="7062156361" visible="true" version="1" changeset="78498620" timestamp="2019-12-17T02:14:14Z" user="user_10425844" uid="10425844" lat="14.2493887" lon="121.1298061"/>
 <node id="7062156362" visible="true" version="1" changeset="78498620" timestamp="2019-12-17T02:14:14Z" user="user_10425844" uid="10425844" lat="14.2501388" lon="121.1295660"/>
 <node id="7062156365" visible="true" version="1" changeset="78498620" timestamp="2019-12-17T02:14:14Z" user="user_10425844" uid="10425844" lat="14.2500569" lon="121.1306704"/>
 <node id="7062156366" visible="true" version="1" changeset="78498620" timestamp="2019-12-17T02:14:14Z" user="user_10425844" uid="10425844" lat="14.2502261" lon="121.1314751"/>
 <node id="7062156367" visible="true" version="1" changeset="78498620" timestamp="2019-12-17T02:14:14Z" user="user_10425844" uid="10425844" lat="14.2499558" lon="121.1316391"/>
 <node id="7062156368" visible="true" version="1" changeset="78498620" timestamp="2019-12-17T02:14:14Z" user="user_10425844" uid="10425844" lat="14.2496731" lon="121.1317115"/>
 <node id="7062156369" visible="true" version="1" changeset="78498620" timestamp="2019-12-17T02:14:14Z" user="user_10425844" uid="10425844" lat="14.2495163" lon="121.1308088"/>
 <node id="7062156376" visible="true" version="1" changeset="78498620" timestamp="2019-12-17T02:14:14Z" user="user_10425844" uid="10425844" lat="14.2499387" lon="121.1291885"/>
 <node id="7062156377" visible="true" version="1" changeset="78498620" timestamp="2019-12-17T02:14:14Z" user="user_10425844" uid="10425844" lat="14.2499613" lon="121.1292655"/>
 <node id="7062156378" visible="true" version="1" changeset="78498620" timestamp="2019-12-17T02:14:14Z" user="user_10425844" uid="10425844" lat="14.2499790" lon="121.1292607"/>
 <node id="7062156379" visible="true" version="1" changeset="78498620" timestamp="2019-12-17T02:14:14Z" user="user_10425844" uid="10425844" lat="14.2500558" lon="121.1295893"/>
 <node id="7062156380" visible="true" version="1" changeset="78498620" timestamp="2019-12-17T02:14:14Z" user="user_10425844" uid="10425844" lat="14.2497574" lon="121.1292386"/>
 <node id="7062156381" visible="true" version="1" changeset="78498620" timestamp="2019-12-17T02:14:14Z" user="user_10425844" uid="10425844" lat="14.2498512" lon="121.1292127"/>
 <node id="7062156382" visible="true" version="1" changeset="78498620" timestamp="2019-12-17T02:14:14Z" user="user_10425844" uid="10425844" lat="14.2499514" lon="121.1296186"/>
 <node id="7062156383" visible="true" version="2" changeset="122308361" timestamp="2022-06-13T06:37:09Z" user="HungryHorse" uid="14854473" lat="14.2499830" lon="121.1292754"/>
 <node id="7062156384" visible="true" version="2" changeset="122308361" timestamp="2022-06-13T06:37:09Z" user="HungryHorse" uid="14854473" lat="14.2499531" lon="121.1292822"/>
 <node id="7062163685" visible="true" version="1" changeset="78498620" timestamp="2019-12-17T02:14:14Z" user="user_10425844" uid="10425844" lat="14.2499281" lon="121.1291914"/>
 <node id="7062163686" visible="true" version="2" changeset="122308361" timestamp="2022-06-13T06:37:09Z" user="HungryHorse" uid="14854473" lat="14.2498958" lon="121.1293902"/>
 <node id="7062163687" visible="true" version="1" changeset="78498620" timestamp="2019-12-17T02:14:14Z" user="user_10425844" uid="10425844" lat="14.2498084" lon="121.1294135"/>
 <node id="7062163688" visible="true" version="1" changeset="78498620" timestamp="2019-12-17T02:14:14Z" user="user_10425844" uid="10425844" lat="14.2497715" lon="121.1292348"/>
 <node id="7062163689" visible="true" version="1" changeset="78498620" timestamp="2019-12-17T02:14:14Z" user="user_10425844" uid="10425844" lat="14.2498471" lon="121.1296478"/>
 <node id="7062163690" visible="true" version="1" changeset="78498620" timestamp="2019-12-17T02:14:14Z" user="user_10425844" uid="10425844" lat="14.2489595" lon="121.1309402"/>
 <node id="7062163691" visible="true" version="1" changeset="78498620" timestamp="2019-12-17T02:14:14Z" user="user_10425844" uid="10425844" lat="14.2474700" lon="121.1297647"/>
 <node id="7062163692" visible="true" version="1" changeset="78498620" timestamp="2019-12-17T02:14:14Z" user="user_10425844" uid="10425844" lat="14.2484538" lon="121.1295240"/>
 <node id="7062163693" visible="true" version="1" changeset="78498620" timestamp="2019-12-17T02:14:14Z" user="user_10425844" uid="10425844" lat="14.2479037" lon="121.1306250"/>
 <node id="7062163694" visible="true" version="1" changeset="78498620" timestamp="2019-12-17T02:14:14Z" user="user_10425844" uid="10425844" lat="14.2479698" lon="121.1308315"/>
 <node id="7062163695" visible="true" version="1" changeset="78498620" timestamp="2019-12-17T02:14:14Z" user="user_10425844" uid="10425844" lat="14.2477841" lon="121.1308954"/>
 <node id="7062163696" visible="true" version="1" changeset="78498620" timestamp="2019-12-17T02:14:14Z" user="user_10425844" uid="10425844" lat="14.2477283" lon="121.1307357"/>
 <node id="7062163697" visible="true" version="1" changeset="78498620" timestamp="2019-12-17T02:14:14Z" user="user_10425844" uid="10425844" lat="14.2477737" lon="121.1307166"/>
 <node id="7062163698" visible="true" version="1" changeset="78498620" timestamp="2019-12-17T02:14:14Z" user="user_10425844" uid="10425844" lat="14.2477717" lon="121.1306740"/>
 <node id="7062163699" visible="true" version="1" changeset="78498620" timestamp="2019-12-17T02:14:14Z" user="user_10425844" uid="10425844" lat="14.2485638" lon="121.1294279"/>
 <node id="7062163793" visible="true" version="1" changeset="78498620" timestamp="2019-12-17T02:14:14Z" user="user_10425844" uid="10425844" lat="14.2524773" lon="121.1385879"/>
 <node id="7062163810" visible="true" version="1" changeset="78498620" timestamp="2019-12-17T02:14:14Z" user="user_10425844" uid="10425844" lat="14.2519907" lon="121.1379445"/>
 <node id="7062660810" visible="true" version="1" changeset="78513467" timestamp="2019-12-17T08:07:11Z" user="user_10425844" uid="10425844" lat="14.2516055" lon="121.1288977"/>
 <node id="7062660811" visible="true" version="1" changeset="78513467" timestamp="2019-12-17T08:07:11Z" user="user_10425844" uid="10425844" lat="14.2509384" lon="121.1289667"/>
 <node id="7062660812" visible="true" version="1" changeset="78513467" timestamp="2019-12-17T08:07:11Z" user="user_10425844" uid="10425844" lat="14.2501717" lon="121.1291224"/>
 <node id="7087462180" visible="true" version="2" changeset="96947286" timestamp="2021-01-05T04:59:53Z" user="WyandotteCaves" uid="10461175" lat="14.2626754" lon="121.1274383"/>
 <node id="7202580576" visible="true" version="1" changeset="80827940" timestamp="2020-02-11T05:26:10Z" user="Tris_AnneD" uid="10682657" lat="14.2424726" lon="121.1317892"/>
 <node id="7202580577" visible="true" version="1" changeset="80827940" timestamp="2020-02-11T05:26:10Z" user="Tris_AnneD" uid="10682657" lat="14.2420887" lon="121.1319151"/>
 <node id="7202580578" visible="true" version="1" changeset="80827940" timestamp="2020-02-11T05:26:10Z" user="Tris_AnneD" uid="10682657" lat="14.2420992" lon="121.1319494"/>
 <node id="7202580579" visible="true" version="1" changeset="80827940" timestamp="2020-02-11T05:26:10Z" user="Tris_AnneD" uid="10682657" lat="14.2421328" lon="121.1319384"/>
 <node id="7202580580" visible="true" version="1" changeset="80827940" timestamp="2020-02-11T05:26:10Z" user="Tris_AnneD" uid="10682657" lat="14.2421430" lon="121.1319716"/>
 <node id="7202580581" visible="true" version="1" changeset="80827940" timestamp="2020-02-11T05:26:10Z" user="Tris_AnneD" uid="10682657" lat="14.2421979" lon="121.1319536"/>
 <node id="7202580582" visible="true" version="1" changeset="80827940" timestamp="2020-02-11T05:26:10Z" user="Tris_AnneD" uid="10682657" lat="14.2422327" lon="121.1320662"/>
 <node id="7202580583" visible="true" version="1" changeset="80827940" timestamp="2020-02-11T05:26:10Z" user="Tris_AnneD" uid="10682657" lat="14.2422644" lon="121.1320639"/>
 <node id="7202580584" visible="true" version="1" changeset="80827940" timestamp="2020-02-11T05:26:10Z" user="Tris_AnneD" uid="10682657" lat="14.2422779" lon="121.1320779"/>
 <node id="7202587885" visible="true" version="1" changeset="80827940" timestamp="2020-02-11T05:26:10Z" user="Tris_AnneD" uid="10682657" lat="14.2423798" lon="121.1320452"/>
 <node id="7202587886" visible="true" version="1" changeset="80827940" timestamp="2020-02-11T05:26:10Z" user="Tris_AnneD" uid="10682657" lat="14.2423820" lon="121.1320195"/>
 <node id="7202587887" visible="true" version="1" changeset="80827940" timestamp="2020-02-11T05:26:10Z" user="Tris_AnneD" uid="10682657" lat="14.2425287" lon="121.1319714"/>
 <node id="7202587888" visible="true" version="1" changeset="80827940" timestamp="2020-02-11T05:26:10Z" user="Tris_AnneD" uid="10682657" lat="14.2422033" lon="121.1319848"/>
 <node id="7202587889" visible="true" version="1" changeset="80827940" timestamp="2020-02-11T05:26:10Z" user="Tris_AnneD" uid="10682657" lat="14.2421222" lon="121.1320104"/>
 <node id="7202587890" visible="true" version="1" changeset="80827940" timestamp="2020-02-11T05:26:10Z" user="Tris_AnneD" uid="10682657" lat="14.2421752" lon="121.1321894"/>
 <node id="7202587891" visible="true" version="1" changeset="80827940" timestamp="2020-02-11T05:26:10Z" user="Tris_AnneD" uid="10682657" lat="14.2422563" lon="121.1321638"/>
 <node id="7202587892" visible="true" version="1" changeset="80827940" timestamp="2020-02-11T05:26:10Z" user="Tris_AnneD" uid="10682657" lat="14.2424282" lon="121.1320411"/>
 <node id="7202587893" visible="true" version="1" changeset="80827940" timestamp="2020-02-11T05:26:10Z" user="Tris_AnneD" uid="10682657" lat="14.2422537" lon="121.1320966"/>
 <node id="7202587894" visible="true" version="1" changeset="80827940" timestamp="2020-02-11T05:26:10Z" user="Tris_AnneD" uid="10682657" lat="14.2422847" lon="121.1322002"/>
 <node id="7202587895" visible="true" version="1" changeset="80827940" timestamp="2020-02-11T05:26:10Z" user="Tris_AnneD" uid="10682657" lat="14.2424592" lon="121.1321446"/>
 <node id="7202587896" visible="true" version="1" changeset="80827940" timestamp="2020-02-11T05:26:10Z" user="Tris_AnneD" uid="10682657" lat="14.2428212" lon="121.1326125"/>
 <node id="7202587897" visible="true" version="1" changeset="80827940" timestamp="2020-02-11T05:26:10Z" user="Tris_AnneD" uid="10682657" lat="14.2426310" lon="121.1326782"/>
 <node id="7202587898" visible="true" version="1" changeset="80827940" timestamp="2020-02-11T05:26:10Z" user="Tris_AnneD" uid="10682657" lat="14.2426038" lon="121.1328233"/>
 <node id="7202587899" visible="true" version="1" changeset="80827940" timestamp="2020-02-11T05:26:10Z" user="Tris_AnneD" uid="10682657" lat="14.2428607" lon="121.1327347"/>
 <node id="7202587900" visible="true" version="1" changeset="80827940" timestamp="2020-02-11T05:26:10Z" user="Tris_AnneD" uid="10682657" lat="14.2429701" lon="121.1326709"/>
 <node id="7202587901" visible="true" version="1" changeset="80827940" timestamp="2020-02-11T05:26:10Z" user="Tris_AnneD" uid="10682657" lat="14.2429467" lon="121.1325848"/>
 <node id="7202587902" visible="true" version="1" changeset="80827940" timestamp="2020-02-11T05:26:10Z" user="Tris_AnneD" uid="10682657" lat="14.2428608" lon="121.1326096"/>
 <node id="7202587903" visible="true" version="1" changeset="80827940" timestamp="2020-02-11T05:26:10Z" user="Tris_AnneD" uid="10682657" lat="14.2428842" lon="121.1326957"/>
 <node id="7202587904" visible="true" version="1" changeset="80827940" timestamp="2020-02-11T05:26:10Z" user="Tris_AnneD" uid="10682657" lat="14.2427026" lon="121.1318488"/>
 <node id="7202587905" visible="true" version="1" changeset="80827940" timestamp="2020-02-11T05:26:10Z" user="Tris_AnneD" uid="10682657" lat="14.2426183" lon="121.1318725"/>
 <node id="7202587906" visible="true" version="1" changeset="80827940" timestamp="2020-02-11T05:26:10Z" user="Tris_AnneD" uid="10682657" lat="14.2426355" lon="121.1319378"/>
 <node id="7202587907" visible="true" version="1" changeset="80827940" timestamp="2020-02-11T05:26:10Z" user="Tris_AnneD" uid="10682657" lat="14.2426174" lon="121.1319658"/>
 <node id="7202587908" visible="true" version="1" changeset="80827940" timestamp="2020-02-11T05:26:10Z" user="Tris_AnneD" uid="10682657" lat="14.2426217" lon="121.1319918"/>
 <node id="7202587909" visible="true" version="1" changeset="80827940" timestamp="2020-02-11T05:26:10Z" user="Tris_AnneD" uid="10682657" lat="14.2426387" lon="121.1319889"/>
 <node id="7202587910" visible="true" version="1" changeset="80827940" timestamp="2020-02-11T05:26:10Z" user="Tris_AnneD" uid="10682657" lat="14.2426514" lon="121.1320662"/>
 <node id="7202587911" visible="true" version="1" changeset="80827940" timestamp="2020-02-11T05:26:10Z" user="Tris_AnneD" uid="10682657" lat="14.2426649" lon="121.1320779"/>
 <node id="7202587912" visible="true" version="1" changeset="80827940" timestamp="2020-02-11T05:26:10Z" user="Tris_AnneD" uid="10682657" lat="14.2426839" lon="121.1321495"/>
 <node id="7202587913" visible="true" version="1" changeset="80827940" timestamp="2020-02-11T05:26:10Z" user="Tris_AnneD" uid="10682657" lat="14.2427057" lon="121.1321433"/>
 <node id="7202587914" visible="true" version="1" changeset="80827940" timestamp="2020-02-11T05:26:10Z" user="Tris_AnneD" uid="10682657" lat="14.2427121" lon="121.1321675"/>
 <node id="7202587915" visible="true" version="1" changeset="80827940" timestamp="2020-02-11T05:26:10Z" user="Tris_AnneD" uid="10682657" lat="14.2427817" lon="121.1321479"/>
 <node id="7202587916" visible="true" version="1" changeset="80827940" timestamp="2020-02-11T05:26:10Z" user="Tris_AnneD" uid="10682657" lat="14.2428483" lon="121.1323277"/>
 <node id="7202587917" visible="true" version="1" changeset="80827940" timestamp="2020-02-11T05:26:10Z" user="Tris_AnneD" uid="10682657" lat="14.2427487" lon="121.1323604"/>
 <node id="7202587918" visible="true" version="1" changeset="80827940" timestamp="2020-02-11T05:26:10Z" user="Tris_AnneD" uid="10682657" lat="14.2428166" lon="121.1325893"/>
 <node id="7202587919" visible="true" version="1" changeset="80827940" timestamp="2020-02-11T05:26:10Z" user="Tris_AnneD" uid="10682657" lat="14.2429297" lon="121.1325659"/>
 <node id="7202587920" visible="true" version="1" changeset="80827940" timestamp="2020-02-11T05:26:10Z" user="Tris_AnneD" uid="10682657" lat="14.2428188" lon="121.1322297"/>
 <node id="7202587921" visible="true" version="1" changeset="80827940" timestamp="2020-02-11T05:26:10Z" user="Tris_AnneD" uid="10682657" lat="14.2427713" lon="121.1322483"/>
 <node id="7202587922" visible="true" version="1" changeset="80827940" timestamp="2020-02-11T05:26:10Z" user="Tris_AnneD" uid="10682657" lat="14.2427935" lon="121.1323457"/>
 <node id="7202587923" visible="true" version="1" changeset="80827940" timestamp="2020-02-11T05:26:10Z" user="Tris_AnneD" uid="10682657" lat="14.2426644" lon="121.1321004"/>
 <node id="7202587924" visible="true" version="1" changeset="80827940" timestamp="2020-02-11T05:26:10Z" user="Tris_AnneD" uid="10682657" lat="14.2425023" lon="121.1321563"/>
 <node id="7202587925" visible="true" version="1" changeset="80827940" timestamp="2020-02-11T05:26:10Z" user="Tris_AnneD" uid="10682657" lat="14.2425452" lon="121.1322901"/>
 <node id="7202587926" visible="true" version="1" changeset="80827940" timestamp="2020-02-11T05:26:10Z" user="Tris_AnneD" uid="10682657" lat="14.2427068" lon="121.1322489"/>
 <node id="7202587927" visible="true" version="1" changeset="80827940" timestamp="2020-02-11T05:26:10Z" user="Tris_AnneD" uid="10682657" lat="14.2426107" lon="121.1322757"/>
 <node id="7202587928" visible="true" version="1" changeset="80827940" timestamp="2020-02-11T05:26:10Z" user="Tris_AnneD" uid="10682657" lat="14.2426967" lon="121.1325729"/>
 <node id="7202587929" visible="true" version="1" changeset="80827940" timestamp="2020-02-11T05:26:10Z" user="Tris_AnneD" uid="10682657" lat="14.2427844" lon="121.1325459"/>
 <node id="7202587930" visible="true" version="1" changeset="80827940" timestamp="2020-02-11T05:26:10Z" user="Tris_AnneD" uid="10682657" lat="14.2427105" lon="121.1326206"/>
 <node id="7202587931" visible="true" version="1" changeset="80827940" timestamp="2020-02-11T05:26:10Z" user="Tris_AnneD" uid="10682657" lat="14.2426527" lon="121.1326395"/>
 <node id="7202587932" visible="true" version="1" changeset="80827940" timestamp="2020-02-11T05:26:10Z" user="Tris_AnneD" uid="10682657" lat="14.2425237" lon="121.1315550"/>
 <node id="7202587933" visible="true" version="1" changeset="80827940" timestamp="2020-02-11T05:26:10Z" user="Tris_AnneD" uid="10682657" lat="14.2425477" lon="121.1316401"/>
 <node id="7202587934" visible="true" version="1" changeset="80827940" timestamp="2020-02-11T05:26:10Z" user="Tris_AnneD" uid="10682657" lat="14.2424088" lon="121.1316985"/>
 <node id="7202587935" visible="true" version="1" changeset="80827940" timestamp="2020-02-11T05:26:10Z" user="Tris_AnneD" uid="10682657" lat="14.2423840" lon="121.1316108"/>
 <node id="7202587936" visible="true" version="1" changeset="80827940" timestamp="2020-02-11T05:26:10Z" user="Tris_AnneD" uid="10682657" lat="14.2425400" lon="121.1316128"/>
 <node id="7202587937" visible="true" version="1" changeset="80827940" timestamp="2020-02-11T05:26:10Z" user="Tris_AnneD" uid="10682657" lat="14.2426163" lon="121.1315817"/>
 <node id="7202587938" visible="true" version="1" changeset="80827940" timestamp="2020-02-11T05:26:10Z" user="Tris_AnneD" uid="10682657" lat="14.2425906" lon="121.1317746"/>
 <node id="7202587939" visible="true" version="1" changeset="80827940" timestamp="2020-02-11T05:26:10Z" user="Tris_AnneD" uid="10682657" lat="14.2426146" lon="121.1317604"/>
 <node id="7202587940" visible="true" version="1" changeset="80827940" timestamp="2020-02-11T05:26:10Z" user="Tris_AnneD" uid="10682657" lat="14.2426352" lon="121.1318542"/>
 <node id="7202587941" visible="true" version="1" changeset="80827940" timestamp="2020-02-11T05:26:10Z" user="Tris_AnneD" uid="10682657" lat="14.2426986" lon="121.1318224"/>
 <node id="7202587942" visible="true" version="1" changeset="80827940" timestamp="2020-02-11T05:26:10Z" user="Tris_AnneD" uid="10682657" lat="14.2426677" lon="121.1317516"/>
 <node id="7202587943" visible="true" version="1" changeset="80827940" timestamp="2020-02-11T05:26:10Z" user="Tris_AnneD" uid="10682657" lat="14.2426815" lon="121.1317428"/>
 <node id="7202587944" visible="true" version="1" changeset="80827940" timestamp="2020-02-11T05:26:10Z" user="Tris_AnneD" uid="10682657" lat="14.2423161" lon="121.1316755"/>
 <node id="7202587945" visible="true" version="1" changeset="80827940" timestamp="2020-02-11T05:26:10Z" user="Tris_AnneD" uid="10682657" lat="14.2423384" lon="121.1317463"/>
 <node id="7202587946" visible="true" version="1" changeset="80827940" timestamp="2020-02-11T05:26:10Z" user="Tris_AnneD" uid="10682657" lat="14.2421858" lon="121.1318029"/>
 <node id="7202587947" visible="true" version="1" changeset="80827940" timestamp="2020-02-11T05:26:10Z" user="Tris_AnneD" uid="10682657" lat="14.2421652" lon="121.1317233"/>
 <node id="7202587948" visible="true" version="1" changeset="80827940" timestamp="2020-02-11T05:26:10Z" user="Tris_AnneD" uid="10682657" lat="14.2421577" lon="121.1317011"/>
 <node id="7202587949" visible="true" version="1" changeset="80827940" timestamp="2020-02-11T05:26:10Z" user="Tris_AnneD" uid="10682657" lat="14.2420398" lon="121.1318533"/>
 <node id="7441953208" visible="true" version="1" changeset="84061659" timestamp="2020-04-24T12:39:32Z" user="mapper03" uid="10698955" lat="14.2540496" lon="121.1388560"/>
 <node id="7793325286" visible="true" version="1" changeset="89072597" timestamp="2020-08-07T06:26:58Z" user="Rap castro" uid="8398092" lat="14.2430654" lon="121.1310499">
  <tag k="name" v="Melistar Hardware"/>
  <tag k="shop" v="hardware"/>
 </node>
 <node id="8302168263" visible="true" version="1" changeset="97152466" timestamp="2021-01-08T07:43:46Z" user="Breithorn" uid="10529336" lat="14.2323432" lon="121.1356658"/>
 <node id="8302382796" visible="true" version="1" changeset="97158907" timestamp="2021-01-08T09:28:59Z" user="Breithorn" uid="10529336" lat="14.2316910" lon="121.1362834"/>
 <node id="8314536345" visible="true" version="1" changeset="97362349" timestamp="2021-01-12T09:57:17Z" user="bunty_6" uid="8794031" lat="14.2511161" lon="121.1342897">
  <tag k="barrier" v="gate"/>
 </node>
 <node id="8314536347" visible="true" version="1" changeset="97362349" timestamp="2021-01-12T09:57:17Z" user="bunty_6" uid="8794031" lat="14.2503362" lon="121.1339852">
  <tag k="barrier" v="gate"/>
 </node>
 <node id="8314536348" visible="true" version="1" changeset="97362349" timestamp="2021-01-12T09:57:17Z" user="bunty_6" uid="8794031" lat="14.2496265" lon="121.1331913">
  <tag k="barrier" v="gate"/>
 </node>
 <node id="8314536350" visible="true" version="1" changeset="97362349" timestamp="2021-01-12T09:57:17Z" user="bunty_6" uid="8794031" lat="14.2511694" lon="121.1345431"/>
 <node id="8314536351" visible="true" version="1" changeset="97362349" timestamp="2021-01-12T09:57:17Z" user="bunty_6" uid="8794031" lat="14.2510212" lon="121.1338149"/>
 <node id="8314536352" visible="true" version="1" changeset="97362349" timestamp="2021-01-12T09:57:17Z" user="bunty_6" uid="8794031" lat="14.2500320" lon="121.1340724"/>
 <node id="8314536353" visible="true" version="1" changeset="97362349" timestamp="2021-01-12T09:57:17Z" user="bunty_6" uid="8794031" lat="14.2499969" lon="121.1340335"/>
 <node id="8314536354" visible="true" version="1" changeset="97362349" timestamp="2021-01-12T09:57:17Z" user="bunty_6" uid="8794031" lat="14.2498045" lon="121.1331913"/>
 <node id="8314536355" visible="true" version="1" changeset="97362349" timestamp="2021-01-12T09:57:17Z" user="bunty_6" uid="8794031" lat="14.2497655" lon="121.1331645"/>
 <node id="8314536356" visible="true" version="1" changeset="97362349" timestamp="2021-01-12T09:57:17Z" user="bunty_6" uid="8794031" lat="14.2494976" lon="121.1332250"/>
 <node id="8314536357" visible="true" version="1" changeset="97362349" timestamp="2021-01-12T09:57:17Z" user="bunty_6" uid="8794031" lat="14.2477170" lon="121.1309557"/>
 <node id="8314536358" visible="true" version="1" changeset="97362349" timestamp="2021-01-12T09:57:17Z" user="bunty_6" uid="8794031" lat="14.2490296" lon="121.1319611"/>
 <node id="8314536359" visible="true" version="1" changeset="97362349" timestamp="2021-01-12T09:57:17Z" user="bunty_6" uid="8794031" lat="14.2489516" lon="121.1319402"/>
 <node id="8314639468" visible="true" version="1" changeset="97364744" timestamp="2021-01-12T10:27:50Z" user="bunty_6" uid="8794031" lat="14.2466446" lon="121.1312614"/>
 <node id="8314639469" visible="true" version="1" changeset="97364744" timestamp="2021-01-12T10:27:50Z" user="bunty_6" uid="8794031" lat="14.2464691" lon="121.1308296"/>
 <node id="8314639470" visible="true" version="1" changeset="97364744" timestamp="2021-01-12T10:27:50Z" user="bunty_6" uid="8794031" lat="14.2464080" lon="121.1308202"/>
 <node id="8314639471" visible="true" version="1" changeset="97364744" timestamp="2021-01-12T10:27:50Z" user="bunty_6" uid="8794031" lat="14.2460872" lon="121.1309247"/>
 <node id="8314837220" visible="true" version="3" changeset="97432768" timestamp="2021-01-13T10:29:51Z" user="g3reader" uid="8610599" lat="14.2449772" lon="121.1247618"/>
 <node id="8314837230" visible="true" version="1" changeset="97370311" timestamp="2021-01-12T11:41:08Z" user="bunty_6" uid="8794031" lat="14.2443874" lon="121.1228976"/>
 <node id="8314837231" visible="true" version="2" changeset="98502761" timestamp="2021-02-01T10:32:36Z" user="mattam_pally" uid="11516748" lat="14.2413853" lon="121.1312601"/>
 <node id="8314837232" visible="true" version="2" changeset="98502761" timestamp="2021-02-01T10:32:36Z" user="mattam_pally" uid="11516748" lat="14.2411201" lon="121.1303032"/>
 <node id="8314837233" visible="true" version="2" changeset="98502761" timestamp="2021-02-01T10:32:36Z" user="mattam_pally" uid="11516748" lat="14.2411331" lon="121.1302127"/>
 <node id="8317699911" visible="true" version="1" changeset="97416267" timestamp="2021-01-13T06:45:07Z" user="bunty_6" uid="8794031" lat="14.2502855" lon="121.1300102"/>
 <node id="8317699912" visible="true" version="1" changeset="97416267" timestamp="2021-01-13T06:45:07Z" user="bunty_6" uid="8794031" lat="14.2503167" lon="121.1304527"/>
 <node id="8317699913" visible="true" version="1" changeset="97416267" timestamp="2021-01-13T06:45:07Z" user="bunty_6" uid="8794031" lat="14.2502257" lon="121.1305305"/>
 <node id="8318423689" visible="true" version="1" changeset="97436316" timestamp="2021-01-13T11:13:56Z" user="nagam_123" uid="11659169" lat="14.2465806" lon="121.1293091"/>
 <node id="8318423690" visible="true" version="1" changeset="97436316" timestamp="2021-01-13T11:13:56Z" user="nagam_123" uid="11659169" lat="14.2466004" lon="121.1293313"/>
 <node id="8318423691" visible="true" version="1" changeset="97436316" timestamp="2021-01-13T11:13:56Z" user="nagam_123" uid="11659169" lat="14.2464691" lon="121.1293289"/>
 <node id="8318423692" visible="true" version="1" changeset="97436316" timestamp="2021-01-13T11:13:56Z" user="nagam_123" uid="11659169" lat="14.2465510" lon="121.1293074"/>
 <node id="8318423693" visible="true" version="1" changeset="97436316" timestamp="2021-01-13T11:13:56Z" user="nagam_123" uid="11659169" lat="14.2465679" lon="121.1293074"/>
 <node id="8318423694" visible="true" version="1" changeset="97436316" timestamp="2021-01-13T11:13:56Z" user="nagam_123" uid="11659169" lat="14.2465913" lon="121.1293182"/>
 <node id="8318423695" visible="true" version="1" changeset="97436316" timestamp="2021-01-13T11:13:56Z" user="nagam_123" uid="11659169" lat="14.2466043" lon="121.1293463"/>
 <node id="8318423696" visible="true" version="1" changeset="97436316" timestamp="2021-01-13T11:13:56Z" user="nagam_123" uid="11659169" lat="14.2466154" lon="121.1293866"/>
 <node id="8318423697" visible="true" version="1" changeset="97436316" timestamp="2021-01-13T11:13:56Z" user="nagam_123" uid="11659169" lat="14.2466206" lon="121.1294174"/>
 <node id="8318423698" visible="true" version="1" changeset="97436316" timestamp="2021-01-13T11:13:56Z" user="nagam_123" uid="11659169" lat="14.2466225" lon="121.1294442"/>
 <node id="8318423699" visible="true" version="1" changeset="97436316" timestamp="2021-01-13T11:13:56Z" user="nagam_123" uid="11659169" lat="14.2466212" lon="121.1294590"/>
 <node id="8318423700" visible="true" version="1" changeset="97436316" timestamp="2021-01-13T11:13:56Z" user="nagam_123" uid="11659169" lat="14.2466160" lon="121.1294751"/>
 <node id="8318423701" visible="true" version="1" changeset="97436316" timestamp="2021-01-13T11:13:56Z" user="nagam_123" uid="11659169" lat="14.2466043" lon="121.1294898"/>
 <node id="8318423702" visible="true" version="1" changeset="97436316" timestamp="2021-01-13T11:13:56Z" user="nagam_123" uid="11659169" lat="14.2465627" lon="121.1295046"/>
 <node id="8318423703" visible="true" version="1" changeset="97436316" timestamp="2021-01-13T11:13:56Z" user="nagam_123" uid="11659169" lat="14.2463480" lon="121.1295614"/>
 <node id="8382888127" visible="true" version="1" changeset="98484930" timestamp="2021-02-01T06:27:22Z" user="m_shetty" uid="11732269" lat="14.2531390" lon="121.1286408"/>
 <node id="8382888133" visible="true" version="1" changeset="98484930" timestamp="2021-02-01T06:27:22Z" user="m_shetty" uid="11732269" lat="14.2573085" lon="121.1280505"/>
 <node id="8382929698" visible="true" version="1" changeset="98488325" timestamp="2021-02-01T07:16:57Z" user="kuk_noor" uid="11515926" lat="14.2490675" lon="121.1299887"/>
 <node id="8382929699" visible="true" version="1" changeset="98488325" timestamp="2021-02-01T07:16:57Z" user="kuk_noor" uid="11515926" lat="14.2492560" lon="121.1299773"/>
 <node id="8382929700" visible="true" version="1" changeset="98488325" timestamp="2021-02-01T07:16:57Z" user="kuk_noor" uid="11515926" lat="14.2492853" lon="121.1299773"/>
 <node id="8382929701" visible="true" version="1" changeset="98488325" timestamp="2021-02-01T07:16:57Z" user="kuk_noor" uid="11515926" lat="14.2492944" lon="121.1299807"/>
 <node id="8382929702" visible="true" version="1" changeset="98488325" timestamp="2021-02-01T07:16:57Z" user="kuk_noor" uid="11515926" lat="14.2492989" lon="121.1299860"/>
 <node id="8382929703" visible="true" version="1" changeset="98488325" timestamp="2021-02-01T07:16:57Z" user="kuk_noor" uid="11515926" lat="14.2493041" lon="121.1299941"/>
 <node id="8382929704" visible="true" version="1" changeset="98488325" timestamp="2021-02-01T07:16:57Z" user="kuk_noor" uid="11515926" lat="14.2493106" lon="121.1300223"/>
 <node id="8382929705" visible="true" version="1" changeset="98488325" timestamp="2021-02-01T07:16:57Z" user="kuk_noor" uid="11515926" lat="14.2494499" lon="121.1307472"/>
 <node id="8382970367" visible="true" version="1" changeset="98488502" timestamp="2021-02-01T07:19:37Z" user="kuk_noor" uid="11515926" lat="14.2481414" lon="121.1298734"/>
 <node id="8382970368" visible="true" version="1" changeset="98488502" timestamp="2021-02-01T07:19:37Z" user="kuk_noor" uid="11515926" lat="14.2480587" lon="121.1295431"/>
 <node id="8382984684" visible="true" version="1" changeset="98488632" timestamp="2021-02-01T07:21:24Z" user="kuk_noor" uid="11515926" lat="14.2477306" lon="121.1301785"/>
 <node id="8382984685" visible="true" version="1" changeset="98488632" timestamp="2021-02-01T07:21:24Z" user="kuk_noor" uid="11515926" lat="14.2475717" lon="121.1296661"/>
 <node id="8383123134" visible="true" version="1" changeset="98492402" timestamp="2021-02-01T08:17:39Z" user="kuk_noor" uid="11515926" lat="14.2473816" lon="121.1296360"/>
 <node id="8383123135" visible="true" version="1" changeset="98492402" timestamp="2021-02-01T08:17:39Z" user="kuk_noor" uid="11515926" lat="14.2472620" lon="121.1291304"/>
 <node id="8383123136" visible="true" version="1" changeset="98492402" timestamp="2021-02-01T08:17:39Z" user="kuk_noor" uid="11515926" lat="14.2473673" lon="121.1295784"/>
 <node id="8383123137" visible="true" version="1" changeset="98492402" timestamp="2021-02-01T08:17:39Z" user="kuk_noor" uid="11515926" lat="14.2473751" lon="121.1296085"/>
 <node id="8383123138" visible="true" version="1" changeset="98492402" timestamp="2021-02-01T08:17:39Z" user="kuk_noor" uid="11515926" lat="14.2473829" lon="121.1296535"/>
 <node id="8383123139" visible="true" version="1" changeset="98492402" timestamp="2021-02-01T08:17:39Z" user="kuk_noor" uid="11515926" lat="14.2473836" lon="121.1296766"/>
 <node id="8383506528" visible="true" version="1" changeset="98502761" timestamp="2021-02-01T10:32:36Z" user="mattam_pally" uid="11516748" lat="14.2411221" lon="121.1302549"/>
 <node id="8383506529" visible="true" version="1" changeset="98502761" timestamp="2021-02-01T10:32:36Z" user="mattam_pally" uid="11516748" lat="14.2412075" lon="121.1306322"/>
 <node id="8383506534" visible="true" version="1" changeset="98502761" timestamp="2021-02-01T10:32:36Z" user="mattam_pally" uid="11516748" lat="14.2414753" lon="121.1300377"/>
 <node id="8383506535" visible="true" version="1" changeset="98502761" timestamp="2021-02-01T10:32:36Z" user="mattam_pally" uid="11516748" lat="14.2416282" lon="121.1312180"/>
 <node id="8383506537" visible="true" version="1" changeset="98502761" timestamp="2021-02-01T10:32:36Z" user="mattam_pally" uid="11516748" lat="14.2414113" lon="121.1312883"/>
 <node id="8383506538" visible="true" version="1" changeset="98502761" timestamp="2021-02-01T10:32:36Z" user="mattam_pally" uid="11516748" lat="14.2412544" lon="121.1308011"/>
 <node id="8383506545" visible="true" version="1" changeset="98502761" timestamp="2021-02-01T10:32:36Z" user="mattam_pally" uid="11516748" lat="14.2414438" lon="121.1312883"/>
 <node id="8386340811" visible="true" version="1" changeset="98556976" timestamp="2021-02-02T07:16:15Z" user="reddy_123" uid="11516771" lat="14.2288696" lon="121.1385238"/>
 <node id="8386341661" visible="true" version="1" changeset="98557045" timestamp="2021-02-02T07:17:07Z" user="reddy_123" uid="11516771" lat="14.2294063" lon="121.1381337"/>
 <node id="8386382899" visible="true" version="2" changeset="98945906" timestamp="2021-02-09T05:15:37Z" user="go_vind" uid="11589191" lat="14.2418456" lon="121.1280387"/>
 <node id="8386705511" visible="true" version="2" changeset="112441505" timestamp="2021-10-13T04:46:48Z" user="DP24PH" uid="5752740" lat="14.2656595" lon="121.1270318"/>
 <node id="8678242322" visible="true" version="2" changeset="134446867" timestamp="2023-04-03T09:54:29Z" user="ianlopez1115" uid="44938" lat="14.2425257" lon="121.1172083"/>
 <node id="8678242323" visible="true" version="1" changeset="103811679" timestamp="2021-04-29T04:56:58Z" user="Faxalven" uid="10811374" lat="14.2428565" lon="121.1181653"/>
 <node id="8678242328" visible="true" version="1" changeset="103811679" timestamp="2021-04-29T04:56:58Z" user="Faxalven" uid="10811374" lat="14.2429007" lon="121.1182949"/>
 <node id="8678242333" visible="true" version="1" changeset="103811679" timestamp="2021-04-29T04:56:58Z" user="Faxalven" uid="10811374" lat="14.2425481" lon="121.1172799"/>
 <node id="8678242334" visible="true" version="2" changeset="134446867" timestamp="2023-04-03T09:54:29Z" user="ianlopez1115" uid="44938" lat="14.2419641" lon="121.1152860"/>
 <node id="8678242341" visible="true" version="2" changeset="134446867" timestamp="2023-04-03T09:54:29Z" user="ianlopez1115" uid="44938" lat="14.2420680" lon="121.1156636"/>
 <node id="8678242346" visible="true" version="1" changeset="103811679" timestamp="2021-04-29T04:56:58Z" user="Faxalven" uid="10811374" lat="14.2433456" lon="121.1196443"/>
 <node id="8678272901" visible="true" version="1" changeset="103813539" timestamp="2021-04-29T05:24:43Z" user="Faxalven" uid="10811374" lat="14.2432618" lon="121.1193838"/>
 <node id="8678523739" visible="true" version="1" changeset="103819563" timestamp="2021-04-29T06:51:24Z" user="ForsythPark" uid="10652964" lat="14.2445076" lon="121.1232851"/>
 <node id="8678523742" visible="true" version="1" changeset="103819563" timestamp="2021-04-29T06:51:24Z" user="ForsythPark" uid="10652964" lat="14.2444464" lon="121.1230879"/>
 <node id="8678523748" visible="true" version="1" changeset="103819563" timestamp="2021-04-29T06:51:24Z" user="ForsythPark" uid="10652964" lat="14.2444078" lon="121.1229634"/>
 <node id="8678657250" visible="true" version="1" changeset="103823392" timestamp="2021-04-29T07:38:07Z" user="ForsythPark" uid="10652964" lat="14.2445438" lon="121.1234018"/>
 <node id="8678811265" visible="true" version="3" changeset="176885067" timestamp="2026-01-06T02:09:47Z" user="Randell23" uid="9267725" lat="14.2447820" lon="121.1345101"/>
 <node id="8678902923" visible="true" version="1" changeset="103828705" timestamp="2021-04-29T08:51:47Z" user="ForsythPark" uid="10652964" lat="14.2501429" lon="121.1305536"/>
 <node id="8679122155" visible="true" version="3" changeset="177710629" timestamp="2026-01-26T08:48:44Z" user="Randell23" uid="9267725" lat="14.2443958" lon="121.1331858">
  <tag k="access" v="private"/>
  <tag k="barrier" v="gate"/>
 </node>
 <node id="8679122156" visible="true" version="2" changeset="176885067" timestamp="2026-01-06T02:09:47Z" user="Randell23" uid="9267725" lat="14.2447286" lon="121.1336894"/>
 <node id="8679122157" visible="true" version="2" changeset="176885067" timestamp="2026-01-06T02:09:47Z" user="Randell23" uid="9267725" lat="14.2443252" lon="121.1324425"/>
 <node id="8679122158" visible="true" version="2" changeset="176885067" timestamp="2026-01-06T02:09:47Z" user="Randell23" uid="9267725" lat="14.2445434" lon="121.1331275"/>
 <node id="8679122159" visible="true" version="2" changeset="176885067" timestamp="2026-01-06T02:09:47Z" user="Randell23" uid="9267725" lat="14.2443193" lon="121.1332186"/>
 <node id="8679136822" visible="true" version="1" changeset="103833966" timestamp="2021-04-29T09:58:39Z" user="ForsythPark" uid="10652964" lat="14.2495901" lon="121.1318824"/>
 <node id="8679136823" visible="true" version="1" changeset="103833966" timestamp="2021-04-29T09:58:39Z" user="ForsythPark" uid="10652964" lat="14.2493382" lon="121.1307784"/>
 <node id="8679146966" visible="true" version="1" changeset="103834635" timestamp="2021-04-29T10:06:24Z" user="ForsythPark" uid="10652964" lat="14.2363834" lon="121.1339088"/>
 <node id="8679535886" visible="true" version="1" changeset="103843421" timestamp="2021-04-29T12:03:18Z" user="MtShuksan" uid="10019172" lat="14.2334134" lon="121.1351087"/>
 <node id="8679535892" visible="true" version="1" changeset="103843421" timestamp="2021-04-29T12:03:18Z" user="MtShuksan" uid="10019172" lat="14.2335805" lon="121.1350324"/>
 <node id="8682337824" visible="true" version="1" changeset="103890397" timestamp="2021-04-30T07:19:52Z" user="ForsythPark" uid="10652964" lat="14.2321175" lon="121.1358731"/>
 <node id="8683341977" visible="true" version="1" changeset="103909196" timestamp="2021-04-30T11:27:57Z" user="pendyala_abhiram" uid="12625710" lat="14.2491320" lon="121.1272852"/>
 <node id="8683341978" visible="true" version="2" changeset="114934660" timestamp="2021-12-14T18:17:02Z" user="justin0206" uid="11399710" lat="14.2493273" lon="121.1272564"/>
 <node id="9296074952" visible="true" version="2" changeset="114934660" timestamp="2021-12-14T18:17:02Z" user="justin0206" uid="11399710" lat="14.2491553" lon="121.1272998"/>
 <node id="9338185672" visible="true" version="1" changeset="114934660" timestamp="2021-12-14T18:17:02Z" user="justin0206" uid="11399710" lat="14.2494711" lon="121.1284157"/>
 <node id="9338185673" visible="true" version="1" changeset="114934660" timestamp="2021-12-14T18:17:02Z" user="justin0206" uid="11399710" lat="14.2494913" lon="121.1283811"/>
 <node id="9338185674" visible="true" version="1" changeset="114934660" timestamp="2021-12-14T18:17:02Z" user="justin0206" uid="11399710" lat="14.2495185" lon="121.1286013"/>
 <node id="9338185675" visible="true" version="1" changeset="114934660" timestamp="2021-12-14T18:17:02Z" user="justin0206" uid="11399710" lat="14.2495529" lon="121.1286167"/>
 <node id="9338185677" visible="true" version="1" changeset="114934660" timestamp="2021-12-14T18:17:02Z" user="justin0206" uid="11399710" lat="14.2503310" lon="121.1283984"/>
 <node id="9338185678" visible="true" version="1" changeset="114934660" timestamp="2021-12-14T18:17:02Z" user="justin0206" uid="11399710" lat="14.2502712" lon="121.1281645"/>
 <node id="9338185680" visible="true" version="1" changeset="114934660" timestamp="2021-12-14T18:17:02Z" user="justin0206" uid="11399710" lat="14.2491562" lon="121.1263617"/>
 <node id="9338185681" visible="true" version="1" changeset="114934660" timestamp="2021-12-14T18:17:02Z" user="justin0206" uid="11399710" lat="14.2491418" lon="121.1263967"/>
 <node id="9338185682" visible="true" version="1" changeset="114934660" timestamp="2021-12-14T18:17:02Z" user="justin0206" uid="11399710" lat="14.2497948" lon="121.1261766"/>
 <node id="9338185683" visible="true" version="1" changeset="114934660" timestamp="2021-12-14T18:17:02Z" user="justin0206" uid="11399710" lat="14.2498301" lon="121.1261905"/>
 <node id="9338185684" visible="true" version="1" changeset="114934660" timestamp="2021-12-14T18:17:02Z" user="justin0206" uid="11399710" lat="14.2502348" lon="121.1278860"/>
 <node id="9338185685" visible="true" version="1" changeset="114934660" timestamp="2021-12-14T18:17:02Z" user="justin0206" uid="11399710" lat="14.2502188" lon="121.1279352"/>
 <node id="9424519914" visible="true" version="1" changeset="116238515" timestamp="2022-01-17T06:18:16Z" user="Tyods" uid="419536" lat="14.2429924" lon="121.1282342"/>
 <node id="9424519915" visible="true" version="1" changeset="116238515" timestamp="2022-01-17T06:18:16Z" user="Tyods" uid="419536" lat="14.2428994" lon="121.1284002"/>
 <node id="9424519916" visible="true" version="1" changeset="116238515" timestamp="2022-01-17T06:18:16Z" user="Tyods" uid="419536" lat="14.2427760" lon="121.1283264"/>
 <node id="9424529717" visible="true" version="1" changeset="116238515" timestamp="2022-01-17T06:18:16Z" user="Tyods" uid="419536" lat="14.2428780" lon="121.1281660"/>
 <node id="9544057240" visible="true" version="1" changeset="117927301" timestamp="2022-02-28T03:09:57Z" user="GrabPHJoshua" uid="10044745" lat="14.2407454" lon="121.1260082">
  <tag k="access" v="destination"/>
  <tag k="barrier" v="gate"/>
 </node>
 <node id="9652796716" visible="true" version="1" changeset="119486616" timestamp="2022-04-08T22:08:05Z" user="Gweneth" uid="15527158" lat="14.2428690" lon="121.1309983">
  <tag k="name" v="TRIBO's Wrap"/>
 </node>
 <node id="9813770290" visible="true" version="1" changeset="122308361" timestamp="2022-06-13T06:37:09Z" user="HungryHorse" uid="14854473" lat="14.2520011" lon="121.1292984"/>
 <node id="9813770293" visible="true" version="1" changeset="122308361" timestamp="2022-06-13T06:37:09Z" user="HungryHorse" uid="14854473" lat="14.2521673" lon="121.1292687"/>
 <node id="9813770296" visible="true" version="1" changeset="122308361" timestamp="2022-06-13T06:37:09Z" user="HungryHorse" uid="14854473" lat="14.2499518" lon="121.1296168"/>
 <node id="9813770297" visible="true" version="1" changeset="122308361" timestamp="2022-06-13T06:37:09Z" user="HungryHorse" uid="14854473" lat="14.2499514" lon="121.1296186"/>
 <node id="9813770298" visible="true" version="1" changeset="122308361" timestamp="2022-06-13T06:37:09Z" user="HungryHorse" uid="14854473" lat="14.2498512" lon="121.1292127"/>
 <node id="9813770299" visible="true" version="1" changeset="122308361" timestamp="2022-06-13T06:37:09Z" user="HungryHorse" uid="14854473" lat="14.2498525" lon="121.1292147"/>
 <node id="9813770300" visible="true" version="1" changeset="122308361" timestamp="2022-06-13T06:37:09Z" user="HungryHorse" uid="14854473" lat="14.2499294" lon="121.1291934"/>
 <node id="9813770301" visible="true" version="1" changeset="122308361" timestamp="2022-06-13T06:37:09Z" user="HungryHorse" uid="14854473" lat="14.2500538" lon="121.1295883"/>
 <node id="9813770302" visible="true" version="1" changeset="122308361" timestamp="2022-06-13T06:37:09Z" user="HungryHorse" uid="14854473" lat="14.2500558" lon="121.1295893"/>
 <node id="9813770303" visible="true" version="1" changeset="122308361" timestamp="2022-06-13T06:37:09Z" user="HungryHorse" uid="14854473" lat="14.2500558" lon="121.1295893"/>
 <node id="9813770304" visible="true" version="1" changeset="122308361" timestamp="2022-06-13T06:37:09Z" user="HungryHorse" uid="14854473" lat="14.2489793" lon="121.1285039"/>
 <node id="9813770305" visible="true" version="1" changeset="122308361" timestamp="2022-06-13T06:37:09Z" user="HungryHorse" uid="14854473" lat="14.2491024" lon="121.1284843"/>
 <node id="9813770307" visible="true" version="1" changeset="122308361" timestamp="2022-06-13T06:37:09Z" user="HungryHorse" uid="14854473" lat="14.2501388" lon="121.1295660"/>
 <node id="9813770309" visible="true" version="1" changeset="122308361" timestamp="2022-06-13T06:37:09Z" user="HungryHorse" uid="14854473" lat="14.2502412" lon="121.1295373"/>
 <node id="9813770310" visible="true" version="1" changeset="122308361" timestamp="2022-06-13T06:37:09Z" user="HungryHorse" uid="14854473" lat="14.2502977" lon="121.1298182"/>
 <node id="10962864192" visible="true" version="1" changeset="137078740" timestamp="2023-06-08T04:50:47Z" user="TagaSanPedroAko" uid="2541613" lat="14.2016220" lon="121.1416562">
  <tag k="design" v="flag"/>
  <tag k="height" v="45"/>
  <tag k="line_attachment" v="anchor"/>
  <tag k="material" v="steel"/>
  <tag k="operator" v="National Grid Corporation of the Philippines"/>
  <tag k="operator:short" v="NGCP"/>
  <tag k="operator:wikidata" v="Q28197109"/>
  <tag k="power" v="pole"/>
 </node>
 <node id="11085393498" visible="true" version="1" changeset="139385703" timestamp="2023-08-03T10:14:36Z" user="miroslavuzice87" uid="4611642" lat="14.2425763" lon="121.1342330"/>
 <node id="11085393499" visible="true" version="1" changeset="139385703" timestamp="2023-08-03T10:14:36Z" user="miroslavuzice87" uid="4611642" lat="14.2428327" lon="121.1350571"/>
 <node id="11085393500" visible="true" version="1" changeset="139385703" timestamp="2023-08-03T10:14:36Z" user="miroslavuzice87" uid="4611642" lat="14.2437909" lon="121.1347397"/>
 <node id="11085393501" visible="true" version="1" changeset="139385703" timestamp="2023-08-03T10:14:36Z" user="miroslavuzice87" uid="4611642" lat="14.2435345" lon="121.1339156"/>
 <node id="11490522848" visible="true" version="1" changeset="145906093" timestamp="2024-01-05T05:10:20Z" user="DNEN" uid="19750730" lat="14.2462497" lon="121.1344382"/>
 <node id="11490522851" visible="true" version="1" changeset="145906093" timestamp="2024-01-05T05:10:20Z" user="DNEN" uid="19750730" lat="14.2464648" lon="121.1348362"/>
 <node id="11490522852" visible="true" version="1" changeset="145906093" timestamp="2024-01-05T05:10:20Z" user="DNEN" uid="19750730" lat="14.2454543" lon="121.1341655"/>
 <node id="11490522854" visible="true" version="1" changeset="145906093" timestamp="2024-01-05T05:10:20Z" user="DNEN" uid="19750730" lat="14.2455875" lon="121.1345024"/>
 <node id="11490522855" visible="true" version="1" changeset="145906093" timestamp="2024-01-05T05:10:20Z" user="DNEN" uid="19750730" lat="14.2458063" lon="121.1349676"/>
 <node id="11490522858" visible="true" version="1" changeset="145906093" timestamp="2024-01-05T05:10:20Z" user="DNEN" uid="19750730" lat="14.2458545" lon="121.1350700"/>
 <node id="11490522859" visible="true" version="1" changeset="145906093" timestamp="2024-01-05T05:10:20Z" user="DNEN" uid="19750730" lat="14.2460337" lon="121.1354507"/>
 <node id="11490522861" visible="true" version="1" changeset="145906093" timestamp="2024-01-05T05:10:20Z" user="DNEN" uid="19750730" lat="14.2462298" lon="121.1344509"/>
 <node id="11490522862" visible="true" version="1" changeset="145906093" timestamp="2024-01-05T05:10:20Z" user="DNEN" uid="19750730" lat="14.2464324" lon="121.1348271"/>
 <node id="11490522863" visible="true" version="1" changeset="145906093" timestamp="2024-01-05T05:10:20Z" user="DNEN" uid="19750730" lat="14.2462441" lon="121.1344418"/>
 <node id="11490522866" visible="true" version="1" changeset="145906093" timestamp="2024-01-05T05:10:20Z" user="DNEN" uid="19750730" lat="14.2462837" lon="121.1345509"/>
 <node id="12022628774" visible="true" version="1" changeset="153364050" timestamp="2024-06-30T11:08:21Z" user="jReyes31" uid="21708433" lat="14.2475845" lon="121.1304420"/>
 <node id="12022628775" visible="true" version="1" changeset="153364050" timestamp="2024-06-30T11:08:21Z" user="jReyes31" uid="21708433" lat="14.2475916" lon="121.1304688"/>
 <node id="12022628776" visible="true" version="1" changeset="153364050" timestamp="2024-06-30T11:08:21Z" user="jReyes31" uid="21708433" lat="14.2476056" lon="121.1304631"/>
 <node id="12022628777" visible="true" version="1" changeset="153364050" timestamp="2024-06-30T11:08:21Z" user="jReyes31" uid="21708433" lat="14.2475978" lon="121.1304366"/>
 <node id="12075462088" visible="true" version="1" changeset="154446801" timestamp="2024-07-26T14:47:17Z" user="LakePeipus" uid="16853698" lat="14.2422846" lon="121.1315387"/>
 <node id="12075462089" visible="true" version="1" changeset="154446801" timestamp="2024-07-26T14:47:17Z" user="LakePeipus" uid="16853698" lat="14.2422309" lon="121.1313778"/>
 <node id="12075462090" visible="true" version="1" changeset="154446801" timestamp="2024-07-26T14:47:17Z" user="LakePeipus" uid="16853698" lat="14.2422351" lon="121.1313546"/>
 <node id="12075462091" visible="true" version="1" changeset="154446801" timestamp="2024-07-26T14:47:17Z" user="LakePeipus" uid="16853698" lat="14.2422471" lon="121.1313453"/>
 <node id="12075462092" visible="true" version="1" changeset="154446801" timestamp="2024-07-26T14:47:17Z" user="LakePeipus" uid="16853698" lat="14.2426328" lon="121.1311909"/>
 <node id="12150727067" visible="true" version="1" changeset="156077733" timestamp="2024-09-02T03:09:56Z" user="Swedishcanal" uid="18064906" lat="14.2429400" lon="121.1337398"/>
 <node id="12150727068" visible="true" version="1" changeset="156077733" timestamp="2024-09-02T03:09:56Z" user="Swedishcanal" uid="18064906" lat="14.2427775" lon="121.1334769"/>
 <node id="12150727069" visible="true" version="1" changeset="156077733" timestamp="2024-09-02T03:09:56Z" user="Swedishcanal" uid="18064906" lat="14.2428737" lon="121.1337143"/>
 <node id="12150727070" visible="true" version="1" changeset="156077733" timestamp="2024-09-02T03:09:56Z" user="Swedishcanal" uid="18064906" lat="14.2429023" lon="121.1337344"/>
 <node id="12150727071" visible="true" version="1" changeset="156077733" timestamp="2024-09-02T03:09:56Z" user="Swedishcanal" uid="18064906" lat="14.2428186" lon="121.1336094"/>
 <node id="12150727072" visible="true" version="1" changeset="156077733" timestamp="2024-09-02T03:09:56Z" user="Swedishcanal" uid="18064906" lat="14.2429257" lon="121.1351359"/>
 <node id="12150727073" visible="true" version="1" changeset="156077733" timestamp="2024-09-02T03:09:56Z" user="Swedishcanal" uid="18064906" lat="14.2438096" lon="121.1348288"/>
 <node id="12150727074" visible="true" version="1" changeset="156077733" timestamp="2024-09-02T03:09:56Z" user="Swedishcanal" uid="18064906" lat="14.2438382" lon="121.1348087"/>
 <node id="12150727075" visible="true" version="1" changeset="156077733" timestamp="2024-09-02T03:09:56Z" user="Swedishcanal" uid="18064906" lat="14.2438577" lon="121.1347604"/>
 <node id="12150727076" visible="true" version="1" changeset="156077733" timestamp="2024-09-02T03:09:56Z" user="Swedishcanal" uid="18064906" lat="14.2438434" lon="121.1346933"/>
 <node id="12150727077" visible="true" version="1" changeset="156077733" timestamp="2024-09-02T03:09:56Z" user="Swedishcanal" uid="18064906" lat="14.2438226" lon="121.1346088"/>
 <node id="12150727078" visible="true" version="1" changeset="156077733" timestamp="2024-09-02T03:09:56Z" user="Swedishcanal" uid="18064906" lat="14.2427827" lon="121.1334488"/>
 <node id="12150727079" visible="true" version="1" changeset="156077733" timestamp="2024-09-02T03:09:56Z" user="Swedishcanal" uid="18064906" lat="14.2434404" lon="121.1332060"/>
 <node id="12150797285" visible="true" version="1" changeset="156077642" timestamp="2024-09-02T03:04:26Z" user="Swedishcanal" uid="18064906" lat="14.2436283" lon="121.1338893"/>
 <node id="12150797286" visible="true" version="2" changeset="156077733" timestamp="2024-09-02T03:09:56Z" user="Swedishcanal" uid="18064906" lat="14.2435197" lon="121.1335306"/>
 <node id="12150797287" visible="true" version="2" changeset="156077733" timestamp="2024-09-02T03:09:56Z" user="Swedishcanal" uid="18064906" lat="14.2434827" lon="121.1333643"/>
 <node id="12150797288" visible="true" version="1" changeset="156077642" timestamp="2024-09-02T03:04:26Z" user="Swedishcanal" uid="18064906" lat="14.2434047" lon="121.1330713"/>
 <node id="12150797289" visible="true" version="1" changeset="156077642" timestamp="2024-09-02T03:04:26Z" user="Swedishcanal" uid="18064906" lat="14.2433364" lon="121.1328480"/>
 <node id="12150797290" visible="true" version="1" changeset="156077642" timestamp="2024-09-02T03:04:26Z" user="Swedishcanal" uid="18064906" lat="14.2432792" lon="121.1326616"/>
 <node id="12150797291" visible="true" version="1" changeset="156077642" timestamp="2024-09-02T03:04:26Z" user="Swedishcanal" uid="18064906" lat="14.2432149" lon="121.1324530"/>
 <node id="12150797292" visible="true" version="1" changeset="156077642" timestamp="2024-09-02T03:04:26Z" user="Swedishcanal" uid="18064906" lat="14.2431720" lon="121.1323169"/>
 <node id="12150797293" visible="true" version="1" changeset="156077642" timestamp="2024-09-02T03:04:26Z" user="Swedishcanal" uid="18064906" lat="14.2430277" lon="121.1318321"/>
 <node id="12153007370" visible="true" version="1" changeset="156125092" timestamp="2024-09-03T05:22:50Z" user="Swedishcanal" uid="18064906" lat="14.2435080" lon="121.1334676"/>
 <node id="12153007371" visible="true" version="1" changeset="156125092" timestamp="2024-09-03T05:22:50Z" user="Swedishcanal" uid="18064906" lat="14.2431285" lon="121.1333173"/>
 <node id="12450729923" visible="true" version="1" changeset="160595391" timestamp="2024-12-25T08:20:10Z" user="vasqaa" uid="20928010" lat="14.2427677" lon="121.1140484"/>
 <node id="12450729924" visible="true" version="1" changeset="160595391" timestamp="2024-12-25T08:20:10Z" user="vasqaa" uid="20928010" lat="14.2429870" lon="121.1149500"/>
 <node id="12450729925" visible="true" version="1" changeset="160595391" timestamp="2024-12-25T08:20:10Z" user="vasqaa" uid="20928010" lat="14.2458232" lon="121.1218427"/>
 <node id="12450729926" visible="true" version="1" changeset="160595391" timestamp="2024-12-25T08:20:10Z" user="vasqaa" uid="20928010" lat="14.2489245" lon="121.1285190"/>
 <node id="12450729927" visible="true" version="1" changeset="160595391" timestamp="2024-12-25T08:20:10Z" user="vasqaa" uid="20928010" lat="14.2492583" lon="121.1298259"/>
 <node id="12450729928" visible="true" version="1" changeset="160595391" timestamp="2024-12-25T08:20:10Z" user="vasqaa" uid="20928010" lat="14.2516980" lon="121.1376611"/>
 <node id="12450729929" visible="true" version="1" changeset="160595391" timestamp="2024-12-25T08:20:10Z" user="vasqaa" uid="20928010" lat="14.2534802" lon="121.1418460"/>
 <node id="12450729930" visible="true" version="1" changeset="160595391" timestamp="2024-12-25T08:20:10Z" user="vasqaa" uid="20928010" lat="14.2538074" lon="121.1437152"/>
 <node id="12450729931" visible="true" version="1" changeset="160595391" timestamp="2024-12-25T08:20:10Z" user="vasqaa" uid="20928010" lat="14.2539282" lon="121.1448421"/>
 <node id="12450729932" visible="true" version="1" changeset="160595391" timestamp="2024-12-25T08:20:10Z" user="vasqaa" uid="20928010" lat="14.2538129" lon="121.1449383"/>
 <node id="12450729933" visible="true" version="1" changeset="160595391" timestamp="2024-12-25T08:20:10Z" user="vasqaa" uid="20928010" lat="14.2541258" lon="121.1460199"/>
 <node id="12450729934" visible="true" version="1" changeset="160595391" timestamp="2024-12-25T08:20:10Z" user="vasqaa" uid="20928010" lat="14.2546088" lon="121.1471809"/>
 <node id="12450729945" visible="true" version="1" changeset="160595391" timestamp="2024-12-25T08:20:10Z" user="vasqaa" uid="20928010" lat="14.2390486" lon="121.1328656"/>
 <node id="12450729946" visible="true" version="1" changeset="160595391" timestamp="2024-12-25T08:20:10Z" user="vasqaa" uid="20928010" lat="14.2392835" lon="121.1327702"/>
 <node id="12533344705" visible="true" version="1" changeset="161768078" timestamp="2025-01-26T03:57:33Z" user="Bukas Kalye Mapa" uid="20666204" lat="14.2490030" lon="121.1325793"/>
 <node id="12533344706" visible="true" version="1" changeset="161768078" timestamp="2025-01-26T03:57:33Z" user="Bukas Kalye Mapa" uid="20666204" lat="14.2489127" lon="121.1326014"/>
 <node id="12533344707" visible="true" version="1" changeset="161768078" timestamp="2025-01-26T03:57:33Z" user="Bukas Kalye Mapa" uid="20666204" lat="14.2488966" lon="121.1325315"/>
 <node id="12533344708" visible="true" version="1" changeset="161768078" timestamp="2025-01-26T03:57:33Z" user="Bukas Kalye Mapa" uid="20666204" lat="14.2489869" lon="121.1325093"/>
 <node id="12533344709" visible="true" version="1" changeset="161768078" timestamp="2025-01-26T03:57:33Z" user="Bukas Kalye Mapa" uid="20666204" lat="14.2489848" lon="121.1324911"/>
 <node id="12533344710" visible="true" version="1" changeset="161768078" timestamp="2025-01-26T03:57:33Z" user="Bukas Kalye Mapa" uid="20666204" lat="14.2488925" lon="121.1325165"/>
 <node id="12533344711" visible="true" version="1" changeset="161768078" timestamp="2025-01-26T03:57:33Z" user="Bukas Kalye Mapa" uid="20666204" lat="14.2488732" lon="121.1324423"/>
 <node id="12533344712" visible="true" version="1" changeset="161768078" timestamp="2025-01-26T03:57:33Z" user="Bukas Kalye Mapa" uid="20666204" lat="14.2489655" lon="121.1324168"/>
 <node id="12533344713" visible="true" version="1" changeset="161768078" timestamp="2025-01-26T03:57:33Z" user="Bukas Kalye Mapa" uid="20666204" lat="14.2489592" lon="121.1324008"/>
 <node id="12533344714" visible="true" version="1" changeset="161768078" timestamp="2025-01-26T03:57:33Z" user="Bukas Kalye Mapa" uid="20666204" lat="14.2488636" lon="121.1324243"/>
 <node id="12533344715" visible="true" version="1" changeset="161768078" timestamp="2025-01-26T03:57:33Z" user="Bukas Kalye Mapa" uid="20666204" lat="14.2488472" lon="121.1323531"/>
 <node id="12533344716" visible="true" version="1" changeset="161768078" timestamp="2025-01-26T03:57:33Z" user="Bukas Kalye Mapa" uid="20666204" lat="14.2489427" lon="121.1323296"/>
 <node id="12533344717" visible="true" version="1" changeset="161768078" timestamp="2025-01-26T03:57:33Z" user="Bukas Kalye Mapa" uid="20666204" lat="14.2489358" lon="121.1323117"/>
 <node id="12533344718" visible="true" version="1" changeset="161768078" timestamp="2025-01-26T03:57:33Z" user="Bukas Kalye Mapa" uid="20666204" lat="14.2488396" lon="121.1323325"/>
 <node id="12533344719" visible="true" version="1" changeset="161768078" timestamp="2025-01-26T03:57:33Z" user="Bukas Kalye Mapa" uid="20666204" lat="14.2488238" lon="121.1322545"/>
 <node id="12533344720" visible="true" version="1" changeset="161768078" timestamp="2025-01-26T03:57:33Z" user="Bukas Kalye Mapa" uid="20666204" lat="14.2489200" lon="121.1322337"/>
 <node id="12533344721" visible="true" version="1" changeset="161768078" timestamp="2025-01-26T03:57:33Z" user="Bukas Kalye Mapa" uid="20666204" lat="14.2489100" lon="121.1322169"/>
 <node id="12533344722" visible="true" version="1" changeset="161768078" timestamp="2025-01-26T03:57:33Z" user="Bukas Kalye Mapa" uid="20666204" lat="14.2488164" lon="121.1322337"/>
 <node id="12533344723" visible="true" version="1" changeset="161768078" timestamp="2025-01-26T03:57:33Z" user="Bukas Kalye Mapa" uid="20666204" lat="14.2488043" lon="121.1321620"/>
 <node id="12533344724" visible="true" version="1" changeset="161768078" timestamp="2025-01-26T03:57:33Z" user="Bukas Kalye Mapa" uid="20666204" lat="14.2488979" lon="121.1321452"/>
 <node id="12533344725" visible="true" version="1" changeset="161768078" timestamp="2025-01-26T03:57:33Z" user="Bukas Kalye Mapa" uid="20666204" lat="14.2488953" lon="121.1321258"/>
 <node id="12533344726" visible="true" version="1" changeset="161768078" timestamp="2025-01-26T03:57:33Z" user="Bukas Kalye Mapa" uid="20666204" lat="14.2488043" lon="121.1321426"/>
 <node id="12533344727" visible="true" version="1" changeset="161768078" timestamp="2025-01-26T03:57:33Z" user="Bukas Kalye Mapa" uid="20666204" lat="14.2487913" lon="121.1320674"/>
 <node id="12533344728" visible="true" version="1" changeset="161768078" timestamp="2025-01-26T03:57:33Z" user="Bukas Kalye Mapa" uid="20666204" lat="14.2488823" lon="121.1320507"/>
 <node id="12533344729" visible="true" version="1" changeset="161768078" timestamp="2025-01-26T03:57:33Z" user="Bukas Kalye Mapa" uid="20666204" lat="14.2491361" lon="121.1326468"/>
 <node id="12533344730" visible="true" version="1" changeset="161768078" timestamp="2025-01-26T03:57:33Z" user="Bukas Kalye Mapa" uid="20666204" lat="14.2490484" lon="121.1326709"/>
 <node id="12533344731" visible="true" version="1" changeset="161768078" timestamp="2025-01-26T03:57:33Z" user="Bukas Kalye Mapa" uid="20666204" lat="14.2490272" lon="121.1325891"/>
 <node id="12533344732" visible="true" version="1" changeset="161768078" timestamp="2025-01-26T03:57:33Z" user="Bukas Kalye Mapa" uid="20666204" lat="14.2491150" lon="121.1325650"/>
 <node id="12533344733" visible="true" version="1" changeset="161768078" timestamp="2025-01-26T03:57:33Z" user="Bukas Kalye Mapa" uid="20666204" lat="14.2491089" lon="121.1325489"/>
 <node id="12533344734" visible="true" version="1" changeset="161768078" timestamp="2025-01-26T03:57:33Z" user="Bukas Kalye Mapa" uid="20666204" lat="14.2490199" lon="121.1325697"/>
 <node id="12533344735" visible="true" version="1" changeset="161768078" timestamp="2025-01-26T03:57:33Z" user="Bukas Kalye Mapa" uid="20666204" lat="14.2490058" lon="121.1325053"/>
 <node id="12533344736" visible="true" version="1" changeset="161768078" timestamp="2025-01-26T03:57:33Z" user="Bukas Kalye Mapa" uid="20666204" lat="14.2490948" lon="121.1324845"/>
 <node id="12533344737" visible="true" version="1" changeset="161768078" timestamp="2025-01-26T03:57:33Z" user="Bukas Kalye Mapa" uid="20666204" lat="14.2490930" lon="121.1324630"/>
 <node id="12533344738" visible="true" version="1" changeset="161768078" timestamp="2025-01-26T03:57:33Z" user="Bukas Kalye Mapa" uid="20666204" lat="14.2490020" lon="121.1324845"/>
 <node id="12533344739" visible="true" version="1" changeset="161768078" timestamp="2025-01-26T03:57:33Z" user="Bukas Kalye Mapa" uid="20666204" lat="14.2489876" lon="121.1324195"/>
 <node id="12533344740" visible="true" version="1" changeset="161768078" timestamp="2025-01-26T03:57:33Z" user="Bukas Kalye Mapa" uid="20666204" lat="14.2490786" lon="121.1323980"/>
 <node id="12533344741" visible="true" version="1" changeset="161768078" timestamp="2025-01-26T03:57:33Z" user="Bukas Kalye Mapa" uid="20666204" lat="14.2490703" lon="121.1323748"/>
 <node id="12533344742" visible="true" version="1" changeset="161768078" timestamp="2025-01-26T03:57:33Z" user="Bukas Kalye Mapa" uid="20666204" lat="14.2489820" lon="121.1323935"/>
 <node id="12533344743" visible="true" version="1" changeset="161768078" timestamp="2025-01-26T03:57:33Z" user="Bukas Kalye Mapa" uid="20666204" lat="14.2489668" lon="121.1323176"/>
 <node id="12533344744" visible="true" version="1" changeset="161768078" timestamp="2025-01-26T03:57:33Z" user="Bukas Kalye Mapa" uid="20666204" lat="14.2490552" lon="121.1322988"/>
 <node id="12533344745" visible="true" version="1" changeset="161768078" timestamp="2025-01-26T03:57:33Z" user="Bukas Kalye Mapa" uid="20666204" lat="14.2490498" lon="121.1322734"/>
 <node id="12533344746" visible="true" version="1" changeset="161768078" timestamp="2025-01-26T03:57:33Z" user="Bukas Kalye Mapa" uid="20666204" lat="14.2489653" lon="121.1322962"/>
 <node id="12533344747" visible="true" version="1" changeset="161768078" timestamp="2025-01-26T03:57:33Z" user="Bukas Kalye Mapa" uid="20666204" lat="14.2489479" lon="121.1322277"/>
 <node id="12533344748" visible="true" version="1" changeset="161768078" timestamp="2025-01-26T03:57:33Z" user="Bukas Kalye Mapa" uid="20666204" lat="14.2490324" lon="121.1322049"/>
 <node id="12533344749" visible="true" version="1" changeset="161768078" timestamp="2025-01-26T03:57:33Z" user="Bukas Kalye Mapa" uid="20666204" lat="14.2490308" lon="121.1321894"/>
 <node id="12533344750" visible="true" version="1" changeset="161768078" timestamp="2025-01-26T03:57:33Z" user="Bukas Kalye Mapa" uid="20666204" lat="14.2489424" lon="121.1322062"/>
 <node id="12533344751" visible="true" version="1" changeset="161768078" timestamp="2025-01-26T03:57:33Z" user="Bukas Kalye Mapa" uid="20666204" lat="14.2489304" lon="121.1321385"/>
 <node id="12533344752" visible="true" version="1" changeset="161768078" timestamp="2025-01-26T03:57:33Z" user="Bukas Kalye Mapa" uid="20666204" lat="14.2490188" lon="121.1321218"/>
 <node id="12533344753" visible="true" version="1" changeset="161768078" timestamp="2025-01-26T03:57:33Z" user="Bukas Kalye Mapa" uid="20666204" lat="14.2490149" lon="121.1321071"/>
 <node id="12533344754" visible="true" version="1" changeset="161768078" timestamp="2025-01-26T03:57:33Z" user="Bukas Kalye Mapa" uid="20666204" lat="14.2489200" lon="121.1321252"/>
 <node id="12533344755" visible="true" version="1" changeset="161768078" timestamp="2025-01-26T03:57:33Z" user="Bukas Kalye Mapa" uid="20666204" lat="14.2489051" lon="121.1320420"/>
 <node id="12533344756" visible="true" version="1" changeset="161768078" timestamp="2025-01-26T03:57:33Z" user="Bukas Kalye Mapa" uid="20666204" lat="14.2489999" lon="121.1320239"/>
 <node id="12533344757" visible="true" version="1" changeset="161768078" timestamp="2025-01-26T03:57:33Z" user="Bukas Kalye Mapa" uid="20666204" lat="14.2487767" lon="121.1314847"/>
 <node id="12533344758" visible="true" version="1" changeset="161768078" timestamp="2025-01-26T03:57:33Z" user="Bukas Kalye Mapa" uid="20666204" lat="14.2487943" lon="121.1315732"/>
 <node id="12533344759" visible="true" version="1" changeset="161768078" timestamp="2025-01-26T03:57:33Z" user="Bukas Kalye Mapa" uid="20666204" lat="14.2488511" lon="121.1315612"/>
 <node id="12533344760" visible="true" version="1" changeset="161768078" timestamp="2025-01-26T03:57:33Z" user="Bukas Kalye Mapa" uid="20666204" lat="14.2488336" lon="121.1314727"/>
 <node id="12533344761" visible="true" version="1" changeset="161768078" timestamp="2025-01-26T03:57:33Z" user="Bukas Kalye Mapa" uid="20666204" lat="14.2487555" lon="121.1313755"/>
 <node id="12533344762" visible="true" version="1" changeset="161768078" timestamp="2025-01-26T03:57:33Z" user="Bukas Kalye Mapa" uid="20666204" lat="14.2487776" lon="121.1314707"/>
 <node id="12533344763" visible="true" version="1" changeset="161768078" timestamp="2025-01-26T03:57:33Z" user="Bukas Kalye Mapa" uid="20666204" lat="14.2488323" lon="121.1314572"/>
 <node id="12533344764" visible="true" version="1" changeset="161768078" timestamp="2025-01-26T03:57:33Z" user="Bukas Kalye Mapa" uid="20666204" lat="14.2488102" lon="121.1313620"/>
 <node id="12533344765" visible="true" version="1" changeset="161768078" timestamp="2025-01-26T03:57:33Z" user="Bukas Kalye Mapa" uid="20666204" lat="14.2486652" lon="121.1313955"/>
 <node id="12533344766" visible="true" version="1" changeset="161768078" timestamp="2025-01-26T03:57:33Z" user="Bukas Kalye Mapa" uid="20666204" lat="14.2486873" lon="121.1314881"/>
 <node id="12533344767" visible="true" version="1" changeset="161768078" timestamp="2025-01-26T03:57:33Z" user="Bukas Kalye Mapa" uid="20666204" lat="14.2487426" lon="121.1314740"/>
 <node id="12533344768" visible="true" version="1" changeset="161768078" timestamp="2025-01-26T03:57:33Z" user="Bukas Kalye Mapa" uid="20666204" lat="14.2487205" lon="121.1313815"/>
 <node id="12533344769" visible="true" version="1" changeset="161768078" timestamp="2025-01-26T03:57:33Z" user="Bukas Kalye Mapa" uid="20666204" lat="14.2486048" lon="121.1315270"/>
 <node id="12533344770" visible="true" version="1" changeset="161768078" timestamp="2025-01-26T03:57:33Z" user="Bukas Kalye Mapa" uid="20666204" lat="14.2486308" lon="121.1316275"/>
 <node id="12533344771" visible="true" version="1" changeset="161768078" timestamp="2025-01-26T03:57:33Z" user="Bukas Kalye Mapa" uid="20666204" lat="14.2486893" lon="121.1316115"/>
 <node id="12533344772" visible="true" version="1" changeset="161768078" timestamp="2025-01-26T03:57:33Z" user="Bukas Kalye Mapa" uid="20666204" lat="14.2486633" lon="121.1315109"/>
 <node id="12533344773" visible="true" version="1" changeset="161768078" timestamp="2025-01-26T03:57:33Z" user="Bukas Kalye Mapa" uid="20666204" lat="14.2484997" lon="121.1314391"/>
 <node id="12533344774" visible="true" version="1" changeset="161768078" timestamp="2025-01-26T03:57:33Z" user="Bukas Kalye Mapa" uid="20666204" lat="14.2485251" lon="121.1315357"/>
 <node id="12533344775" visible="true" version="1" changeset="161768078" timestamp="2025-01-26T03:57:33Z" user="Bukas Kalye Mapa" uid="20666204" lat="14.2485729" lon="121.1315223"/>
 <node id="12533344776" visible="true" version="1" changeset="161768078" timestamp="2025-01-26T03:57:33Z" user="Bukas Kalye Mapa" uid="20666204" lat="14.2485476" lon="121.1314257"/>
 <node id="12533344777" visible="true" version="1" changeset="161768078" timestamp="2025-01-26T03:57:33Z" user="Bukas Kalye Mapa" uid="20666204" lat="14.2484146" lon="121.1315567"/>
 <node id="12533344778" visible="true" version="1" changeset="161768078" timestamp="2025-01-26T03:57:33Z" user="Bukas Kalye Mapa" uid="20666204" lat="14.2484393" lon="121.1316748"/>
 <node id="12533344779" visible="true" version="1" changeset="161768078" timestamp="2025-01-26T03:57:33Z" user="Bukas Kalye Mapa" uid="20666204" lat="14.2485157" lon="121.1316577"/>
 <node id="12533344780" visible="true" version="1" changeset="161768078" timestamp="2025-01-26T03:57:33Z" user="Bukas Kalye Mapa" uid="20666204" lat="14.2484910" lon="121.1315397"/>
 <node id="12533344781" visible="true" version="1" changeset="161768078" timestamp="2025-01-26T03:57:33Z" user="Bukas Kalye Mapa" uid="20666204" lat="14.2483152" lon="121.1314862"/>
 <node id="12533344782" visible="true" version="1" changeset="161768078" timestamp="2025-01-26T03:57:33Z" user="Bukas Kalye Mapa" uid="20666204" lat="14.2483347" lon="121.1315794"/>
 <node id="12533344783" visible="true" version="1" changeset="161768078" timestamp="2025-01-26T03:57:33Z" user="Bukas Kalye Mapa" uid="20666204" lat="14.2483955" lon="121.1315659"/>
 <node id="12533344784" visible="true" version="1" changeset="161768078" timestamp="2025-01-26T03:57:33Z" user="Bukas Kalye Mapa" uid="20666204" lat="14.2483760" lon="121.1314727"/>
 <node id="12533344785" visible="true" version="1" changeset="161768078" timestamp="2025-01-26T03:57:33Z" user="Bukas Kalye Mapa" uid="20666204" lat="14.2482270" lon="121.1314883"/>
 <node id="12533344786" visible="true" version="1" changeset="161768078" timestamp="2025-01-26T03:57:33Z" user="Bukas Kalye Mapa" uid="20666204" lat="14.2482478" lon="121.1315909"/>
 <node id="12533344787" visible="true" version="1" changeset="161768078" timestamp="2025-01-26T03:57:33Z" user="Bukas Kalye Mapa" uid="20666204" lat="14.2483110" lon="121.1315773"/>
 <node id="12533344788" visible="true" version="1" changeset="161768078" timestamp="2025-01-26T03:57:33Z" user="Bukas Kalye Mapa" uid="20666204" lat="14.2482902" lon="121.1314747"/>
 <node id="12533344789" visible="true" version="1" changeset="161768078" timestamp="2025-01-26T03:57:33Z" user="Bukas Kalye Mapa" uid="20666204" lat="14.2482476" lon="121.1316120"/>
 <node id="12533344790" visible="true" version="1" changeset="161768078" timestamp="2025-01-26T03:57:33Z" user="Bukas Kalye Mapa" uid="20666204" lat="14.2482691" lon="121.1317153"/>
 <node id="12533344791" visible="true" version="1" changeset="161768078" timestamp="2025-01-26T03:57:33Z" user="Bukas Kalye Mapa" uid="20666204" lat="14.2483292" lon="121.1317020"/>
 <node id="12533344792" visible="true" version="1" changeset="161768078" timestamp="2025-01-26T03:57:33Z" user="Bukas Kalye Mapa" uid="20666204" lat="14.2483078" lon="121.1315987"/>
 <node id="12533344793" visible="true" version="1" changeset="161768078" timestamp="2025-01-26T03:57:33Z" user="Bukas Kalye Mapa" uid="20666204" lat="14.2479845" lon="121.1315648"/>
 <node id="12533344794" visible="true" version="1" changeset="161768078" timestamp="2025-01-26T03:57:33Z" user="Bukas Kalye Mapa" uid="20666204" lat="14.2480059" lon="121.1316634"/>
 <node id="12533344795" visible="true" version="1" changeset="161768078" timestamp="2025-01-26T03:57:33Z" user="Bukas Kalye Mapa" uid="20666204" lat="14.2480562" lon="121.1316517"/>
 <node id="12533344796" visible="true" version="1" changeset="161768078" timestamp="2025-01-26T03:57:33Z" user="Bukas Kalye Mapa" uid="20666204" lat="14.2480348" lon="121.1315531"/>
 <node id="12533344797" visible="true" version="1" changeset="161768078" timestamp="2025-01-26T03:57:33Z" user="Bukas Kalye Mapa" uid="20666204" lat="14.2480746" lon="121.1316653"/>
 <node id="12533344798" visible="true" version="1" changeset="161768078" timestamp="2025-01-26T03:57:33Z" user="Bukas Kalye Mapa" uid="20666204" lat="14.2480954" lon="121.1317538"/>
 <node id="12533344799" visible="true" version="1" changeset="161768078" timestamp="2025-01-26T03:57:33Z" user="Bukas Kalye Mapa" uid="20666204" lat="14.2481550" lon="121.1317389"/>
 <node id="12533344800" visible="true" version="1" changeset="161768078" timestamp="2025-01-26T03:57:33Z" user="Bukas Kalye Mapa" uid="20666204" lat="14.2481342" lon="121.1316504"/>
 <node id="12533360701" visible="true" version="1" changeset="161768078" timestamp="2025-01-26T03:57:33Z" user="Bukas Kalye Mapa" uid="20666204" lat="14.2481424" lon="121.1315275"/>
 <node id="12533360702" visible="true" version="1" changeset="161768078" timestamp="2025-01-26T03:57:33Z" user="Bukas Kalye Mapa" uid="20666204" lat="14.2481652" lon="121.1316261"/>
 <node id="12533360703" visible="true" version="1" changeset="161768078" timestamp="2025-01-26T03:57:33Z" user="Bukas Kalye Mapa" uid="20666204" lat="14.2482220" lon="121.1316121"/>
 <node id="12533360704" visible="true" version="1" changeset="161768078" timestamp="2025-01-26T03:57:33Z" user="Bukas Kalye Mapa" uid="20666204" lat="14.2481992" lon="121.1315136"/>
 <node id="12533360705" visible="true" version="1" changeset="161768078" timestamp="2025-01-26T03:57:33Z" user="Bukas Kalye Mapa" uid="20666204" lat="14.2488475" lon="121.1317956"/>
 <node id="12533360706" visible="true" version="1" changeset="161768078" timestamp="2025-01-26T03:57:33Z" user="Bukas Kalye Mapa" uid="20666204" lat="14.2488664" lon="121.1318807"/>
 <node id="12533360707" visible="true" version="1" changeset="161768078" timestamp="2025-01-26T03:57:33Z" user="Bukas Kalye Mapa" uid="20666204" lat="14.2489278" lon="121.1318663"/>
 <node id="12533360708" visible="true" version="1" changeset="161768078" timestamp="2025-01-26T03:57:33Z" user="Bukas Kalye Mapa" uid="20666204" lat="14.2489089" lon="121.1317811"/>
 <node id="12533360709" visible="true" version="1" changeset="161768078" timestamp="2025-01-26T03:57:33Z" user="Bukas Kalye Mapa" uid="20666204" lat="14.2487550" lon="121.1318118"/>
 <node id="12533360710" visible="true" version="1" changeset="161768078" timestamp="2025-01-26T03:57:33Z" user="Bukas Kalye Mapa" uid="20666204" lat="14.2487778" lon="121.1319084"/>
 <node id="12533360711" visible="true" version="1" changeset="161768078" timestamp="2025-01-26T03:57:33Z" user="Bukas Kalye Mapa" uid="20666204" lat="14.2488440" lon="121.1318918"/>
 <node id="12533360712" visible="true" version="1" changeset="161768078" timestamp="2025-01-26T03:57:33Z" user="Bukas Kalye Mapa" uid="20666204" lat="14.2488212" lon="121.1317952"/>
 <node id="12533360713" visible="true" version="1" changeset="161768078" timestamp="2025-01-26T03:57:33Z" user="Bukas Kalye Mapa" uid="20666204" lat="14.2487266" lon="121.1316883"/>
 <node id="12533360714" visible="true" version="1" changeset="161768078" timestamp="2025-01-26T03:57:33Z" user="Bukas Kalye Mapa" uid="20666204" lat="14.2487416" lon="121.1317882"/>
 <node id="12533360715" visible="true" version="1" changeset="161768078" timestamp="2025-01-26T03:57:33Z" user="Bukas Kalye Mapa" uid="20666204" lat="14.2488069" lon="121.1317778"/>
 <node id="12533360716" visible="true" version="1" changeset="161768078" timestamp="2025-01-26T03:57:33Z" user="Bukas Kalye Mapa" uid="20666204" lat="14.2487920" lon="121.1316779"/>
 <node id="12533360717" visible="true" version="1" changeset="161768078" timestamp="2025-01-26T03:57:33Z" user="Bukas Kalye Mapa" uid="20666204" lat="14.2486630" lon="121.1318310"/>
 <node id="12533360718" visible="true" version="1" changeset="161768078" timestamp="2025-01-26T03:57:33Z" user="Bukas Kalye Mapa" uid="20666204" lat="14.2486844" lon="121.1319310"/>
 <node id="12533360719" visible="true" version="1" changeset="161768078" timestamp="2025-01-26T03:57:33Z" user="Bukas Kalye Mapa" uid="20666204" lat="14.2487562" lon="121.1319146"/>
 <node id="12533360720" visible="true" version="1" changeset="161768078" timestamp="2025-01-26T03:57:33Z" user="Bukas Kalye Mapa" uid="20666204" lat="14.2487348" lon="121.1318146"/>
 <node id="12533360721" visible="true" version="1" changeset="161768078" timestamp="2025-01-26T03:57:33Z" user="Bukas Kalye Mapa" uid="20666204" lat="14.2485480" lon="121.1317341"/>
 <node id="12533360722" visible="true" version="1" changeset="161768078" timestamp="2025-01-26T03:57:33Z" user="Bukas Kalye Mapa" uid="20666204" lat="14.2485701" lon="121.1318387"/>
 <node id="12533360723" visible="true" version="1" changeset="161768078" timestamp="2025-01-26T03:57:33Z" user="Bukas Kalye Mapa" uid="20666204" lat="14.2486444" lon="121.1318220"/>
 <node id="12533360724" visible="true" version="1" changeset="161768078" timestamp="2025-01-26T03:57:33Z" user="Bukas Kalye Mapa" uid="20666204" lat="14.2486223" lon="121.1317174"/>
 <node id="12533360725" visible="true" version="1" changeset="161768078" timestamp="2025-01-26T03:57:33Z" user="Bukas Kalye Mapa" uid="20666204" lat="14.2484883" lon="121.1318764"/>
 <node id="12533360726" visible="true" version="1" changeset="161768078" timestamp="2025-01-26T03:57:33Z" user="Bukas Kalye Mapa" uid="20666204" lat="14.2485130" lon="121.1319824"/>
 <node id="12533360727" visible="true" version="1" changeset="161768078" timestamp="2025-01-26T03:57:33Z" user="Bukas Kalye Mapa" uid="20666204" lat="14.2485755" lon="121.1319669"/>
 <node id="12533360728" visible="true" version="1" changeset="161768078" timestamp="2025-01-26T03:57:33Z" user="Bukas Kalye Mapa" uid="20666204" lat="14.2485508" lon="121.1318609"/>
 <node id="12533360729" visible="true" version="1" changeset="161768078" timestamp="2025-01-26T03:57:33Z" user="Bukas Kalye Mapa" uid="20666204" lat="14.2483649" lon="121.1317804"/>
 <node id="12533360730" visible="true" version="1" changeset="161768078" timestamp="2025-01-26T03:57:33Z" user="Bukas Kalye Mapa" uid="20666204" lat="14.2483831" lon="121.1318756"/>
 <node id="12533360731" visible="true" version="1" changeset="161768078" timestamp="2025-01-26T03:57:33Z" user="Bukas Kalye Mapa" uid="20666204" lat="14.2484651" lon="121.1318589"/>
 <node id="12533360732" visible="true" version="1" changeset="161768078" timestamp="2025-01-26T03:57:33Z" user="Bukas Kalye Mapa" uid="20666204" lat="14.2484469" lon="121.1317637"/>
 <node id="12533360733" visible="true" version="1" changeset="161768078" timestamp="2025-01-26T03:57:33Z" user="Bukas Kalye Mapa" uid="20666204" lat="14.2484005" lon="121.1319024"/>
 <node id="12533360734" visible="true" version="1" changeset="161768078" timestamp="2025-01-26T03:57:33Z" user="Bukas Kalye Mapa" uid="20666204" lat="14.2484200" lon="121.1319842"/>
 <node id="12533360735" visible="true" version="1" changeset="161768078" timestamp="2025-01-26T03:57:33Z" user="Bukas Kalye Mapa" uid="20666204" lat="14.2484858" lon="121.1319675"/>
 <node id="12533360736" visible="true" version="1" changeset="161768078" timestamp="2025-01-26T03:57:33Z" user="Bukas Kalye Mapa" uid="20666204" lat="14.2484664" lon="121.1318857"/>
 <node id="12533360737" visible="true" version="1" changeset="161768078" timestamp="2025-01-26T03:57:33Z" user="Bukas Kalye Mapa" uid="20666204" lat="14.2483141" lon="121.1319213"/>
 <node id="12533360738" visible="true" version="1" changeset="161768078" timestamp="2025-01-26T03:57:33Z" user="Bukas Kalye Mapa" uid="20666204" lat="14.2483329" lon="121.1320151"/>
 <node id="12533360739" visible="true" version="1" changeset="161768078" timestamp="2025-01-26T03:57:33Z" user="Bukas Kalye Mapa" uid="20666204" lat="14.2483988" lon="121.1320011"/>
 <node id="12533360740" visible="true" version="1" changeset="161768078" timestamp="2025-01-26T03:57:33Z" user="Bukas Kalye Mapa" uid="20666204" lat="14.2483799" lon="121.1319072"/>
 <node id="12533360741" visible="true" version="1" changeset="161768078" timestamp="2025-01-26T03:57:33Z" user="Bukas Kalye Mapa" uid="20666204" lat="14.2482059" lon="121.1318185"/>
 <node id="12533360742" visible="true" version="1" changeset="161768078" timestamp="2025-01-26T03:57:33Z" user="Bukas Kalye Mapa" uid="20666204" lat="14.2482202" lon="121.1319272"/>
 <node id="12533360743" visible="true" version="1" changeset="161768078" timestamp="2025-01-26T03:57:33Z" user="Bukas Kalye Mapa" uid="20666204" lat="14.2482863" lon="121.1319179"/>
 <node id="12533360744" visible="true" version="1" changeset="161768078" timestamp="2025-01-26T03:57:33Z" user="Bukas Kalye Mapa" uid="20666204" lat="14.2482720" lon="121.1318093"/>
 <node id="12533360745" visible="true" version="1" changeset="161768078" timestamp="2025-01-26T03:57:33Z" user="Bukas Kalye Mapa" uid="20666204" lat="14.2481431" lon="121.1319607"/>
 <node id="12533360746" visible="true" version="1" changeset="161768078" timestamp="2025-01-26T03:57:33Z" user="Bukas Kalye Mapa" uid="20666204" lat="14.2481567" lon="121.1320539"/>
 <node id="12533360747" visible="true" version="1" changeset="161768078" timestamp="2025-01-26T03:57:33Z" user="Bukas Kalye Mapa" uid="20666204" lat="14.2482246" lon="121.1320433"/>
 <node id="12533360748" visible="true" version="1" changeset="161768078" timestamp="2025-01-26T03:57:33Z" user="Bukas Kalye Mapa" uid="20666204" lat="14.2482109" lon="121.1319501"/>
 <node id="12533360749" visible="true" version="1" changeset="161768078" timestamp="2025-01-26T03:57:33Z" user="Bukas Kalye Mapa" uid="20666204" lat="14.2480211" lon="121.1318742"/>
 <node id="12533360750" visible="true" version="1" changeset="161768078" timestamp="2025-01-26T03:57:33Z" user="Bukas Kalye Mapa" uid="20666204" lat="14.2480406" lon="121.1319815"/>
 <node id="12533360751" visible="true" version="1" changeset="161768078" timestamp="2025-01-26T03:57:33Z" user="Bukas Kalye Mapa" uid="20666204" lat="14.2481128" lon="121.1319675"/>
 <node id="12533360752" visible="true" version="1" changeset="161768078" timestamp="2025-01-26T03:57:33Z" user="Bukas Kalye Mapa" uid="20666204" lat="14.2480933" lon="121.1318602"/>
 <node id="12533360753" visible="true" version="1" changeset="161768078" timestamp="2025-01-26T03:57:33Z" user="Bukas Kalye Mapa" uid="20666204" lat="14.2481504" lon="121.1322638"/>
 <node id="12533360754" visible="true" version="1" changeset="161768078" timestamp="2025-01-26T03:57:33Z" user="Bukas Kalye Mapa" uid="20666204" lat="14.2481588" lon="121.1323389"/>
 <node id="12533360755" visible="true" version="1" changeset="161768078" timestamp="2025-01-26T03:57:33Z" user="Bukas Kalye Mapa" uid="20666204" lat="14.2482584" lon="121.1323269"/>
 <node id="12533360756" visible="true" version="1" changeset="161768078" timestamp="2025-01-26T03:57:33Z" user="Bukas Kalye Mapa" uid="20666204" lat="14.2482499" lon="121.1322518"/>
 <node id="12533360757" visible="true" version="1" changeset="161768078" timestamp="2025-01-26T03:57:33Z" user="Bukas Kalye Mapa" uid="20666204" lat="14.2480455" lon="121.1323733"/>
 <node id="12533360758" visible="true" version="1" changeset="161768078" timestamp="2025-01-26T03:57:33Z" user="Bukas Kalye Mapa" uid="20666204" lat="14.2480520" lon="121.1324464"/>
 <node id="12533360759" visible="true" version="1" changeset="161768078" timestamp="2025-01-26T03:57:33Z" user="Bukas Kalye Mapa" uid="20666204" lat="14.2481518" lon="121.1324369"/>
 <node id="12533360760" visible="true" version="1" changeset="161768078" timestamp="2025-01-26T03:57:33Z" user="Bukas Kalye Mapa" uid="20666204" lat="14.2481453" lon="121.1323638"/>
 <node id="12533360761" visible="true" version="1" changeset="161768078" timestamp="2025-01-26T03:57:33Z" user="Bukas Kalye Mapa" uid="20666204" lat="14.2481620" lon="121.1323549"/>
 <node id="12533360762" visible="true" version="1" changeset="161768078" timestamp="2025-01-26T03:57:33Z" user="Bukas Kalye Mapa" uid="20666204" lat="14.2481698" lon="121.1324327"/>
 <node id="12533360763" visible="true" version="1" changeset="161768078" timestamp="2025-01-26T03:57:33Z" user="Bukas Kalye Mapa" uid="20666204" lat="14.2482623" lon="121.1324228"/>
 <node id="12533360764" visible="true" version="1" changeset="161768078" timestamp="2025-01-26T03:57:33Z" user="Bukas Kalye Mapa" uid="20666204" lat="14.2482545" lon="121.1323450"/>
 <node id="12533360765" visible="true" version="1" changeset="161768078" timestamp="2025-01-26T03:57:33Z" user="Bukas Kalye Mapa" uid="20666204" lat="14.2482834" lon="121.1325153"/>
 <node id="12533360766" visible="true" version="1" changeset="161768078" timestamp="2025-01-26T03:57:33Z" user="Bukas Kalye Mapa" uid="20666204" lat="14.2481853" lon="121.1325321"/>
 <node id="12533360767" visible="true" version="1" changeset="161768078" timestamp="2025-01-26T03:57:33Z" user="Bukas Kalye Mapa" uid="20666204" lat="14.2481726" lon="121.1324530"/>
 <node id="12533360768" visible="true" version="1" changeset="161768078" timestamp="2025-01-26T03:57:33Z" user="Bukas Kalye Mapa" uid="20666204" lat="14.2482707" lon="121.1324362"/>
 <node id="12533360769" visible="true" version="1" changeset="161768078" timestamp="2025-01-26T03:57:33Z" user="Bukas Kalye Mapa" uid="20666204" lat="14.2481761" lon="121.1326162"/>
 <node id="12533360770" visible="true" version="1" changeset="161768078" timestamp="2025-01-26T03:57:33Z" user="Bukas Kalye Mapa" uid="20666204" lat="14.2480806" lon="121.1326349"/>
 <node id="12533360771" visible="true" version="1" changeset="161768078" timestamp="2025-01-26T03:57:33Z" user="Bukas Kalye Mapa" uid="20666204" lat="14.2480673" lon="121.1325630"/>
 <node id="12533360772" visible="true" version="1" changeset="161768078" timestamp="2025-01-26T03:57:33Z" user="Bukas Kalye Mapa" uid="20666204" lat="14.2481628" lon="121.1325442"/>
 <node id="12533360773" visible="true" version="1" changeset="161768078" timestamp="2025-01-26T03:57:33Z" user="Bukas Kalye Mapa" uid="20666204" lat="14.2483031" lon="121.1326937"/>
 <node id="12533360774" visible="true" version="1" changeset="161768078" timestamp="2025-01-26T03:57:33Z" user="Bukas Kalye Mapa" uid="20666204" lat="14.2482095" lon="121.1327091"/>
 <node id="12533360775" visible="true" version="1" changeset="161768078" timestamp="2025-01-26T03:57:33Z" user="Bukas Kalye Mapa" uid="20666204" lat="14.2481973" lon="121.1326300"/>
 <node id="12533360776" visible="true" version="1" changeset="161768078" timestamp="2025-01-26T03:57:33Z" user="Bukas Kalye Mapa" uid="20666204" lat="14.2482909" lon="121.1326146"/>
 <node id="12533360777" visible="true" version="1" changeset="161768078" timestamp="2025-01-26T03:57:33Z" user="Bukas Kalye Mapa" uid="20666204" lat="14.2481983" lon="121.1328058"/>
 <node id="12533360778" visible="true" version="1" changeset="161768078" timestamp="2025-01-26T03:57:33Z" user="Bukas Kalye Mapa" uid="20666204" lat="14.2480976" lon="121.1328145"/>
 <node id="12533360779" visible="true" version="1" changeset="161768078" timestamp="2025-01-26T03:57:33Z" user="Bukas Kalye Mapa" uid="20666204" lat="14.2480913" lon="121.1327380"/>
 <node id="12533360780" visible="true" version="1" changeset="161768078" timestamp="2025-01-26T03:57:33Z" user="Bukas Kalye Mapa" uid="20666204" lat="14.2481921" lon="121.1327293"/>
 <node id="12533360781" visible="true" version="1" changeset="161768078" timestamp="2025-01-26T03:57:33Z" user="Bukas Kalye Mapa" uid="20666204" lat="14.2483187" lon="121.1328762"/>
 <node id="12533360782" visible="true" version="1" changeset="161768078" timestamp="2025-01-26T03:57:33Z" user="Bukas Kalye Mapa" uid="20666204" lat="14.2482258" lon="121.1328869"/>
 <node id="12533360783" visible="true" version="1" changeset="161768078" timestamp="2025-01-26T03:57:33Z" user="Bukas Kalye Mapa" uid="20666204" lat="14.2482181" lon="121.1328158"/>
 <node id="12533360784" visible="true" version="1" changeset="161768078" timestamp="2025-01-26T03:57:33Z" user="Bukas Kalye Mapa" uid="20666204" lat="14.2483110" lon="121.1328050"/>
 <node id="12533360785" visible="true" version="1" changeset="161768078" timestamp="2025-01-26T03:57:33Z" user="Bukas Kalye Mapa" uid="20666204" lat="14.2482197" lon="121.1329927"/>
 <node id="12533360786" visible="true" version="1" changeset="161768078" timestamp="2025-01-26T03:57:33Z" user="Bukas Kalye Mapa" uid="20666204" lat="14.2481209" lon="121.1330074"/>
 <node id="12533360787" visible="true" version="1" changeset="161768078" timestamp="2025-01-26T03:57:33Z" user="Bukas Kalye Mapa" uid="20666204" lat="14.2481102" lon="121.1329311"/>
 <node id="12533360788" visible="true" version="1" changeset="161768078" timestamp="2025-01-26T03:57:33Z" user="Bukas Kalye Mapa" uid="20666204" lat="14.2482090" lon="121.1329164"/>
 <node id="12533360789" visible="true" version="1" changeset="161768078" timestamp="2025-01-26T03:57:33Z" user="Bukas Kalye Mapa" uid="20666204" lat="14.2483412" lon="121.1330547"/>
 <node id="12533360790" visible="true" version="1" changeset="161768078" timestamp="2025-01-26T03:57:33Z" user="Bukas Kalye Mapa" uid="20666204" lat="14.2482476" lon="121.1330681"/>
 <node id="12533360791" visible="true" version="1" changeset="161768078" timestamp="2025-01-26T03:57:33Z" user="Bukas Kalye Mapa" uid="20666204" lat="14.2482389" lon="121.1330035"/>
 <node id="12533360792" visible="true" version="1" changeset="161768078" timestamp="2025-01-26T03:57:33Z" user="Bukas Kalye Mapa" uid="20666204" lat="14.2483325" lon="121.1329901"/>
 <node id="12533360793" visible="true" version="1" changeset="161768078" timestamp="2025-01-26T03:57:33Z" user="Bukas Kalye Mapa" uid="20666204" lat="14.2484431" lon="121.1326761"/>
 <node id="12533360794" visible="true" version="1" changeset="161768078" timestamp="2025-01-26T03:57:33Z" user="Bukas Kalye Mapa" uid="20666204" lat="14.2484522" lon="121.1327687"/>
 <node id="12533360795" visible="true" version="1" changeset="161768078" timestamp="2025-01-26T03:57:33Z" user="Bukas Kalye Mapa" uid="20666204" lat="14.2485274" lon="121.1327608"/>
 <node id="12533360796" visible="true" version="1" changeset="161768078" timestamp="2025-01-26T03:57:33Z" user="Bukas Kalye Mapa" uid="20666204" lat="14.2485183" lon="121.1326683"/>
 <node id="12533360797" visible="true" version="1" changeset="161768078" timestamp="2025-01-26T03:57:33Z" user="Bukas Kalye Mapa" uid="20666204" lat="14.2485407" lon="121.1326614"/>
 <node id="12533360798" visible="true" version="1" changeset="161768078" timestamp="2025-01-26T03:57:33Z" user="Bukas Kalye Mapa" uid="20666204" lat="14.2485439" lon="121.1327546"/>
 <node id="12533360799" visible="true" version="1" changeset="161768078" timestamp="2025-01-26T03:57:33Z" user="Bukas Kalye Mapa" uid="20666204" lat="14.2486119" lon="121.1327521"/>
 <node id="12533360800" visible="true" version="1" changeset="161768078" timestamp="2025-01-26T03:57:33Z" user="Bukas Kalye Mapa" uid="20666204" lat="14.2486087" lon="121.1326589"/>
 <node id="12533360801" visible="true" version="1" changeset="161768078" timestamp="2025-01-26T03:57:33Z" user="Bukas Kalye Mapa" uid="20666204" lat="14.2486316" lon="121.1326467"/>
 <node id="12533360802" visible="true" version="1" changeset="161768078" timestamp="2025-01-26T03:57:33Z" user="Bukas Kalye Mapa" uid="20666204" lat="14.2486368" lon="121.1327459"/>
 <node id="12533360803" visible="true" version="1" changeset="161768078" timestamp="2025-01-26T03:57:33Z" user="Bukas Kalye Mapa" uid="20666204" lat="14.2487068" lon="121.1327420"/>
 <node id="12533360804" visible="true" version="1" changeset="161768078" timestamp="2025-01-26T03:57:33Z" user="Bukas Kalye Mapa" uid="20666204" lat="14.2487016" lon="121.1326428"/>
 <node id="12533360805" visible="true" version="1" changeset="161768078" timestamp="2025-01-26T03:57:33Z" user="Bukas Kalye Mapa" uid="20666204" lat="14.2487160" lon="121.1326424"/>
 <node id="12533360806" visible="true" version="1" changeset="161768078" timestamp="2025-01-26T03:57:33Z" user="Bukas Kalye Mapa" uid="20666204" lat="14.2487245" lon="121.1327403"/>
 <node id="12533360807" visible="true" version="1" changeset="161768078" timestamp="2025-01-26T03:57:33Z" user="Bukas Kalye Mapa" uid="20666204" lat="14.2488004" lon="121.1327333"/>
 <node id="12533360808" visible="true" version="1" changeset="161768078" timestamp="2025-01-26T03:57:33Z" user="Bukas Kalye Mapa" uid="20666204" lat="14.2487920" lon="121.1326354"/>
 <node id="12533360809" visible="true" version="1" changeset="161768078" timestamp="2025-01-26T03:57:33Z" user="Bukas Kalye Mapa" uid="20666204" lat="14.2489131" lon="121.1331243"/>
 <node id="12533360810" visible="true" version="1" changeset="161768078" timestamp="2025-01-26T03:57:33Z" user="Bukas Kalye Mapa" uid="20666204" lat="14.2489228" lon="121.1332407"/>
 <node id="12533360811" visible="true" version="1" changeset="161768078" timestamp="2025-01-26T03:57:33Z" user="Bukas Kalye Mapa" uid="20666204" lat="14.2490064" lon="121.1332332"/>
 <node id="12533360812" visible="true" version="1" changeset="161768078" timestamp="2025-01-26T03:57:33Z" user="Bukas Kalye Mapa" uid="20666204" lat="14.2489967" lon="121.1331169"/>
 <node id="12533360813" visible="true" version="1" changeset="161768078" timestamp="2025-01-26T03:57:33Z" user="Bukas Kalye Mapa" uid="20666204" lat="14.2490183" lon="121.1332356"/>
 <node id="12533360814" visible="true" version="1" changeset="161768078" timestamp="2025-01-26T03:57:33Z" user="Bukas Kalye Mapa" uid="20666204" lat="14.2490271" lon="121.1333369"/>
 <node id="12533360815" visible="true" version="1" changeset="161768078" timestamp="2025-01-26T03:57:33Z" user="Bukas Kalye Mapa" uid="20666204" lat="14.2490935" lon="121.1333308"/>
 <node id="12533360816" visible="true" version="1" changeset="161768078" timestamp="2025-01-26T03:57:33Z" user="Bukas Kalye Mapa" uid="20666204" lat="14.2490848" lon="121.1332295"/>
 <node id="12533360817" visible="true" version="1" changeset="161768078" timestamp="2025-01-26T03:57:33Z" user="Bukas Kalye Mapa" uid="20666204" lat="14.2485215" lon="121.1336066"/>
 <node id="12533360818" visible="true" version="1" changeset="161768078" timestamp="2025-01-26T03:57:33Z" user="Bukas Kalye Mapa" uid="20666204" lat="14.2485293" lon="121.1336978"/>
 <node id="12533360819" visible="true" version="1" changeset="161768078" timestamp="2025-01-26T03:57:33Z" user="Bukas Kalye Mapa" uid="20666204" lat="14.2486204" lon="121.1336895"/>
 <node id="12533360820" visible="true" version="1" changeset="161768078" timestamp="2025-01-26T03:57:33Z" user="Bukas Kalye Mapa" uid="20666204" lat="14.2486126" lon="121.1335983"/>
 <node id="12533360821" visible="true" version="1" changeset="161768078" timestamp="2025-01-26T03:57:33Z" user="Bukas Kalye Mapa" uid="20666204" lat="14.2486458" lon="121.1335874"/>
 <node id="12533360822" visible="true" version="1" changeset="161768078" timestamp="2025-01-26T03:57:33Z" user="Bukas Kalye Mapa" uid="20666204" lat="14.2486510" lon="121.1336793"/>
 <node id="12533360823" visible="true" version="1" changeset="161768078" timestamp="2025-01-26T03:57:33Z" user="Bukas Kalye Mapa" uid="20666204" lat="14.2487042" lon="121.1336761"/>
 <node id="12533360824" visible="true" version="1" changeset="161768078" timestamp="2025-01-26T03:57:33Z" user="Bukas Kalye Mapa" uid="20666204" lat="14.2486990" lon="121.1335842"/>
 <node id="12533360825" visible="true" version="1" changeset="161768078" timestamp="2025-01-26T03:57:33Z" user="Bukas Kalye Mapa" uid="20666204" lat="14.2487277" lon="121.1335706"/>
 <node id="12533360826" visible="true" version="1" changeset="161768078" timestamp="2025-01-26T03:57:33Z" user="Bukas Kalye Mapa" uid="20666204" lat="14.2487342" lon="121.1336806"/>
 <node id="12533360827" visible="true" version="1" changeset="161768078" timestamp="2025-01-26T03:57:33Z" user="Bukas Kalye Mapa" uid="20666204" lat="14.2488056" lon="121.1336761"/>
 <node id="12533360828" visible="true" version="1" changeset="161768078" timestamp="2025-01-26T03:57:33Z" user="Bukas Kalye Mapa" uid="20666204" lat="14.2487991" lon="121.1335661"/>
 <node id="12533360829" visible="true" version="1" changeset="161768078" timestamp="2025-01-26T03:57:33Z" user="Bukas Kalye Mapa" uid="20666204" lat="14.2488206" lon="121.1335516"/>
 <node id="12533360830" visible="true" version="1" changeset="161768078" timestamp="2025-01-26T03:57:33Z" user="Bukas Kalye Mapa" uid="20666204" lat="14.2488297" lon="121.1336729"/>
 <node id="12533360831" visible="true" version="1" changeset="161768078" timestamp="2025-01-26T03:57:33Z" user="Bukas Kalye Mapa" uid="20666204" lat="14.2488992" lon="121.1336674"/>
 <node id="12533360832" visible="true" version="1" changeset="161768078" timestamp="2025-01-26T03:57:33Z" user="Bukas Kalye Mapa" uid="20666204" lat="14.2488901" lon="121.1335460"/>
 <node id="12533360909" visible="true" version="1" changeset="161768078" timestamp="2025-01-26T03:57:33Z" user="Bukas Kalye Mapa" uid="20666204" lat="14.2489898" lon="121.1337531"/>
 <node id="12533360910" visible="true" version="1" changeset="161768078" timestamp="2025-01-26T03:57:33Z" user="Bukas Kalye Mapa" uid="20666204" lat="14.2489970" lon="121.1338772"/>
 <node id="12533360911" visible="true" version="1" changeset="161768078" timestamp="2025-01-26T03:57:33Z" user="Bukas Kalye Mapa" uid="20666204" lat="14.2490831" lon="121.1338719"/>
 <node id="12533360912" visible="true" version="1" changeset="161768078" timestamp="2025-01-26T03:57:33Z" user="Bukas Kalye Mapa" uid="20666204" lat="14.2490760" lon="121.1337478"/>
 <node id="12533360913" visible="true" version="1" changeset="161768078" timestamp="2025-01-26T03:57:33Z" user="Bukas Kalye Mapa" uid="20666204" lat="14.2487084" lon="121.1337904"/>
 <node id="12533360914" visible="true" version="1" changeset="161768078" timestamp="2025-01-26T03:57:33Z" user="Bukas Kalye Mapa" uid="20666204" lat="14.2487175" lon="121.1339050"/>
 <node id="12533360915" visible="true" version="1" changeset="161768078" timestamp="2025-01-26T03:57:33Z" user="Bukas Kalye Mapa" uid="20666204" lat="14.2488238" lon="121.1338960"/>
 <node id="12533360916" visible="true" version="1" changeset="161768078" timestamp="2025-01-26T03:57:33Z" user="Bukas Kalye Mapa" uid="20666204" lat="14.2488147" lon="121.1337814"/>
 <node id="12598119011" visible="true" version="2" changeset="177935099" timestamp="2026-01-31T17:32:33Z" user="VMPanes" uid="1488198" lat="14.2440943" lon="121.1310938">
  <tag k="addr:city" v="Cabuyao"/>
  <tag k="addr:province" v="Laguna"/>
  <tag k="addr:street" v="National Highway 1"/>
  <tag k="amenity" v="fast_food"/>
  <tag k="branch" v="Cabuyao Highway"/>
  <tag k="brand" v="McDonald's"/>
  <tag k="brand:wikidata" v="Q38076"/>
  <tag k="cuisine" v="burger"/>
  <tag k="delivery" v="yes"/>
  <tag k="name" v="McDonald's"/>
  <tag k="outdoor_seating" v="yes"/>
  <tag k="smoking" v="no"/>
  <tag k="takeaway" v="yes"/>
 </node>
 <node id="12598119012" visible="true" version="1" changeset="162656145" timestamp="2025-02-18T11:14:43Z" user="Bukas Kalye Mapa" uid="20666204" lat="14.2439253" lon="121.1311045">
  <tag k="brand" v="Dali"/>
  <tag k="brand:wikidata" v="Q119854219"/>
  <tag k="name" v="Dali"/>
  <tag k="shop" v="convenience"/>
 </node>
 <node id="12803682901" visible="true" version="1" changeset="165705798" timestamp="2025-05-02T07:39:12Z" user="Dhon_Borras" uid="22813019" lat="14.2492989" lon="121.1292690">
  <tag k="name" v="Ryan"/>
  <tag k="shop" v="motorcycle"/>
 </node>
 <node id="12848931711" visible="true" version="1" changeset="166476983" timestamp="2025-05-19T13:29:19Z" user="LakeLanao" uid="22316019" lat="14.2442321" lon="121.1310985"/>
 <node id="12848931712" visible="true" version="1" changeset="166476983" timestamp="2025-05-19T13:29:19Z" user="LakeLanao" uid="22316019" lat="14.2442477" lon="121.1311810"/>
 <node id="12848931713" visible="true" version="1" changeset="166476983" timestamp="2025-05-19T13:29:19Z" user="LakeLanao" uid="22316019" lat="14.2442405" lon="121.1312172"/>
 <node id="12848931714" visible="true" version="1" changeset="166476983" timestamp="2025-05-19T13:29:19Z" user="LakeLanao" uid="22316019" lat="14.2441911" lon="121.1312581"/>
 <node id="12848931715" visible="true" version="1" changeset="166476983" timestamp="2025-05-19T13:29:19Z" user="LakeLanao" uid="22316019" lat="14.2441008" lon="121.1312782"/>
 <node id="12848931716" visible="true" version="1" changeset="166476983" timestamp="2025-05-19T13:29:19Z" user="LakeLanao" uid="22316019" lat="14.2440650" lon="121.1312742"/>
 <node id="12848931717" visible="true" version="1" changeset="166476983" timestamp="2025-05-19T13:29:19Z" user="LakeLanao" uid="22316019" lat="14.2440468" lon="121.1312534"/>
 <node id="12848931718" visible="true" version="1" changeset="166476983" timestamp="2025-05-19T13:29:19Z" user="LakeLanao" uid="22316019" lat="14.2440202" lon="121.1312078"/>
 <node id="12848931719" visible="true" version="1" changeset="166476983" timestamp="2025-05-19T13:29:19Z" user="LakeLanao" uid="22316019" lat="14.2441281" lon="121.1308296"/>
 <node id="13352423950" visible="true" version="1" changeset="175469801" timestamp="2025-12-04T02:12:05Z" user="MountBabia" uid="18236549" lat="14.2330802" lon="121.1352650"/>
 <node id="13433668856" visible="true" version="1" changeset="176885067" timestamp="2026-01-06T02:09:47Z" user="Randell23" uid="9267725" lat="14.2438899" lon="121.1319368"/>
 <node id="13433668857" visible="true" version="2" changeset="177710629" timestamp="2026-01-26T08:48:44Z" user="Randell23" uid="9267725" lat="14.2438699" lon="121.1318155"/>
 <node id="13433668858" visible="true" version="2" changeset="177710629" timestamp="2026-01-26T08:48:44Z" user="Randell23" uid="9267725" lat="14.2438670" lon="121.1315466"/>
 <node id="13433668859" visible="true" version="2" changeset="177710629" timestamp="2026-01-26T08:48:44Z" user="Randell23" uid="9267725" lat="14.2438601" lon="121.1317275"/>
 <node id="13433668860" visible="true" version="2" changeset="177710629" timestamp="2026-01-26T08:48:44Z" user="Randell23" uid="9267725" lat="14.2438614" lon="121.1313924"/>
 <node id="13433668861" visible="true" version="2" changeset="177710629" timestamp="2026-01-26T08:48:44Z" user="Randell23" uid="9267725" lat="14.2441853" lon="121.1324894">
  <tag k="access" v="private"/>
  <tag k="barrier" v="gate"/>
 </node>
 <node id="13433668862" visible="true" version="2" changeset="177710629" timestamp="2026-01-26T08:48:44Z" user="Randell23" uid="9267725" lat="14.2445869" lon="121.1337419">
  <tag k="access" v="private"/>
  <tag k="barrier" v="gate"/>
 </node>
 <node id="13433668887" visible="true" version="2" changeset="177710265" timestamp="2026-01-26T08:36:10Z" user="Randell23" uid="9267725" lat="14.2425297" lon="121.1342180"/>
 <node id="13433668890" visible="true" version="1" changeset="176885067" timestamp="2026-01-06T02:09:47Z" user="Randell23" uid="9267725" lat="14.2420395" lon="121.1344059"/>
 <node id="13433668892" visible="true" version="1" changeset="176885067" timestamp="2026-01-06T02:09:47Z" user="Randell23" uid="9267725" lat="14.2418660" lon="121.1340440"/>
 <node id="13433673003" visible="true" version="1" changeset="176885067" timestamp="2026-01-06T02:09:47Z" user="Randell23" uid="9267725" lat="14.2431858" lon="121.1359467"/>
 <node id="13494943095" visible="true" version="1" changeset="177709690" timestamp="2026-01-26T08:16:32Z" user="Randell23" uid="9267725" lat="14.2461145" lon="121.1356255"/>
 <node id="13494943096" visible="true" version="1" changeset="177709690" timestamp="2026-01-26T08:16:32Z" user="Randell23" uid="9267725" lat="14.2464418" lon="121.1362565"/>
 <way id="23434164" visible="true" version="109" changeset="164926275" timestamp="2025-04-14T08:11:57Z" user="TagaSanPedroAko" uid="2541613">
  <nd ref="253512231"/>
  <nd ref="1090522622"/>
  <nd ref="1090522623"/>
  <nd ref="8382984685"/>
  <nd ref="1637371324"/>
  <nd ref="8382970368"/>
  <nd ref="1088493133"/>
  <nd ref="7062163699"/>
  <nd ref="1090522581"/>
  <nd ref="253763678"/>
  <nd ref="1090471234"/>
  <nd ref="253798407"/>
  <nd ref="7062133402"/>
  <nd ref="692988296"/>
  <nd ref="3333295079"/>
  <nd ref="3333295082"/>
  <nd ref="1090192148"/>
  <nd ref="1097894924"/>
  <nd ref="8382888127"/>
  <nd ref="1090192168"/>
  <nd ref="253791639"/>
  <nd ref="1364004971"/>
  <nd ref="253795639"/>
  <nd ref="1364005027"/>
  <nd ref="8382888133"/>
  <nd ref="1364004951"/>
  <nd ref="364629459"/>
  <nd ref="6124131635"/>
  <nd ref="1364004996"/>
  <nd ref="364629423"/>
  <nd ref="1088493541"/>
  <nd ref="1483243578"/>
  <nd ref="253772507"/>
  <nd ref="1088493156"/>
  <nd ref="364629306"/>
  <nd ref="7087462180"/>
  <nd ref="1966260026"/>
  <nd ref="1966260029"/>
  <nd ref="1366309764"/>
  <nd ref="7062133468"/>
  <nd ref="364629104"/>
  <nd ref="7062133464"/>
  <nd ref="1088493399"/>
  <nd ref="1088493098"/>
  <nd ref="1366309756"/>
  <nd ref="8386705511"/>
  <nd ref="1483243677"/>
  <tag k="designation" v="national_primary_road"/>
  <tag k="foot" v="yes"/>
  <tag k="highway" v="trunk"/>
  <tag k="lanes" v="4"/>
  <tag k="lit" v="yes"/>
  <tag k="name" v="National Highway 1"/>
  <tag k="nat_name" v="Daang Maharlika (Manila South Road)"/>
  <tag k="ref" v="1"/>
 </way>
 <way id="23435444" visible="true" version="13" changeset="104018680" timestamp="2021-05-03T02:48:36Z" user="neeli_srikanth" uid="12625709">
  <nd ref="1088493133"/>
  <nd ref="1088494097"/>
  <nd ref="1088493516"/>
  <nd ref="253764223"/>
  <nd ref="1966259987"/>
  <nd ref="1966259991"/>
  <nd ref="8314536356"/>
  <nd ref="1088492837"/>
  <nd ref="1483143609"/>
  <tag k="highway" v="residential"/>
  <tag k="name" v="RFM Road"/>
  <tag k="postal_code" v="4025"/>
  <tag k="source" v="Bing"/>
 </way>
 <way id="93841269" visible="true" version="4" changeset="114934660" timestamp="2021-12-14T18:17:02Z" user="justin0206" uid="11399710">
  <nd ref="1090471301"/>
  <nd ref="9338185680"/>
  <nd ref="1090471298"/>
  <nd ref="1090471250"/>
  <nd ref="9338185682"/>
  <nd ref="1090471325"/>
  <tag k="highway" v="residential"/>
  <tag k="name" v="Yakal Street"/>
  <tag k="postal_code" v="4025"/>
  <tag k="source" v="Bing"/>
 </way>
 <way id="93841285" visible="true" version="2" changeset="9673473" timestamp="2011-10-28T04:27:11Z" user="ianlopez1115" uid="44938">
  <nd ref="1090471304"/>
  <nd ref="1090471232"/>
  <nd ref="1090471298"/>
  <nd ref="1090471185"/>
  <nd ref="1090471361"/>
  <nd ref="1090471198"/>
  <nd ref="1090471234"/>
  <tag k="highway" v="residential"/>
  <tag k="postal_code" v="4025"/>
  <tag k="source" v="Bing"/>
 </way>
 <way id="93841307" visible="true" version="3" changeset="114934660" timestamp="2021-12-14T18:17:02Z" user="justin0206" uid="11399710">
  <nd ref="1090471198"/>
  <nd ref="9338185675"/>
  <nd ref="1090471149"/>
  <nd ref="9338185674"/>
  <nd ref="9338185672"/>
  <nd ref="1090471023"/>
  <nd ref="9338185673"/>
  <nd ref="1090471361"/>
  <tag k="highway" v="residential"/>
  <tag k="postal_code" v="4025"/>
  <tag k="source" v="Bing"/>
 </way>
 <way id="93842930" visible="true" version="2" changeset="13501625" timestamp="2012-10-15T06:29:55Z" user="ianlopez1115" uid="44938">
  <nd ref="1090522550"/>
  <nd ref="1090522624"/>
  <tag k="highway" v="footway"/>
 </way>
 <way id="93842934" visible="true" version="2" changeset="9673473" timestamp="2011-10-28T04:26:57Z" user="ianlopez1115" uid="44938">
  <nd ref="1090522520"/>
  <nd ref="1090522689"/>
  <nd ref="1090522674"/>
  <tag k="highway" v="residential"/>
  <tag k="postal_code" v="4025"/>
  <tag k="source" v="Bing"/>
 </way>
 <way id="93842937" visible="true" version="2" changeset="13501625" timestamp="2012-10-15T06:29:59Z" user="ianlopez1115" uid="44938">
  <nd ref="1090522661"/>
  <nd ref="1090522564"/>
  <nd ref="1090522612"/>
  <nd ref="1090522569"/>
  <tag k="highway" v="residential"/>
 </way>
 <way id="93842942" visible="true" version="3" changeset="153364113" timestamp="2024-06-30T11:09:53Z" user="jReyes31" uid="21708433">
  <nd ref="1090522623"/>
  <nd ref="1090522531"/>
  <nd ref="8314536357"/>
  <tag k="highway" v="residential"/>
  <tag k="name" v="Ebron-Tenorio Compound"/>
  <tag k="surface" v="soil"/>
 </way>
 <way id="93842945" visible="true" version="1" changeset="6900617" timestamp="2011-01-08T07:42:58Z" user="user_5541" uid="5541">
  <nd ref="1090522612"/>
  <nd ref="1090522558"/>
  <tag k="highway" v="residential"/>
 </way>
 <way id="93842947" visible="true" version="2" changeset="9673473" timestamp="2011-10-28T04:27:02Z" user="ianlopez1115" uid="44938">
  <nd ref="1090522621"/>
  <nd ref="1090522683"/>
  <nd ref="1090522674"/>
  <nd ref="1090522650"/>
  <tag k="highway" v="residential"/>
  <tag k="postal_code" v="4025"/>
  <tag k="source" v="Bing"/>
 </way>
 <way id="93842950" visible="true" version="2" changeset="13501625" timestamp="2012-10-15T06:29:54Z" user="ianlopez1115" uid="44938">
  <nd ref="1090522547"/>
  <nd ref="1090522518"/>
  <tag k="highway" v="footway"/>
 </way>
 <way id="93842952" visible="true" version="4" changeset="146267351" timestamp="2024-01-15T05:48:03Z" user="GrabPHRegimhel" uid="16095129">
  <nd ref="1090522688"/>
  <nd ref="1483143333"/>
  <nd ref="1090522654"/>
  <nd ref="1090522542"/>
  <nd ref="6433305853"/>
  <nd ref="1090522516"/>
  <tag k="highway" v="residential"/>
  <tag k="postal_code" v="4025"/>
  <tag k="source" v="Bing"/>
 </way>
 <way id="93842954" visible="true" version="2" changeset="9673473" timestamp="2011-10-28T04:27:15Z" user="ianlopez1115" uid="44938">
  <nd ref="1483143266"/>
  <nd ref="1090522519"/>
  <nd ref="1090522548"/>
  <nd ref="1090522602"/>
  <nd ref="1090522625"/>
  <nd ref="1090522551"/>
  <nd ref="1483143371"/>
  <nd ref="1090522581"/>
  <tag k="highway" v="service"/>
  <tag k="postal_code" v="4025"/>
  <tag k="source" v="Bing"/>
 </way>
 <way id="93842962" visible="true" version="2" changeset="9673473" timestamp="2011-10-28T04:27:14Z" user="ianlopez1115" uid="44938">
  <nd ref="1090522651"/>
  <nd ref="1090522521"/>
  <nd ref="1090522557"/>
  <nd ref="1090522571"/>
  <nd ref="1090522566"/>
  <nd ref="1090522664"/>
  <nd ref="1090522689"/>
  <nd ref="1090522644"/>
  <tag k="highway" v="residential"/>
  <tag k="postal_code" v="4025"/>
  <tag k="source" v="Bing"/>
 </way>
 <way id="93842963" visible="true" version="2" changeset="32042002" timestamp="2015-06-18T03:35:03Z" user="mbrustria" uid="2988191">
  <nd ref="1090522589"/>
  <nd ref="1090522564"/>
  <tag k="highway" v="residential"/>
  <tag k="is_in:city" v="Cabuyao"/>
  <tag k="is_in:place" v="Pulo"/>
  <tag k="is_in:town" v="Laguna"/>
  <tag k="is_in:village" v="Realica Village"/>
  <tag k="name" v="Emerald Street"/>
 </way>
 <way id="93842966" visible="true" version="2" changeset="13501625" timestamp="2012-10-15T06:30:01Z" user="ianlopez1115" uid="44938">
  <nd ref="1090522664"/>
  <nd ref="1090522550"/>
  <nd ref="1090522639"/>
  <nd ref="1090522584"/>
  <nd ref="1090522580"/>
  <tag k="highway" v="footway"/>
 </way>
 <way id="93842968" visible="true" version="2" changeset="13501625" timestamp="2012-10-15T06:30:00Z" user="ianlopez1115" uid="44938">
  <nd ref="1090522566"/>
  <nd ref="1090522518"/>
  <nd ref="1090522532"/>
  <nd ref="1966259880"/>
  <nd ref="1090522580"/>
  <tag k="highway" v="footway"/>
 </way>
 <way id="93842977" visible="true" version="2" changeset="13501625" timestamp="2012-10-15T06:30:05Z" user="ianlopez1115" uid="44938">
  <nd ref="1090522547"/>
  <nd ref="1090522517"/>
  <nd ref="1090522601"/>
  <nd ref="1090522540"/>
  <nd ref="1090522624"/>
  <nd ref="1090522572"/>
  <nd ref="1090522681"/>
  <nd ref="1090522671"/>
  <nd ref="1090522547"/>
  <tag k="highway" v="footway"/>
 </way>
 <way id="93842984" visible="true" version="2" changeset="9673473" timestamp="2011-10-28T04:27:06Z" user="ianlopez1115" uid="44938">
  <nd ref="1090522654"/>
  <nd ref="1090522530"/>
  <nd ref="1090522650"/>
  <nd ref="1090522644"/>
  <nd ref="1090522684"/>
  <tag k="highway" v="residential"/>
  <tag k="postal_code" v="4025"/>
  <tag k="source" v="Bing"/>
 </way>
 <way id="93843639" visible="true" version="8" changeset="176885067" timestamp="2026-01-06T02:09:47Z" user="Randell23" uid="9267725">
  <nd ref="1090528372"/>
  <nd ref="13433668860"/>
  <nd ref="1090528325"/>
  <nd ref="13433668858"/>
  <nd ref="1090528307"/>
  <nd ref="13433668859"/>
  <nd ref="13433668857"/>
  <nd ref="13433668856"/>
  <nd ref="1090528343"/>
  <nd ref="8679122159"/>
  <nd ref="1090528323"/>
  <nd ref="8678811265"/>
  <nd ref="1090528371"/>
  <tag k="highway" v="residential"/>
 </way>
 <way id="93843643" visible="true" version="3" changeset="176885067" timestamp="2026-01-06T02:09:47Z" user="Randell23" uid="9267725">
  <nd ref="1090528370"/>
  <nd ref="8679122157"/>
  <nd ref="13433668861"/>
  <nd ref="1090528343"/>
  <tag k="highway" v="service"/>
 </way>
 <way id="93843648" visible="true" version="2" changeset="9673473" timestamp="2011-10-28T04:27:01Z" user="ianlopez1115" uid="44938">
  <nd ref="1090528273"/>
  <nd ref="1090528263"/>
  <nd ref="1090528332"/>
  <nd ref="1090528255"/>
  <tag k="highway" v="residential"/>
  <tag k="postal_code" v="4025"/>
  <tag k="source" v="Bing"/>
 </way>
 <way id="93843651" visible="true" version="2" changeset="9673473" timestamp="2011-10-28T04:26:27Z" user="ianlopez1115" uid="44938">
  <nd ref="1090528317"/>
  <nd ref="1090528382"/>
  <tag k="highway" v="residential"/>
  <tag k="postal_code" v="4025"/>
  <tag k="source" v="Bing"/>
 </way>
 <way id="93843653" visible="true" version="2" changeset="9673473" timestamp="2011-10-28T04:26:37Z" user="ianlopez1115" uid="44938">
  <nd ref="1090528305"/>
  <nd ref="1090528334"/>
  <tag k="highway" v="residential"/>
  <tag k="postal_code" v="4025"/>
  <tag k="source" v="Bing"/>
 </way>
 <way id="93843659" visible="true" version="1" changeset="6900671" timestamp="2011-01-08T07:53:35Z" user="user_5541" uid="5541">
  <nd ref="1090528329"/>
  <nd ref="1090528254"/>
  <tag k="highway" v="residential"/>
 </way>
 <way id="93843661" visible="true" version="2" changeset="9673473" timestamp="2011-10-28T04:26:46Z" user="ianlopez1115" uid="44938">
  <nd ref="1090528257"/>
  <nd ref="1090528374"/>
  <tag k="highway" v="residential"/>
  <tag k="postal_code" v="4025"/>
  <tag k="source" v="Bing"/>
 </way>
 <way id="93843663" visible="true" version="3" changeset="176885067" timestamp="2026-01-06T02:09:47Z" user="Randell23" uid="9267725">
  <nd ref="1090528323"/>
  <nd ref="13433668862"/>
  <nd ref="8679122156"/>
  <nd ref="1090528247"/>
  <nd ref="1090528303"/>
  <tag k="highway" v="service"/>
 </way>
 <way id="93843665" visible="true" version="5" changeset="116238906" timestamp="2022-01-17T06:30:47Z" user="Tyods" uid="419536">
  <nd ref="1090528265"/>
  <nd ref="1090528334"/>
  <nd ref="1090528376"/>
  <nd ref="1090528382"/>
  <nd ref="1090528257"/>
  <nd ref="1090528315"/>
  <nd ref="1090528337"/>
  <nd ref="1090528273"/>
  <nd ref="1090528381"/>
  <nd ref="1090528330"/>
  <nd ref="1090528372"/>
  <tag k="highway" v="residential"/>
  <tag k="lanes" v="2"/>
  <tag k="maxspeed" v="20"/>
  <tag k="name" v="Narra Street"/>
  <tag k="oneway" v="no"/>
  <tag k="postal_code" v="4025"/>
  <tag k="source" v="Bing"/>
  <tag k="surface" v="concrete"/>
 </way>
 <way id="93843666" visible="true" version="3" changeset="132957495" timestamp="2023-02-24T09:03:22Z" user="tudor_rotariu" uid="13147405">
  <nd ref="1090528330"/>
  <nd ref="1090528311"/>
  <tag k="highway" v="residential"/>
  <tag k="name" v="Molave Street"/>
  <tag k="postal_code" v="4025"/>
  <tag k="source" v="Bing"/>
 </way>
 <way id="93843667" visible="true" version="1" changeset="6900671" timestamp="2011-01-08T07:53:37Z" user="user_5541" uid="5541">
  <nd ref="1090528337"/>
  <nd ref="1090528252"/>
  <tag k="highway" v="residential"/>
 </way>
 <way id="93843668" visible="true" version="3" changeset="98558054" timestamp="2021-02-02T07:33:30Z" user="go_vind" uid="11589191">
  <nd ref="8386382899"/>
  <nd ref="1090528270"/>
  <nd ref="1090528354"/>
  <nd ref="1090528253"/>
  <nd ref="1090528315"/>
  <nd ref="1090528249"/>
  <tag k="highway" v="residential"/>
  <tag k="postal_code" v="4025"/>
  <tag k="source" v="Bing"/>
 </way>
 <way id="93843669" visible="true" version="2" changeset="97364744" timestamp="2021-01-12T10:27:50Z" user="bunty_6" uid="8794031">
  <nd ref="1090528260"/>
  <nd ref="8314639471"/>
  <nd ref="1090528296"/>
  <tag k="highway" v="residential"/>
 </way>
 <way id="93843670" visible="true" version="2" changeset="9673473" timestamp="2011-10-28T04:26:36Z" user="ianlopez1115" uid="44938">
  <nd ref="1090528282"/>
  <nd ref="1090528263"/>
  <tag k="highway" v="residential"/>
  <tag k="postal_code" v="4025"/>
  <tag k="source" v="Bing"/>
 </way>
 <way id="93843674" visible="true" version="2" changeset="9673473" timestamp="2011-10-28T04:26:59Z" user="ianlopez1115" uid="44938">
  <nd ref="1090528381"/>
  <nd ref="1090528282"/>
  <nd ref="1090528316"/>
  <nd ref="1090528310"/>
  <tag k="highway" v="residential"/>
  <tag k="postal_code" v="4025"/>
  <tag k="source" v="Bing"/>
 </way>
 <way id="93843677" visible="true" version="2" changeset="9673473" timestamp="2011-10-28T04:26:44Z" user="ianlopez1115" uid="44938">
  <nd ref="1090528376"/>
  <nd ref="1090528355"/>
  <tag k="highway" v="residential"/>
  <tag k="postal_code" v="4025"/>
  <tag k="source" v="Bing"/>
 </way>
 <way id="93843681" visible="true" version="1" changeset="6900671" timestamp="2011-01-08T07:53:39Z" user="user_5541" uid="5541">
  <nd ref="1090528285"/>
  <nd ref="1090528370"/>
  <nd ref="1090528247"/>
  <nd ref="1090528340"/>
  <tag k="highway" v="service"/>
 </way>
 <way id="134987078" visible="true" version="2" changeset="13501625" timestamp="2012-10-15T06:29:51Z" user="ianlopez1115" uid="44938">
  <nd ref="1483143228"/>
  <nd ref="1483143232"/>
  <nd ref="1483143224"/>
  <nd ref="1483143222"/>
  <nd ref="1483143228"/>
  <tag k="amenity" v="townhall"/>
  <tag k="building" v="yes"/>
  <tag k="building:levels" v="2"/>
  <tag k="name" v="Pulo Barangay Hall"/>
  <tag k="previously" v="node:1281833385"/>
  <tag k="source" v="Bing"/>
  <tag k="townhall:type" v="village"/>
 </way>
 <way id="134987079" visible="true" version="10" changeset="177935099" timestamp="2026-01-31T17:32:33Z" user="VMPanes" uid="1488198">
  <nd ref="1483143155"/>
  <nd ref="7202587899"/>
  <nd ref="7202587898"/>
  <nd ref="7053759844"/>
  <nd ref="5136599618"/>
  <nd ref="1483143145"/>
  <nd ref="5136599616"/>
  <nd ref="5120883214"/>
  <nd ref="1483143149"/>
  <nd ref="1483143155"/>
  <tag k="addr:city" v="Cabuyao"/>
  <tag k="addr:postcode" v="4025"/>
  <tag k="addr:province" v="Laguna"/>
  <tag k="addr:street" v="National Highway 1"/>
  <tag k="amenity" v="school"/>
  <tag k="isced:level" v="1"/>
  <tag k="name" v="Pulo Elementary School"/>
  <tag k="name:en" v="Pulo Elementary School"/>
  <tag k="name:tl" v="Paaralang Elementarya ng Pulo"/>
  <tag k="operator" v="Cabuyao District"/>
  <tag k="operator:type" v="government"/>
  <tag k="operator:wikidata" v="Q130249799"/>
  <tag k="population:pupils:2012" v="2808"/>
  <tag k="population:pupils:2015" v="3095"/>
  <tag k="previously" v="node:1194145676"/>
  <tag k="ref" v="108249"/>
  <tag k="source" v="Department of Education, Philippines"/>
  <tag k="source:date" v="2012"/>
  <tag k="start_date" v="1927"/>
  <tag k="toilets:wheelchair" v="no"/>
  <tag k="wheelchair" v="no"/>
 </way>
 <way id="134987080" visible="true" version="5" changeset="176885222" timestamp="2026-01-06T02:18:29Z" user="Randell23" uid="9267725">
  <nd ref="1483143218"/>
  <nd ref="1483143215"/>
  <nd ref="11490522852"/>
  <nd ref="1483143220"/>
  <nd ref="1483143219"/>
  <nd ref="1483143217"/>
  <nd ref="5136599602"/>
  <nd ref="5136599605"/>
  <nd ref="1483143190"/>
  <nd ref="1483143186"/>
  <nd ref="1483143188"/>
  <nd ref="1483143169"/>
  <nd ref="1483143163"/>
  <nd ref="1483143180"/>
  <nd ref="1483143156"/>
  <nd ref="1483143164"/>
  <nd ref="1483143199"/>
  <nd ref="1483143213"/>
  <nd ref="1090528371"/>
  <nd ref="1483143218"/>
  <tag k="landuse" v="industrial"/>
  <tag k="name" v="RAM Foods"/>
  <tag k="source" v="Bing"/>
 </way>
 <way id="134987083" visible="true" version="2" changeset="13501625" timestamp="2012-10-15T06:29:52Z" user="ianlopez1115" uid="44938">
  <nd ref="1090522684"/>
  <nd ref="1090522520"/>
  <nd ref="1090522585"/>
  <nd ref="1090522563"/>
  <nd ref="1090522538"/>
  <nd ref="1090522595"/>
  <nd ref="1090522576"/>
  <nd ref="1966259886"/>
  <nd ref="1090522651"/>
  <nd ref="1966259891"/>
  <nd ref="1090522621"/>
  <nd ref="1090522642"/>
  <tag k="highway" v="residential"/>
  <tag k="postal_code" v="4025"/>
  <tag k="source" v="Bing"/>
 </way>
 <way id="134987096" visible="true" version="1" changeset="9673473" timestamp="2011-10-28T04:25:42Z" user="ianlopez1115" uid="44938">
  <nd ref="1090528249"/>
  <nd ref="1090528279"/>
  <tag k="highway" v="residential"/>
  <tag k="postal_code" v="4025"/>
  <tag k="source" v="Bing"/>
 </way>
 <way id="134987110" visible="true" version="4" changeset="114934660" timestamp="2021-12-14T18:17:02Z" user="justin0206" uid="11399710">
  <nd ref="1090471301"/>
  <nd ref="9338185681"/>
  <nd ref="8683341978"/>
  <nd ref="1090471254"/>
  <tag k="highway" v="residential"/>
  <tag k="name" v="Mahogany Street"/>
  <tag k="postal_code" v="4025"/>
  <tag k="source" v="Bing"/>
 </way>
 <way id="134987117" visible="true" version="1" changeset="9673473" timestamp="2011-10-28T04:25:44Z" user="ianlopez1115" uid="44938">
  <nd ref="1090192018"/>
  <nd ref="1090191985"/>
  <tag k="highway" v="residential"/>
  <tag k="postal_code" v="4025"/>
  <tag k="source" v="Bing"/>
 </way>
 <way id="134987120" visible="true" version="3" changeset="114934660" timestamp="2021-12-14T18:17:02Z" user="justin0206" uid="11399710">
  <nd ref="1090471325"/>
  <nd ref="9338185683"/>
  <nd ref="9338185684"/>
  <nd ref="1090471068"/>
  <tag k="highway" v="residential"/>
  <tag k="name" v="Pine Street"/>
  <tag k="postal_code" v="4025"/>
  <tag k="source" v="Bing"/>
 </way>
 <way id="134987130" visible="true" version="1" changeset="9673473" timestamp="2011-10-28T04:25:46Z" user="ianlopez1115" uid="44938">
  <nd ref="1090528327"/>
  <nd ref="1090528252"/>
  <nd ref="1090528253"/>
  <tag k="highway" v="residential"/>
  <tag k="postal_code" v="4025"/>
  <tag k="source" v="Bing"/>
 </way>
 <way id="134987152" visible="true" version="1" changeset="9673473" timestamp="2011-10-28T04:25:49Z" user="ianlopez1115" uid="44938">
  <nd ref="1090528291"/>
  <nd ref="1090528352"/>
  <nd ref="1090528345"/>
  <nd ref="1090528327"/>
  <tag k="highway" v="residential"/>
  <tag k="postal_code" v="4025"/>
  <tag k="source" v="Bing"/>
 </way>
 <way id="134987159" visible="true" version="1" changeset="9673473" timestamp="2011-10-28T04:25:50Z" user="ianlopez1115" uid="44938">
  <nd ref="1090522586"/>
  <nd ref="1090522526"/>
  <nd ref="1090522634"/>
  <nd ref="1090522530"/>
  <tag k="highway" v="residential"/>
  <tag k="postal_code" v="4025"/>
  <tag k="source" v="Bing"/>
 </way>
 <way id="134987160" visible="true" version="1" changeset="9673473" timestamp="2011-10-28T04:25:50Z" user="ianlopez1115" uid="44938">
  <nd ref="1090522519"/>
  <nd ref="1090522573"/>
  <nd ref="1090522599"/>
  <nd ref="1090522578"/>
  <tag k="highway" v="service"/>
  <tag k="postal_code" v="4025"/>
  <tag k="source" v="Bing"/>
 </way>
 <way id="134987164" visible="true" version="1" changeset="9673473" timestamp="2011-10-28T04:25:51Z" user="ianlopez1115" uid="44938">
  <nd ref="1090528279"/>
  <nd ref="1090528265"/>
  <nd ref="1090528264"/>
  <nd ref="1090528360"/>
  <tag k="highway" v="residential"/>
  <tag k="postal_code" v="4025"/>
  <tag k="source" v="Bing"/>
 </way>
 <way id="134987165" visible="true" version="2" changeset="119486616" timestamp="2022-04-08T22:08:05Z" user="Gweneth" uid="15527158">
  <nd ref="1090528255"/>
  <nd ref="1090528310"/>
  <nd ref="1090528311"/>
  <nd ref="9652796716"/>
  <nd ref="1090528286"/>
  <tag k="highway" v="residential"/>
  <tag k="postal_code" v="4025"/>
  <tag k="source" v="Bing"/>
 </way>
 <way id="134987168" visible="true" version="1" changeset="9673473" timestamp="2011-10-28T04:25:51Z" user="ianlopez1115" uid="44938">
  <nd ref="1483143287"/>
  <nd ref="1483143316"/>
  <nd ref="1483143312"/>
  <nd ref="1483143280"/>
  <nd ref="1483143250"/>
  <tag k="highway" v="residential"/>
  <tag k="postal_code" v="4025"/>
  <tag k="source" v="Bing"/>
 </way>
 <way id="134987169" visible="true" version="3" changeset="114934660" timestamp="2021-12-14T18:17:02Z" user="justin0206" uid="11399710">
  <nd ref="1090471068"/>
  <nd ref="9338185685"/>
  <nd ref="1090471064"/>
  <nd ref="1090471185"/>
  <nd ref="1090471254"/>
  <nd ref="1090471153"/>
  <tag k="highway" v="residential"/>
  <tag k="name" v="Ipil Street"/>
  <tag k="postal_code" v="4025"/>
  <tag k="source" v="Bing"/>
 </way>
 <way id="134987171" visible="true" version="1" changeset="9673473" timestamp="2011-10-28T04:25:52Z" user="ianlopez1115" uid="44938">
  <nd ref="1483143262"/>
  <nd ref="1483143301"/>
  <nd ref="1483143308"/>
  <nd ref="1483143322"/>
  <nd ref="1483143333"/>
  <tag k="highway" v="residential"/>
  <tag k="postal_code" v="4025"/>
  <tag k="source" v="Bing"/>
 </way>
 <way id="134987186" visible="true" version="1" changeset="9673473" timestamp="2011-10-28T04:25:54Z" user="ianlopez1115" uid="44938">
  <nd ref="1090192081"/>
  <nd ref="1090191974"/>
  <nd ref="1090191981"/>
  <nd ref="1090191945"/>
  <nd ref="1090192111"/>
  <nd ref="1090192018"/>
  <tag k="highway" v="residential"/>
  <tag k="postal_code" v="4025"/>
  <tag k="source" v="Bing"/>
 </way>
 <way id="134987202" visible="true" version="2" changeset="98945906" timestamp="2021-02-09T05:15:37Z" user="go_vind" uid="11589191">
  <nd ref="1090528366"/>
  <nd ref="1090528360"/>
  <nd ref="1090528305"/>
  <nd ref="1090528355"/>
  <nd ref="1090528317"/>
  <nd ref="1090528374"/>
  <nd ref="8386382899"/>
  <nd ref="1090528291"/>
  <tag k="highway" v="residential"/>
  <tag k="postal_code" v="4025"/>
  <tag k="source" v="Bing"/>
 </way>
 <way id="134987211" visible="true" version="6" changeset="122308361" timestamp="2022-06-13T06:37:09Z" user="HungryHorse" uid="14854473">
  <nd ref="1483143353"/>
  <nd ref="7053759804"/>
  <nd ref="1483143248"/>
  <nd ref="1483143276"/>
  <nd ref="1483143331"/>
  <nd ref="5110336892"/>
  <nd ref="1483143351"/>
  <nd ref="1483143365"/>
  <nd ref="1483143369"/>
  <nd ref="1483143377"/>
  <nd ref="1483143367"/>
  <nd ref="9813770304"/>
  <nd ref="7062156340"/>
  <nd ref="1483143512"/>
  <nd ref="8683341977"/>
  <nd ref="1483143353"/>
  <tag k="landuse" v="industrial"/>
  <tag k="source" v="Bing"/>
 </way>
 <way id="134987215" visible="true" version="5" changeset="103909196" timestamp="2021-04-30T11:27:57Z" user="pendyala_abhiram" uid="12625710">
  <nd ref="1483143353"/>
  <nd ref="1483143383"/>
  <nd ref="1483143514"/>
  <nd ref="1483143541"/>
  <nd ref="1483143521"/>
  <nd ref="1483143618"/>
  <nd ref="1483143636"/>
  <nd ref="1483143608"/>
  <nd ref="1483143620"/>
  <nd ref="1483143607"/>
  <nd ref="1483143599"/>
  <nd ref="1483143518"/>
  <nd ref="1483143512"/>
  <nd ref="8683341977"/>
  <nd ref="1483143353"/>
  <tag k="landuse" v="residential"/>
  <tag k="name" v="Grand Acacia Grove Subdivision"/>
  <tag k="place" v="neighbourhood"/>
  <tag k="source" v="Bing"/>
 </way>
 <way id="134987221" visible="true" version="5" changeset="177709690" timestamp="2026-01-26T08:16:32Z" user="Randell23" uid="9267725">
  <nd ref="1483143220"/>
  <nd ref="11490522848"/>
  <nd ref="1483143226"/>
  <nd ref="11490522851"/>
  <nd ref="1483143247"/>
  <nd ref="1483143256"/>
  <nd ref="1483143264"/>
  <nd ref="1483143230"/>
  <nd ref="13494943096"/>
  <nd ref="1483143350"/>
  <nd ref="1483143359"/>
  <nd ref="1483143354"/>
  <nd ref="1483143361"/>
  <nd ref="1483143352"/>
  <nd ref="1483143335"/>
  <nd ref="1483143310"/>
  <nd ref="1483143258"/>
  <nd ref="1483143249"/>
  <nd ref="1483143246"/>
  <nd ref="1966259887"/>
  <nd ref="1483143260"/>
  <nd ref="1483143282"/>
  <nd ref="1483143219"/>
  <nd ref="1483143220"/>
  <tag k="landuse" v="residential"/>
  <tag k="name" v="Millwood Ville Subdivision"/>
  <tag k="place" v="neighbourhood"/>
  <tag k="source" v="Bing"/>
 </way>
 <way id="134987230" visible="true" version="8" changeset="172766181" timestamp="2025-10-02T21:10:40Z" user="TagaSanPedroAko" uid="2541613">
  <nd ref="1483144131"/>
  <nd ref="1483144087"/>
  <nd ref="1483144064"/>
  <nd ref="1483144017"/>
  <nd ref="1483144008"/>
  <nd ref="1483143999"/>
  <nd ref="1483143983"/>
  <nd ref="1483143898"/>
  <nd ref="1483143904"/>
  <nd ref="1483143912"/>
  <nd ref="1483143914"/>
  <nd ref="1483143890"/>
  <nd ref="1483143884"/>
  <nd ref="1483143795"/>
  <nd ref="1483143786"/>
  <nd ref="1483143752"/>
  <nd ref="1483143756"/>
  <nd ref="1483143750"/>
  <nd ref="1483143749"/>
  <nd ref="1483143732"/>
  <nd ref="1483143707"/>
  <nd ref="1483143605"/>
  <nd ref="1483143549"/>
  <nd ref="1483143610"/>
  <nd ref="1483143674"/>
  <nd ref="7053759813"/>
  <nd ref="7053759812"/>
  <nd ref="7053759757"/>
  <nd ref="1483143755"/>
  <nd ref="1483143775"/>
  <nd ref="1483143809"/>
  <nd ref="1483143769"/>
  <nd ref="7053759742"/>
  <nd ref="9813770290"/>
  <nd ref="9813770293"/>
  <nd ref="7053759740"/>
  <nd ref="1483143793"/>
  <nd ref="1483143812"/>
  <nd ref="1483143872"/>
  <nd ref="1483143873"/>
  <nd ref="1483143885"/>
  <nd ref="1483143888"/>
  <nd ref="1483144001"/>
  <nd ref="1483144062"/>
  <nd ref="7053759707"/>
  <nd ref="7053759691"/>
  <nd ref="1483144102"/>
  <nd ref="1483144131"/>
  <tag k="landuse" v="residential"/>
  <tag k="name" v="Don Onofre Subdivision"/>
  <tag k="residential" v="single_family"/>
  <tag k="source" v="Bing"/>
 </way>
 <way id="134987235" visible="true" version="6" changeset="116238121" timestamp="2022-01-17T06:04:38Z" user="Tyods" uid="419536">
  <nd ref="1483143152"/>
  <nd ref="1966259776"/>
  <nd ref="1966259752"/>
  <nd ref="1483143034"/>
  <nd ref="5090400702"/>
  <nd ref="1483143133"/>
  <nd ref="2364392448"/>
  <nd ref="1483143151"/>
  <nd ref="1483143162"/>
  <nd ref="1483143154"/>
  <nd ref="3595918389"/>
  <nd ref="1483143152"/>
  <tag k="landuse" v="residential"/>
  <tag k="name" v="Cabuyao Central Subdivision"/>
  <tag k="source" v="Bing"/>
 </way>
 <way id="134987341" visible="true" version="1" changeset="9673473" timestamp="2011-10-28T04:26:18Z" user="ianlopez1115" uid="44938">
  <nd ref="1483143242"/>
  <nd ref="1483143244"/>
  <nd ref="1483143236"/>
  <nd ref="1483143234"/>
  <nd ref="1483143242"/>
  <tag k="leisure" v="swimming_pool"/>
  <tag k="source" v="Bing"/>
 </way>
 <way id="134987358" visible="true" version="1" changeset="9673473" timestamp="2011-10-28T04:26:20Z" user="ianlopez1115" uid="44938">
  <nd ref="1483143337"/>
  <nd ref="1483143349"/>
  <nd ref="1483143346"/>
  <nd ref="1483143348"/>
  <nd ref="1483143329"/>
  <nd ref="1483143268"/>
  <nd ref="1483143337"/>
  <tag k="building" v="yes"/>
  <tag k="source" v="Bing"/>
 </way>
 <way id="134987361" visible="true" version="26" changeset="168450711" timestamp="2025-07-03T15:57:50Z" user="ervinjoshuadelrosario" uid="6831896">
  <nd ref="10962864192"/>
  <nd ref="4088123159"/>
  <nd ref="1908112313"/>
  <nd ref="1489356854"/>
  <nd ref="1968539274"/>
  <nd ref="5044226106"/>
  <nd ref="1564817610"/>
  <nd ref="1564817611"/>
  <nd ref="1564817612"/>
  <nd ref="1564817613"/>
  <nd ref="1483142843"/>
  <nd ref="1483142936"/>
  <nd ref="1483143138"/>
  <nd ref="1483143203"/>
  <nd ref="1483143278"/>
  <nd ref="1483243371"/>
  <nd ref="1483143883"/>
  <nd ref="1483243498"/>
  <nd ref="1483243518"/>
  <nd ref="1483243603"/>
  <nd ref="1483243664"/>
  <nd ref="1483243694"/>
  <nd ref="1483243714"/>
  <nd ref="5031515646"/>
  <nd ref="1483243727"/>
  <nd ref="1483243738"/>
  <nd ref="3237907323"/>
  <nd ref="1483243784"/>
  <nd ref="1483243811"/>
  <nd ref="1483243827"/>
  <nd ref="1483243828"/>
  <nd ref="1483243843"/>
  <nd ref="1483243873"/>
  <nd ref="1483243874"/>
  <nd ref="1562129390"/>
  <nd ref="1562129391"/>
  <nd ref="1562129392"/>
  <nd ref="1562129393"/>
  <nd ref="1562129394"/>
  <nd ref="1562129395"/>
  <nd ref="3425095816"/>
  <nd ref="1562129396"/>
  <nd ref="1562121791"/>
  <nd ref="1562121837"/>
  <nd ref="1562121902"/>
  <nd ref="1562122122"/>
  <nd ref="1562122284"/>
  <nd ref="1562122335"/>
  <nd ref="1562122343"/>
  <nd ref="1562122349"/>
  <tag k="cables" v="6"/>
  <tag k="circuits" v="2"/>
  <tag k="operator" v="National Grid Corporation of the Philippines"/>
  <tag k="operator:short" v="NGCP"/>
  <tag k="operator:wikidata" v="Q28197109"/>
  <tag k="owner" v="National Transmission Corporation"/>
  <tag k="power" v="line"/>
  <tag k="source" v="Bing"/>
  <tag k="voltage" v="0"/>
  <tag k="wires" v="single"/>
 </way>
 <way id="145504281" visible="true" version="21" changeset="164926275" timestamp="2025-04-14T08:11:57Z" user="TagaSanPedroAko" uid="2541613">
  <nd ref="323077733"/>
  <nd ref="1078541499"/>
  <nd ref="1090516973"/>
  <nd ref="6247163530"/>
  <nd ref="8678242334"/>
  <nd ref="306561070"/>
  <nd ref="8678242341"/>
  <nd ref="2317018205"/>
  <nd ref="1090522523"/>
  <nd ref="1090522658"/>
  <nd ref="2326996719"/>
  <nd ref="8678242322"/>
  <nd ref="8678242333"/>
  <nd ref="8678242323"/>
  <nd ref="253501055"/>
  <nd ref="8678242328"/>
  <nd ref="1090522614"/>
  <nd ref="8678272901"/>
  <nd ref="8678242346"/>
  <nd ref="1090522606"/>
  <nd ref="8314837230"/>
  <nd ref="8678523748"/>
  <nd ref="8678523742"/>
  <nd ref="8678523739"/>
  <nd ref="8678657250"/>
  <nd ref="2110631552"/>
  <nd ref="1076608511"/>
  <nd ref="8314837220"/>
  <nd ref="5110336898"/>
  <nd ref="306561072"/>
  <nd ref="2106590849"/>
  <nd ref="1090522661"/>
  <nd ref="1090522633"/>
  <nd ref="8318423703"/>
  <nd ref="253512231"/>
  <tag k="designation" v="city_road"/>
  <tag k="highway" v="secondary"/>
  <tag k="lanes" v="2"/>
  <tag k="name" v="Pulo-Diezmo Road"/>
  <tag k="parking:lane:both" v="no_parking"/>
  <tag k="postal_code" v="4025"/>
  <tag k="surface" v="asphalt"/>
 </way>
 <way id="185940135" visible="true" version="6" changeset="78354451" timestamp="2019-12-13T06:30:44Z" user="user_10425844" uid="10425844">
  <nd ref="1483143152"/>
  <nd ref="1966259777"/>
  <nd ref="5090400685"/>
  <nd ref="1966259772"/>
  <nd ref="5090400684"/>
  <nd ref="7053772804"/>
  <nd ref="7053772807"/>
  <nd ref="1483143131"/>
  <nd ref="1966259755"/>
  <nd ref="5090400689"/>
  <nd ref="1966259776"/>
  <nd ref="1483143152"/>
  <tag k="addr:city" v="Cabuyao"/>
  <tag k="addr:postcode" v="4025"/>
  <tag k="landuse" v="retail"/>
  <tag k="name" v="Cabuyao Centro Mall"/>
  <tag k="shop" v="mall"/>
 </way>
 <way id="185940152" visible="true" version="2" changeset="21994736" timestamp="2014-04-28T07:13:16Z" user="ianlopez1115" uid="44938">
  <nd ref="1194144560"/>
  <nd ref="1966259793"/>
  <nd ref="1966259796"/>
  <nd ref="1966259794"/>
  <nd ref="2110684829"/>
  <nd ref="1194144560"/>
  <tag k="amenity" v="place_of_worship"/>
  <tag k="building" v="yes"/>
  <tag k="building:levels" v="2"/>
  <tag k="denomination" v="roman_catholic"/>
  <tag k="name" v="St. Francis of Assisi Parish Church"/>
  <tag k="religion" v="christian"/>
  <tag k="source" v="Bing"/>
 </way>
 <way id="185940153" visible="true" version="3" changeset="80827940" timestamp="2020-02-11T05:26:10Z" user="Tris_AnneD" uid="10682657">
  <nd ref="1966259779"/>
  <nd ref="1966259780"/>
  <nd ref="1966259778"/>
  <nd ref="1966259775"/>
  <nd ref="1966259779"/>
  <tag k="amenity" v="school"/>
  <tag k="source" v="Bing"/>
 </way>
 <way id="185940154" visible="true" version="1" changeset="13501625" timestamp="2012-10-15T06:29:20Z" user="ianlopez1115" uid="44938">
  <nd ref="1966259949"/>
  <nd ref="1966259952"/>
  <nd ref="1966259929"/>
  <nd ref="1966259927"/>
  <nd ref="1966259949"/>
  <tag k="building" v="clubhouse"/>
  <tag k="source" v="Bing"/>
 </way>
 <way id="185940159" visible="true" version="2" changeset="138658971" timestamp="2023-07-18T09:29:08Z" user="user_16415738" uid="16415738">
  <nd ref="1966259971"/>
  <nd ref="1966259962"/>
  <nd ref="1966259958"/>
  <nd ref="1966259954"/>
  <nd ref="1966259948"/>
  <nd ref="1966259943"/>
  <nd ref="1966259938"/>
  <nd ref="1966259936"/>
  <nd ref="1966259931"/>
  <nd ref="1966259926"/>
  <nd ref="1966259922"/>
  <nd ref="1966259918"/>
  <nd ref="1966259914"/>
  <nd ref="1966259911"/>
  <tag k="highway" v="residential"/>
  <tag k="name" v="Pomelo Street"/>
  <tag k="postal_code" v="4025"/>
  <tag k="source" v="Bing"/>
 </way>
 <way id="185940162" visible="true" version="4" changeset="154446801" timestamp="2024-07-26T14:47:17Z" user="LakePeipus" uid="16853698">
  <nd ref="9544057240"/>
  <nd ref="1966259750"/>
  <nd ref="1966259754"/>
  <nd ref="1966259757"/>
  <nd ref="1966259758"/>
  <nd ref="1966259760"/>
  <nd ref="1966259762"/>
  <nd ref="1966259763"/>
  <nd ref="1966259764"/>
  <nd ref="1966259765"/>
  <nd ref="1966259766"/>
  <nd ref="1966259767"/>
  <nd ref="1966259768"/>
  <nd ref="1966259769"/>
  <nd ref="1966259770"/>
  <nd ref="1966259771"/>
  <nd ref="1966259773"/>
  <nd ref="7053772798"/>
  <nd ref="7053772797"/>
  <nd ref="12075462092"/>
  <nd ref="7053772796"/>
  <tag k="highway" v="residential"/>
  <tag k="postal_code" v="4025"/>
  <tag k="source" v="Bing"/>
 </way>
 <way id="185940170" visible="true" version="2" changeset="138658971" timestamp="2023-07-18T09:29:08Z" user="user_16415738" uid="16415738">
  <nd ref="1966259963"/>
  <nd ref="1966259913"/>
  <tag k="highway" v="residential"/>
  <tag k="name" v="Jackfruit Street"/>
  <tag k="postal_code" v="4025"/>
  <tag k="source" v="Bing"/>
 </way>
 <way id="185940174" visible="true" version="2" changeset="138658971" timestamp="2023-07-18T09:29:08Z" user="user_16415738" uid="16415738">
  <nd ref="1966259957"/>
  <nd ref="1966259968"/>
  <tag k="highway" v="residential"/>
  <tag k="name" v="Apple Street"/>
  <tag k="postal_code" v="4025"/>
  <tag k="source" v="Bing"/>
 </way>
 <way id="185940180" visible="true" version="2" changeset="138658971" timestamp="2023-07-18T09:29:08Z" user="user_16415738" uid="16415738">
  <nd ref="1966259970"/>
  <nd ref="1966259902"/>
  <tag k="highway" v="residential"/>
  <tag k="name" v="Avocado Street"/>
  <tag k="postal_code" v="4025"/>
  <tag k="source" v="Bing"/>
 </way>
 <way id="185940183" visible="true" version="2" changeset="138658971" timestamp="2023-07-18T09:29:08Z" user="user_16415738" uid="16415738">
  <nd ref="1966259939"/>
  <nd ref="1966259910"/>
  <tag k="highway" v="residential"/>
  <tag k="name" v="Macopa Street"/>
  <tag k="postal_code" v="4025"/>
  <tag k="source" v="Bing"/>
 </way>
 <way id="185940187" visible="true" version="1" changeset="13501625" timestamp="2012-10-15T06:29:25Z" user="ianlopez1115" uid="44938">
  <nd ref="1090522569"/>
  <nd ref="1090522536"/>
  <tag k="highway" v="residential"/>
 </way>
 <way id="185940194" visible="true" version="2" changeset="138658971" timestamp="2023-07-18T09:29:08Z" user="user_16415738" uid="16415738">
  <nd ref="1966259989"/>
  <nd ref="1966259931"/>
  <tag k="highway" v="residential"/>
  <tag k="name" v="Lemon Street"/>
  <tag k="postal_code" v="4025"/>
  <tag k="source" v="Bing"/>
 </way>
 <way id="185940207" visible="true" version="2" changeset="138658971" timestamp="2023-07-18T09:29:08Z" user="user_16415738" uid="16415738">
  <nd ref="1966259993"/>
  <nd ref="1966259922"/>
  <tag k="highway" v="residential"/>
  <tag k="name" v="Peach Street"/>
  <tag k="postal_code" v="4025"/>
  <tag k="source" v="Bing"/>
 </way>
 <way id="185940220" visible="true" version="2" changeset="138658971" timestamp="2023-07-18T09:29:08Z" user="user_16415738" uid="16415738">
  <nd ref="1966259992"/>
  <nd ref="1966259926"/>
  <tag k="highway" v="residential"/>
  <tag k="name" v="Cherry Street"/>
  <tag k="postal_code" v="4025"/>
  <tag k="source" v="Bing"/>
 </way>
 <way id="185940227" visible="true" version="3" changeset="138658971" timestamp="2023-07-18T09:29:08Z" user="user_16415738" uid="16415738">
  <nd ref="1966259946"/>
  <nd ref="1966259956"/>
  <nd ref="1966259961"/>
  <nd ref="1966259963"/>
  <nd ref="1966259967"/>
  <nd ref="1966259970"/>
  <nd ref="1966259972"/>
  <nd ref="8314536358"/>
  <nd ref="1966259984"/>
  <nd ref="1966259986"/>
  <nd ref="1966259988"/>
  <nd ref="1966259993"/>
  <nd ref="1966259992"/>
  <nd ref="1966259989"/>
  <nd ref="1966259995"/>
  <nd ref="1966259999"/>
  <nd ref="1966260004"/>
  <nd ref="1966260008"/>
  <nd ref="1966260009"/>
  <nd ref="1966260012"/>
  <nd ref="1966260013"/>
  <nd ref="1966260014"/>
  <nd ref="1966260015"/>
  <nd ref="1966260016"/>
  <tag k="highway" v="residential"/>
  <tag k="name" v="Tamarillo Street"/>
  <tag k="postal_code" v="4025"/>
  <tag k="source" v="Bing"/>
 </way>
 <way id="185940237" visible="true" version="2" changeset="138658971" timestamp="2023-07-18T09:29:08Z" user="user_16415738" uid="16415738">
  <nd ref="1966259986"/>
  <nd ref="1966259968"/>
  <nd ref="1966259914"/>
  <tag k="highway" v="residential"/>
  <tag k="name" v="Apricot Street"/>
  <tag k="postal_code" v="4025"/>
  <tag k="source" v="Bing"/>
 </way>
 <way id="185940241" visible="true" version="2" changeset="138658971" timestamp="2023-07-18T09:29:08Z" user="user_16415738" uid="16415738">
  <nd ref="1966259967"/>
  <nd ref="1966259920"/>
  <nd ref="1966259901"/>
  <tag k="highway" v="residential"/>
  <tag k="name" v="Guava Street"/>
  <tag k="postal_code" v="4025"/>
  <tag k="source" v="Bing"/>
 </way>
 <way id="185940245" visible="true" version="2" changeset="138658971" timestamp="2023-07-18T09:29:08Z" user="user_16415738" uid="16415738">
  <nd ref="1966259988"/>
  <nd ref="1966259918"/>
  <nd ref="1966259907"/>
  <nd ref="1966259903"/>
  <tag k="highway" v="residential"/>
  <tag k="name" v="Pear Street"/>
  <tag k="postal_code" v="4025"/>
  <tag k="source" v="Bing"/>
 </way>
 <way id="185940247" visible="true" version="3" changeset="138658971" timestamp="2023-07-18T09:29:08Z" user="user_16415738" uid="16415738">
  <nd ref="1966259904"/>
  <nd ref="1966259911"/>
  <nd ref="1966259957"/>
  <nd ref="8314536359"/>
  <tag k="highway" v="residential"/>
  <tag k="name" v="Willow Drive"/>
  <tag k="postal_code" v="4025"/>
  <tag k="source" v="Bing"/>
 </way>
 <way id="185940249" visible="true" version="2" changeset="138658971" timestamp="2023-07-18T09:29:08Z" user="user_16415738" uid="16415738">
  <nd ref="1966259960"/>
  <nd ref="1966259946"/>
  <nd ref="1966259908"/>
  <nd ref="1966259906"/>
  <tag k="highway" v="residential"/>
  <tag k="name" v="Caimito Street"/>
  <tag k="postal_code" v="4025"/>
  <tag k="source" v="Bing"/>
 </way>
 <way id="185940254" visible="true" version="2" changeset="138658971" timestamp="2023-07-18T09:29:08Z" user="user_16415738" uid="16415738">
  <nd ref="1966259908"/>
  <nd ref="1966259910"/>
  <nd ref="1966259913"/>
  <nd ref="1966259920"/>
  <tag k="highway" v="residential"/>
  <tag k="name" v="Santol Street"/>
  <tag k="postal_code" v="4025"/>
  <tag k="source" v="Bing"/>
 </way>
 <way id="185940260" visible="true" version="1" changeset="13501625" timestamp="2012-10-15T06:29:36Z" user="ianlopez1115" uid="44938">
  <nd ref="1090522536"/>
  <nd ref="1090522583"/>
  <nd ref="1090522558"/>
  <nd ref="1090522589"/>
  <nd ref="1090522633"/>
  <tag k="highway" v="residential"/>
 </way>
 <way id="185940269" visible="true" version="2" changeset="97362349" timestamp="2021-01-12T09:57:17Z" user="bunty_6" uid="8794031">
  <nd ref="1966259987"/>
  <nd ref="1966259979"/>
  <nd ref="1966259973"/>
  <nd ref="1966259972"/>
  <nd ref="8314536359"/>
  <tag k="highway" v="residential"/>
  <tag k="oneway" v="yes"/>
  <tag k="postal_code" v="4025"/>
  <tag k="source" v="Bing"/>
 </way>
 <way id="185940272" visible="true" version="1" changeset="13501625" timestamp="2012-10-15T06:29:38Z" user="ianlopez1115" uid="44938">
  <nd ref="1966259956"/>
  <nd ref="1966259947"/>
  <nd ref="1966259940"/>
  <nd ref="1966259939"/>
  <nd ref="1966259944"/>
  <nd ref="1966259950"/>
  <nd ref="1966259959"/>
  <nd ref="1966259961"/>
  <tag k="highway" v="residential"/>
  <tag k="postal_code" v="4025"/>
  <tag k="source" v="Bing"/>
 </way>
 <way id="185940273" visible="true" version="2" changeset="138658971" timestamp="2023-07-18T09:29:08Z" user="user_16415738" uid="16415738">
  <nd ref="1966259899"/>
  <nd ref="1966259901"/>
  <nd ref="1966259902"/>
  <nd ref="1966259904"/>
  <nd ref="1966259907"/>
  <nd ref="1966259912"/>
  <nd ref="1966259925"/>
  <nd ref="1966259951"/>
  <nd ref="1966259953"/>
  <tag k="highway" v="residential"/>
  <tag k="name" v="Mangosteen Street"/>
  <tag k="postal_code" v="4025"/>
  <tag k="source" v="Bing"/>
 </way>
 <way id="185940277" visible="true" version="5" changeset="160595391" timestamp="2024-12-25T08:20:10Z" user="vasqaa" uid="20928010">
  <nd ref="1483143549"/>
  <nd ref="1966260007"/>
  <nd ref="1966259976"/>
  <nd ref="7062156350"/>
  <nd ref="7062156351"/>
  <nd ref="1966259964"/>
  <nd ref="12450729927"/>
  <nd ref="1966260010"/>
  <nd ref="7062163689"/>
  <nd ref="7062156382"/>
  <nd ref="7062156379"/>
  <nd ref="7062156362"/>
  <nd ref="7053759803"/>
  <nd ref="9813770310"/>
  <nd ref="1966260017"/>
  <nd ref="1966260018"/>
  <nd ref="1966260019"/>
  <nd ref="1483143674"/>
  <nd ref="1483143610"/>
  <nd ref="1483143549"/>
  <tag k="landuse" v="industrial"/>
  <tag k="source" v="Bing"/>
 </way>
 <way id="185940280" visible="true" version="4" changeset="138658971" timestamp="2023-07-18T09:29:08Z" user="user_16415738" uid="16415738">
  <nd ref="1483143361"/>
  <nd ref="1966260005"/>
  <nd ref="1966260011"/>
  <nd ref="1966260006"/>
  <nd ref="1483143628"/>
  <nd ref="1483143622"/>
  <nd ref="1637371332"/>
  <nd ref="1483143536"/>
  <nd ref="1966260001"/>
  <nd ref="1966260003"/>
  <nd ref="5401396781"/>
  <nd ref="1966259977"/>
  <nd ref="7062163690"/>
  <nd ref="1966259969"/>
  <nd ref="1966259955"/>
  <nd ref="1966259905"/>
  <nd ref="1966259909"/>
  <nd ref="1483143335"/>
  <nd ref="1483143352"/>
  <nd ref="1483143361"/>
  <tag k="landuse" v="residential"/>
  <tag k="name" v="Willow Park Homes"/>
  <tag k="source" v="Bing"/>
 </way>
 <way id="185940285" visible="true" version="3" changeset="78354451" timestamp="2019-12-13T06:30:44Z" user="user_10425844" uid="10425844">
  <nd ref="1483142955"/>
  <nd ref="1966259726"/>
  <nd ref="1966259752"/>
  <nd ref="1966259776"/>
  <nd ref="5090400689"/>
  <nd ref="1966259755"/>
  <nd ref="1483142955"/>
  <tag k="landuse" v="residential"/>
  <tag k="source" v="Bing"/>
 </way>
 <way id="185940286" visible="true" version="4" changeset="52732818" timestamp="2017-10-08T14:40:20Z" user="user_5690017" uid="5690017">
  <nd ref="1966259857"/>
  <nd ref="1966259828"/>
  <nd ref="1966259839"/>
  <nd ref="1966259861"/>
  <nd ref="1966259859"/>
  <nd ref="1966259869"/>
  <nd ref="1966259857"/>
  <tag k="is_in:city" v="Cabuyao"/>
  <tag k="is_in:province" v="Laguna"/>
  <tag k="is_in:village" v="Pulo"/>
  <tag k="landuse" v="residential"/>
  <tag k="name" v="Realica Village"/>
  <tag k="place" v="neighbourhood"/>
  <tag k="source" v="Bing"/>
 </way>
 <way id="185940290" visible="true" version="1" changeset="13501625" timestamp="2012-10-15T06:29:42Z" user="ianlopez1115" uid="44938">
  <nd ref="1966259932"/>
  <nd ref="1966259933"/>
  <nd ref="1966259917"/>
  <nd ref="1966259916"/>
  <nd ref="1966259932"/>
  <tag k="leisure" v="pitch"/>
  <tag k="source" v="Bing"/>
  <tag k="sport" v="basketball"/>
 </way>
 <way id="185940291" visible="true" version="1" changeset="13501625" timestamp="2012-10-15T06:29:42Z" user="ianlopez1115" uid="44938">
  <nd ref="1966259942"/>
  <nd ref="1966259945"/>
  <nd ref="1966259923"/>
  <nd ref="1966259921"/>
  <nd ref="1966259942"/>
  <tag k="leisure" v="swimming_pool"/>
  <tag k="source" v="Bing"/>
 </way>
 <way id="353783002" visible="true" version="1" changeset="31977739" timestamp="2015-06-15T08:08:55Z" user="mbrustria" uid="2988191">
  <nd ref="3595918380"/>
  <nd ref="3595918383"/>
  <nd ref="3595918377"/>
  <nd ref="3595918376"/>
  <nd ref="3595918380"/>
  <tag k="building" v="yes"/>
 </way>
 <way id="353783003" visible="true" version="7" changeset="116238837" timestamp="2022-01-17T06:28:42Z" user="Tyods" uid="419536">
  <nd ref="3595918387"/>
  <nd ref="3595918388"/>
  <nd ref="3595918386"/>
  <nd ref="3595918385"/>
  <nd ref="3595918387"/>
  <tag k="addr:barangay" v="Pulo"/>
  <tag k="addr:city" v="Cabuyao City"/>
  <tag k="addr:housenumber" v="Lot 9/Block 7"/>
  <tag k="addr:postcode" v="4025"/>
  <tag k="addr:province" v="Laguna"/>
  <tag k="addr:street" v="Narra Street"/>
  <tag k="building" v="house"/>
  <tag k="building:levels" v="2"/>
  <tag k="height" v="10"/>
  <tag k="name" v="TCF"/>
 </way>
 <way id="353783004" visible="true" version="1" changeset="31977739" timestamp="2015-06-15T08:08:56Z" user="mbrustria" uid="2988191">
  <nd ref="3595918382"/>
  <nd ref="3595918384"/>
  <nd ref="3595918381"/>
  <nd ref="3595918379"/>
  <nd ref="3595918378"/>
  <nd ref="3595918382"/>
  <tag k="building" v="house"/>
 </way>
 <way id="354423306" visible="true" version="1" changeset="32041491" timestamp="2015-06-18T02:14:29Z" user="mbrustria" uid="2988191">
  <nd ref="3601559421"/>
  <nd ref="3601559422"/>
  <nd ref="3601559418"/>
  <nd ref="3601559416"/>
  <nd ref="3601559421"/>
  <tag k="amenity" v="building"/>
  <tag k="building" v="yes"/>
  <tag k="is_in:city" v="Cabuyao"/>
  <tag k="is_in:place" v="Pulo"/>
  <tag k="is_in:town" v="Laguna"/>
  <tag k="name" v="Centennial Building"/>
 </way>
 <way id="354423307" visible="true" version="7" changeset="137711457" timestamp="2023-06-24T07:16:37Z" user="ianlopez1115" uid="44938">
  <nd ref="3601559419"/>
  <nd ref="3601559420"/>
  <nd ref="3601559417"/>
  <nd ref="3601559415"/>
  <nd ref="3601559419"/>
  <tag k="amenity" v="taxi"/>
  <tag k="name" v="Pulo Tricycle Station"/>
  <tag k="taxi_vehicle" v="auto_rickshaw"/>
 </way>
 <way id="354425434" visible="true" version="1" changeset="32041615" timestamp="2015-06-18T02:54:40Z" user="mbrustria" uid="2988191">
  <nd ref="3601575313"/>
  <nd ref="3601575314"/>
  <nd ref="3601575312"/>
  <nd ref="3601575311"/>
  <nd ref="3601575313"/>
  <tag k="building" v="yes"/>
  <tag k="is_in:city" v="Cabuyao"/>
  <tag k="is_in:place" v="Pulo"/>
  <tag k="is_in:town" v="Laguna"/>
  <tag k="name" v="Uling Roasters"/>
  <tag k="shop" v="food"/>
 </way>
 <way id="354426774" visible="true" version="1" changeset="32041764" timestamp="2015-06-18T03:02:31Z" user="mbrustria" uid="2988191">
  <nd ref="3601592215"/>
  <nd ref="3601592216"/>
  <nd ref="3601592214"/>
  <nd ref="3601592213"/>
  <nd ref="3601592215"/>
  <tag k="building" v="yes"/>
  <tag k="is_in:city" v="Cabuyao"/>
  <tag k="is_in:place" v="Pulo"/>
  <tag k="is_in:town" v="Laguna"/>
  <tag k="name" v="MAB Condotel"/>
 </way>
 <way id="354429899" visible="true" version="1" changeset="32042021" timestamp="2015-06-18T03:37:40Z" user="mbrustria" uid="2988191">
  <nd ref="3601652376"/>
  <nd ref="3601652377"/>
  <nd ref="3601652375"/>
  <nd ref="3601652374"/>
  <nd ref="3601652376"/>
  <tag k="building" v="yes"/>
  <tag k="is_in:city" v="Cabuyao"/>
  <tag k="is_in:town" v="Laguna"/>
  <tag k="is_in:village" v="Realica Village"/>
  <tag k="name" v="EPCI"/>
 </way>
 <way id="354487318" visible="true" version="1" changeset="32045513" timestamp="2015-06-18T08:14:39Z" user="mbrustria" uid="2988191">
  <nd ref="3602045551"/>
  <nd ref="3602045548"/>
  <nd ref="3602045547"/>
  <nd ref="3602045550"/>
  <nd ref="3602045551"/>
  <tag k="building" v="yes"/>
  <tag k="name" v="Daisy's Store"/>
  <tag k="opening_hours" v="08:30-12:30,15:30-20:00"/>
  <tag k="shop" v="convenience"/>
 </way>
 <way id="354487320" visible="true" version="1" changeset="32045513" timestamp="2015-06-18T08:14:39Z" user="mbrustria" uid="2988191">
  <nd ref="3602045553"/>
  <nd ref="3602045551"/>
  <nd ref="3602045549"/>
  <nd ref="3602045552"/>
  <nd ref="3602045553"/>
  <tag k="building" v="yes"/>
 </way>
 <way id="435909738" visible="true" version="1" changeset="41282380" timestamp="2016-08-06T06:45:35Z" user="dandel" uid="1706809">
  <nd ref="4338034859"/>
  <nd ref="4338034860"/>
  <nd ref="4338034861"/>
  <nd ref="4338034862"/>
  <nd ref="4338034859"/>
  <tag k="building" v="yes"/>
 </way>
 <way id="435910254" visible="true" version="1" changeset="41282459" timestamp="2016-08-06T06:54:30Z" user="dandel" uid="1706809">
  <nd ref="4338049091"/>
  <nd ref="4338049092"/>
  <nd ref="4338049093"/>
  <nd ref="4338049094"/>
  <nd ref="4338049091"/>
  <tag k="building" v="yes"/>
 </way>
 <way id="435910255" visible="true" version="1" changeset="41282459" timestamp="2016-08-06T06:54:30Z" user="dandel" uid="1706809">
  <nd ref="4338049095"/>
  <nd ref="4338049096"/>
  <nd ref="4338049097"/>
  <nd ref="4338049098"/>
  <nd ref="4338049095"/>
  <tag k="building" v="yes"/>
 </way>
 <way id="435910256" visible="true" version="1" changeset="41282459" timestamp="2016-08-06T06:54:30Z" user="dandel" uid="1706809">
  <nd ref="4338049099"/>
  <nd ref="4338049100"/>
  <nd ref="4338049101"/>
  <nd ref="4338049102"/>
  <nd ref="4338049099"/>
  <tag k="building" v="yes"/>
 </way>
 <way id="435910257" visible="true" version="2" changeset="83478243" timestamp="2020-04-13T12:54:30Z" user="ianlopez1115" uid="44938">
  <nd ref="1483143139"/>
  <nd ref="4338049104"/>
  <nd ref="4338049105"/>
  <nd ref="4338049106"/>
  <nd ref="1483143139"/>
  <tag k="building" v="yes"/>
 </way>
 <way id="522696507" visible="true" version="1" changeset="51865824" timestamp="2017-09-08T22:24:42Z" user="user_5690017" uid="5690017">
  <nd ref="5090400682"/>
  <nd ref="5090400683"/>
  <nd ref="5090400684"/>
  <nd ref="1966259772"/>
  <nd ref="5090400685"/>
  <nd ref="5090400686"/>
  <nd ref="5090400682"/>
  <tag k="building" v="retail"/>
 </way>
 <way id="522696509" visible="true" version="1" changeset="51865824" timestamp="2017-09-08T22:24:42Z" user="user_5690017" uid="5690017">
  <nd ref="2364392448"/>
  <nd ref="1483143151"/>
  <nd ref="1483143162"/>
  <nd ref="5090400690"/>
  <nd ref="5090400691"/>
  <nd ref="5090400692"/>
  <nd ref="3602045552"/>
  <nd ref="5090400693"/>
  <nd ref="5090400694"/>
  <nd ref="5090400695"/>
  <nd ref="5090400696"/>
  <nd ref="5090400697"/>
  <nd ref="2933754343"/>
  <nd ref="5090400698"/>
  <nd ref="5090400699"/>
  <nd ref="5090400700"/>
  <nd ref="5090400701"/>
  <nd ref="5090400702"/>
  <nd ref="1483143133"/>
  <nd ref="2364392448"/>
  <tag k="natural" v="grassland"/>
 </way>
 <way id="525275508" visible="true" version="1" changeset="52108182" timestamp="2017-09-17T03:35:06Z" user="user_5690017" uid="5690017">
  <nd ref="5110336890"/>
  <nd ref="5110336891"/>
  <nd ref="5110336892"/>
  <nd ref="1483143331"/>
  <nd ref="1483143276"/>
  <nd ref="5110336893"/>
  <nd ref="5110336894"/>
  <nd ref="5110336895"/>
  <nd ref="5110336896"/>
  <nd ref="5110336897"/>
  <nd ref="5110336890"/>
  <tag k="natural" v="grassland"/>
 </way>
 <way id="528294038" visible="true" version="1" changeset="52431538" timestamp="2017-09-28T05:17:11Z" user="user_5690017" uid="5690017">
  <nd ref="1483143162"/>
  <nd ref="1483143154"/>
  <nd ref="3595918389"/>
  <nd ref="5134381369"/>
  <nd ref="5134381370"/>
  <nd ref="5134381371"/>
  <nd ref="5134381372"/>
  <nd ref="1966259839"/>
  <nd ref="1966259828"/>
  <nd ref="5090400692"/>
  <nd ref="5090400691"/>
  <nd ref="5090400690"/>
  <nd ref="1483143162"/>
  <tag k="natural" v="grassland"/>
 </way>
 <way id="528595053" visible="true" version="1" changeset="52462412" timestamp="2017-09-29T00:56:02Z" user="user_5690017" uid="5690017">
  <nd ref="5136599596"/>
  <nd ref="5136599597"/>
  <nd ref="5136599598"/>
  <nd ref="5136599599"/>
  <nd ref="5136599600"/>
  <nd ref="5136599601"/>
  <nd ref="5136599596"/>
  <tag k="building" v="industrial"/>
 </way>
 <way id="528595055" visible="true" version="1" changeset="52462412" timestamp="2017-09-29T00:56:02Z" user="user_5690017" uid="5690017">
  <nd ref="5136599602"/>
  <nd ref="5136599603"/>
  <nd ref="5136599604"/>
  <nd ref="5136599605"/>
  <nd ref="5136599602"/>
  <tag k="building" v="industrial"/>
 </way>
 <way id="528595057" visible="true" version="2" changeset="176885067" timestamp="2026-01-06T02:09:47Z" user="Randell23" uid="9267725">
  <nd ref="5136599606"/>
  <nd ref="5136599607"/>
  <nd ref="5136599610"/>
  <nd ref="5136599611"/>
  <nd ref="5136599606"/>
  <tag k="building" v="industrial"/>
 </way>
 <way id="528595058" visible="true" version="7" changeset="177935099" timestamp="2026-01-31T17:32:33Z" user="VMPanes" uid="1488198">
  <nd ref="5120883214"/>
  <nd ref="5136599612"/>
  <nd ref="5136599613"/>
  <nd ref="5136599614"/>
  <nd ref="5136599615"/>
  <nd ref="7053759868"/>
  <nd ref="5136599617"/>
  <nd ref="1483143145"/>
  <nd ref="5136599616"/>
  <nd ref="5120883214"/>
  <tag k="addr:city" v="Cabuyao"/>
  <tag k="addr:postcode" v="4025"/>
  <tag k="addr:province" v="Laguna"/>
  <tag k="addr:street" v="National Highway 1"/>
  <tag k="amenity" v="school"/>
  <tag k="isced:level" v="2"/>
  <tag k="name" v="Pulo Senior High School"/>
  <tag k="name:en" v="Pulo Senior High School"/>
  <tag k="operator" v="Cabuyao District"/>
  <tag k="operator:type" v="government"/>
  <tag k="operator:wikidata" v="Q130249799"/>
  <tag k="previously" v="node:5120883214"/>
  <tag k="ref" v="342354"/>
  <tag k="start_date" v="2016"/>
 </way>
 <way id="528595063" visible="true" version="1" changeset="52462412" timestamp="2017-09-29T00:56:02Z" user="user_5690017" uid="5690017">
  <nd ref="1483143188"/>
  <nd ref="1483143186"/>
  <nd ref="1483143190"/>
  <nd ref="5136599605"/>
  <nd ref="1483143217"/>
  <nd ref="5136599620"/>
  <nd ref="5136599821"/>
  <nd ref="5136599822"/>
  <nd ref="5136599823"/>
  <nd ref="5136599824"/>
  <nd ref="5136599825"/>
  <nd ref="5136599826"/>
  <nd ref="5136599827"/>
  <nd ref="5136599828"/>
  <nd ref="5136599829"/>
  <nd ref="1483143188"/>
  <tag k="natural" v="scrub"/>
 </way>
 <way id="549232953" visible="true" version="25" changeset="175469801" timestamp="2025-12-04T02:12:05Z" user="MountBabia" uid="18236549">
  <nd ref="5305522427"/>
  <nd ref="253499548"/>
  <nd ref="253768576"/>
  <nd ref="8386340811"/>
  <nd ref="8386341661"/>
  <nd ref="253508418"/>
  <nd ref="6401476497"/>
  <nd ref="1088494129"/>
  <nd ref="8302382796"/>
  <nd ref="8682337824"/>
  <nd ref="253782686"/>
  <nd ref="8302168263"/>
  <nd ref="6401476496"/>
  <nd ref="253509332"/>
  <nd ref="13352423950"/>
  <nd ref="253769773"/>
  <nd ref="8679535886"/>
  <nd ref="8679535892"/>
  <nd ref="5136599913"/>
  <nd ref="1088494318"/>
  <nd ref="1077037931"/>
  <nd ref="6433350814"/>
  <nd ref="6433350818"/>
  <nd ref="6433350819"/>
  <nd ref="364629580"/>
  <nd ref="8679146966"/>
  <nd ref="1364005023"/>
  <nd ref="6433347145"/>
  <nd ref="1076899472"/>
  <nd ref="253763623"/>
  <nd ref="12450729945"/>
  <nd ref="6433347140"/>
  <nd ref="12450729946"/>
  <nd ref="6433295382"/>
  <nd ref="1090528373"/>
  <nd ref="2120956729"/>
  <nd ref="1090528380"/>
  <nd ref="253511160"/>
  <nd ref="7053759840"/>
  <nd ref="1483143144"/>
  <nd ref="12075462088"/>
  <nd ref="7053772796"/>
  <nd ref="1966259782"/>
  <nd ref="1090528286"/>
  <nd ref="1090528372"/>
  <nd ref="253784070"/>
  <nd ref="12848931719"/>
  <nd ref="1090528329"/>
  <nd ref="1090528260"/>
  <nd ref="253512231"/>
  <tag k="designation" v="national_primary_road"/>
  <tag k="foot" v="yes"/>
  <tag k="highway" v="trunk"/>
  <tag k="lanes" v="4"/>
  <tag k="lit" v="yes"/>
  <tag k="name" v="National Highway 1"/>
  <tag k="nat_name" v="Daang Maharlika (Manila South Road)"/>
  <tag k="ref" v="1"/>
 </way>
 <way id="560102532" visible="true" version="1" changeset="56219513" timestamp="2018-02-09T15:30:25Z" user="user_5690017" uid="5690017">
  <nd ref="1483143605"/>
  <nd ref="5401396781"/>
  <nd ref="1966260003"/>
  <nd ref="1966260001"/>
  <nd ref="1483143536"/>
  <nd ref="1483143771"/>
  <nd ref="5401396778"/>
  <nd ref="5401396779"/>
  <nd ref="5401396780"/>
  <nd ref="1483143732"/>
  <nd ref="1483143707"/>
  <nd ref="1483143605"/>
  <tag k="landuse" v="industrial"/>
 </way>
 <way id="575056809" visible="true" version="1" changeset="57690167" timestamp="2018-03-31T14:48:49Z" user="kingpamintuan" uid="7995903">
  <nd ref="5518695855"/>
  <nd ref="5518695856"/>
  <nd ref="5518695857"/>
  <nd ref="5518695858"/>
  <nd ref="5518695855"/>
  <tag k="leisure" v="park"/>
  <tag k="name" v="clubhouse common area"/>
 </way>
 <way id="575056810" visible="true" version="1" changeset="57690167" timestamp="2018-03-31T14:48:49Z" user="kingpamintuan" uid="7995903">
  <nd ref="5518695859"/>
  <nd ref="5518695860"/>
  <nd ref="5518695861"/>
  <nd ref="5518695862"/>
  <nd ref="5518695859"/>
  <tag k="leisure" v="park"/>
  <tag k="name" v="water tower gardens"/>
 </way>
 <way id="755097120" visible="true" version="1" changeset="78354186" timestamp="2019-12-13T06:20:16Z" user="user_10425844" uid="10425844">
  <nd ref="7053759840"/>
  <nd ref="7053759841"/>
  <nd ref="7053759842"/>
  <nd ref="7053759843"/>
  <tag k="highway" v="service"/>
 </way>
 <way id="755097121" visible="true" version="4" changeset="177710265" timestamp="2026-01-26T08:36:10Z" user="Randell23" uid="9267725">
  <nd ref="5136599617"/>
  <nd ref="1483143145"/>
  <nd ref="5136599618"/>
  <nd ref="7053759844"/>
  <nd ref="7053759845"/>
  <nd ref="13433668887"/>
  <nd ref="13433668890"/>
  <nd ref="13433668892"/>
  <nd ref="7053759874"/>
  <nd ref="7053759846"/>
  <nd ref="7053759847"/>
  <nd ref="7053759848"/>
  <nd ref="7053759875"/>
  <nd ref="7053759849"/>
  <nd ref="7053759877"/>
  <nd ref="7053759850"/>
  <nd ref="7053759851"/>
  <nd ref="7053759852"/>
  <nd ref="7053759853"/>
  <nd ref="7053759871"/>
  <nd ref="5136599617"/>
  <tag k="landuse" v="industrial"/>
  <tag k="name" v="Cornersteel Systems Corporation"/>
 </way>
 <way id="755097122" visible="true" version="1" changeset="78354186" timestamp="2019-12-13T06:20:16Z" user="user_10425844" uid="10425844">
  <nd ref="7053759854"/>
  <nd ref="7053759855"/>
  <nd ref="7053759856"/>
  <nd ref="7053759857"/>
  <nd ref="7053759854"/>
  <tag k="building" v="industrial"/>
 </way>
 <way id="755097123" visible="true" version="1" changeset="78354186" timestamp="2019-12-13T06:20:16Z" user="user_10425844" uid="10425844">
  <nd ref="7053759858"/>
  <nd ref="7053759859"/>
  <nd ref="7053759860"/>
  <nd ref="7053759861"/>
  <nd ref="7053759862"/>
  <nd ref="7053759863"/>
  <nd ref="7053759864"/>
  <nd ref="7053759865"/>
  <nd ref="7053759866"/>
  <nd ref="7053759867"/>
  <nd ref="7053759858"/>
  <tag k="building" v="industrial"/>
 </way>
 <way id="755097124" visible="true" version="1" changeset="78354186" timestamp="2019-12-13T06:20:16Z" user="user_10425844" uid="10425844">
  <nd ref="7053759868"/>
  <nd ref="7053759869"/>
  <nd ref="7053759870"/>
  <nd ref="7053759871"/>
  <nd ref="7053759868"/>
  <tag k="building" v="industrial"/>
 </way>
 <way id="755098886" visible="true" version="5" changeset="177710265" timestamp="2026-01-26T08:36:10Z" user="Randell23" uid="9267725">
  <nd ref="13433673003"/>
  <nd ref="1483143210"/>
  <nd ref="1483143193"/>
  <nd ref="1483143213"/>
  <nd ref="1483143199"/>
  <nd ref="1483143164"/>
  <nd ref="1483143156"/>
  <nd ref="7053772795"/>
  <nd ref="7053772793"/>
  <nd ref="7053772794"/>
  <nd ref="1483143149"/>
  <nd ref="1483143155"/>
  <nd ref="7202587899"/>
  <nd ref="7202587898"/>
  <nd ref="7053759844"/>
  <nd ref="7053759845"/>
  <nd ref="13433668887"/>
  <nd ref="13433673003"/>
  <tag k="landuse" v="industrial"/>
 </way>
 <way id="755098887" visible="true" version="1" changeset="78354451" timestamp="2019-12-13T06:30:44Z" user="user_10425844" uid="10425844">
  <nd ref="7053772799"/>
  <nd ref="7053772800"/>
  <nd ref="7053772801"/>
  <nd ref="7053772802"/>
  <nd ref="7053772799"/>
  <tag k="building" v="yes"/>
 </way>
 <way id="755098888" visible="true" version="3" changeset="98502761" timestamp="2021-02-01T10:32:36Z" user="mattam_pally" uid="11516748">
  <nd ref="7053772797"/>
  <nd ref="8383506534"/>
  <nd ref="7053772803"/>
  <nd ref="8314837233"/>
  <nd ref="8383506528"/>
  <nd ref="8314837232"/>
  <nd ref="8383506529"/>
  <nd ref="8383506538"/>
  <nd ref="8314837231"/>
  <nd ref="8383506537"/>
  <nd ref="8383506545"/>
  <nd ref="8383506535"/>
  <tag k="highway" v="service"/>
 </way>
 <way id="756110514" visible="true" version="1" changeset="78497614" timestamp="2019-12-17T01:43:07Z" user="user_10425844" uid="10425844">
  <nd ref="1483143645"/>
  <nd ref="1483143620"/>
  <nd ref="1483143608"/>
  <nd ref="1483143636"/>
  <nd ref="1483143645"/>
  <tag k="landuse" v="residential"/>
 </way>
 <way id="756113490" visible="true" version="2" changeset="122308361" timestamp="2022-06-13T06:37:09Z" user="HungryHorse" uid="14854473">
  <nd ref="9813770305"/>
  <nd ref="7062156341"/>
  <nd ref="7062156342"/>
  <nd ref="7062156344"/>
  <nd ref="7062156343"/>
  <nd ref="9813770305"/>
  <tag k="building" v="yes"/>
 </way>
 <way id="756113491" visible="true" version="1" changeset="78498620" timestamp="2019-12-17T02:14:14Z" user="user_10425844" uid="10425844">
  <nd ref="7062156344"/>
  <nd ref="7062156345"/>
  <nd ref="7062156346"/>
  <nd ref="7062156347"/>
  <nd ref="7062156344"/>
  <tag k="amenity" v="restaurant"/>
  <tag k="building" v="yes"/>
  <tag k="layer" v="1"/>
  <tag k="name" v="Superbecks Foodtrip"/>
 </way>
 <way id="756113492" visible="true" version="2" changeset="160595391" timestamp="2024-12-25T08:20:10Z" user="vasqaa" uid="20928010">
  <nd ref="1483143377"/>
  <nd ref="1483143367"/>
  <nd ref="12450729926"/>
  <nd ref="1483143512"/>
  <nd ref="1483143518"/>
  <nd ref="1483143599"/>
  <nd ref="1483143607"/>
  <nd ref="1483143377"/>
  <tag k="landuse" v="residential"/>
 </way>
 <way id="756113493" visible="true" version="1" changeset="78498620" timestamp="2019-12-17T02:14:14Z" user="user_10425844" uid="10425844">
  <nd ref="7062156348"/>
  <nd ref="7062156349"/>
  <nd ref="7062156350"/>
  <nd ref="7062156351"/>
  <nd ref="7062156348"/>
  <tag k="building" v="yes"/>
 </way>
 <way id="756113494" visible="true" version="1" changeset="78498620" timestamp="2019-12-17T02:14:14Z" user="user_10425844" uid="10425844">
  <nd ref="7062156352"/>
  <nd ref="7062156353"/>
  <nd ref="7062156354"/>
  <nd ref="7062156355"/>
  <nd ref="7062156356"/>
  <nd ref="7062156357"/>
  <nd ref="7062156358"/>
  <nd ref="7062156359"/>
  <nd ref="7062156360"/>
  <nd ref="7062156361"/>
  <nd ref="7062156352"/>
  <tag k="building" v="yes"/>
 </way>
 <way id="756113496" visible="true" version="1" changeset="78498620" timestamp="2019-12-17T02:14:14Z" user="user_10425844" uid="10425844">
  <nd ref="7062156365"/>
  <nd ref="7062156366"/>
  <nd ref="7062156367"/>
  <nd ref="7062156368"/>
  <nd ref="7062156369"/>
  <nd ref="7062156365"/>
  <tag k="building" v="yes"/>
 </way>
 <way id="756113498" visible="true" version="2" changeset="122308361" timestamp="2022-06-13T06:37:09Z" user="HungryHorse" uid="14854473">
  <nd ref="7062156376"/>
  <nd ref="7062156377"/>
  <nd ref="7062156378"/>
  <nd ref="7062156383"/>
  <nd ref="9813770302"/>
  <nd ref="9813770297"/>
  <nd ref="7062163689"/>
  <nd ref="7062156380"/>
  <nd ref="7062163688"/>
  <nd ref="7062156381"/>
  <nd ref="7062163685"/>
  <nd ref="7062156376"/>
  <tag k="amenity" v="school"/>
  <tag k="name" v="St. Ignatius Technical College of Business and Arts"/>
 </way>
 <way id="756113499" visible="true" version="2" changeset="122308361" timestamp="2022-06-13T06:37:09Z" user="HungryHorse" uid="14854473">
  <nd ref="9813770299"/>
  <nd ref="7062163686"/>
  <nd ref="9813770296"/>
  <nd ref="9813770301"/>
  <nd ref="7062156383"/>
  <nd ref="7062156384"/>
  <nd ref="9813770300"/>
  <nd ref="9813770299"/>
  <tag k="building" v="yes"/>
 </way>
 <way id="756113500" visible="true" version="2" changeset="122308361" timestamp="2022-06-13T06:37:09Z" user="HungryHorse" uid="14854473">
  <nd ref="7062163686"/>
  <nd ref="7062163687"/>
  <nd ref="7062163688"/>
  <nd ref="9813770298"/>
  <nd ref="7062163686"/>
  <tag k="building" v="yes"/>
 </way>
 <way id="756113501" visible="true" version="2" changeset="160595391" timestamp="2024-12-25T08:20:10Z" user="vasqaa" uid="20928010">
  <nd ref="7062163689"/>
  <nd ref="1966260010"/>
  <nd ref="12450729927"/>
  <nd ref="1966259964"/>
  <nd ref="7062156350"/>
  <nd ref="1966259976"/>
  <nd ref="7062163690"/>
  <nd ref="1966259969"/>
  <nd ref="1966259955"/>
  <nd ref="1966259905"/>
  <nd ref="1966259909"/>
  <nd ref="1483143335"/>
  <nd ref="1483143310"/>
  <nd ref="1483143258"/>
  <nd ref="1483143249"/>
  <nd ref="7062163691"/>
  <nd ref="7062163692"/>
  <nd ref="7062156380"/>
  <nd ref="7062163689"/>
  <tag k="landuse" v="residential"/>
 </way>
 <way id="756113502" visible="true" version="1" changeset="78498620" timestamp="2019-12-17T02:14:14Z" user="user_10425844" uid="10425844">
  <nd ref="7062163693"/>
  <nd ref="7062163694"/>
  <nd ref="7062163695"/>
  <nd ref="7062163696"/>
  <nd ref="7062163697"/>
  <nd ref="7062163698"/>
  <nd ref="7062163693"/>
  <tag k="building" v="yes"/>
 </way>
 <way id="756170556" visible="true" version="2" changeset="122308361" timestamp="2022-06-13T06:37:09Z" user="HungryHorse" uid="14854473">
  <nd ref="7062156376"/>
  <nd ref="7062156377"/>
  <nd ref="7062156378"/>
  <nd ref="9813770303"/>
  <nd ref="9813770307"/>
  <nd ref="9813770309"/>
  <nd ref="1966260017"/>
  <nd ref="7053759801"/>
  <nd ref="7053759802"/>
  <nd ref="7053759800"/>
  <nd ref="7053759756"/>
  <nd ref="7053759755"/>
  <nd ref="7053759754"/>
  <nd ref="7053759753"/>
  <nd ref="1483143769"/>
  <nd ref="7053759742"/>
  <nd ref="7053759744"/>
  <nd ref="7053759748"/>
  <nd ref="7053759743"/>
  <nd ref="7062660810"/>
  <nd ref="7062660811"/>
  <nd ref="7062660812"/>
  <nd ref="7062156376"/>
  <tag k="landuse" v="residential"/>
 </way>
 <way id="771542103" visible="true" version="1" changeset="80827940" timestamp="2020-02-11T05:26:10Z" user="Tris_AnneD" uid="10682657">
  <nd ref="7202580576"/>
  <nd ref="7202580577"/>
  <nd ref="7202580578"/>
  <nd ref="7202580579"/>
  <nd ref="7202580580"/>
  <nd ref="7202580581"/>
  <nd ref="7202587888"/>
  <nd ref="7202580582"/>
  <nd ref="7202580583"/>
  <nd ref="7202580584"/>
  <nd ref="7202587885"/>
  <nd ref="7202587886"/>
  <nd ref="7202587887"/>
  <nd ref="7202580576"/>
  <tag k="building" v="school"/>
 </way>
 <way id="771542104" visible="true" version="1" changeset="80827940" timestamp="2020-02-11T05:26:10Z" user="Tris_AnneD" uid="10682657">
  <nd ref="7202587888"/>
  <nd ref="7202587889"/>
  <nd ref="7202587890"/>
  <nd ref="7202587891"/>
  <nd ref="7202587888"/>
  <tag k="building" v="school"/>
 </way>
 <way id="771542105" visible="true" version="1" changeset="80827940" timestamp="2020-02-11T05:26:10Z" user="Tris_AnneD" uid="10682657">
  <nd ref="7202587892"/>
  <nd ref="7202587893"/>
  <nd ref="7202587894"/>
  <nd ref="7202587895"/>
  <nd ref="7202587892"/>
  <tag k="building" v="school"/>
 </way>
 <way id="771542106" visible="true" version="1" changeset="80827940" timestamp="2020-02-11T05:26:10Z" user="Tris_AnneD" uid="10682657">
  <nd ref="7202587896"/>
  <nd ref="7202587897"/>
  <nd ref="1966259780"/>
  <nd ref="1966259778"/>
  <nd ref="5136599616"/>
  <nd ref="1483143145"/>
  <nd ref="5136599618"/>
  <nd ref="7202587898"/>
  <nd ref="7202587899"/>
  <nd ref="7202587896"/>
  <tag k="building" v="school"/>
 </way>
 <way id="771542107" visible="true" version="1" changeset="80827940" timestamp="2020-02-11T05:26:10Z" user="Tris_AnneD" uid="10682657">
  <nd ref="7202587900"/>
  <nd ref="7202587901"/>
  <nd ref="7202587902"/>
  <nd ref="7202587903"/>
  <nd ref="7202587900"/>
  <tag k="building" v="school"/>
 </way>
 <way id="771542108" visible="true" version="1" changeset="80827940" timestamp="2020-02-11T05:26:10Z" user="Tris_AnneD" uid="10682657">
  <nd ref="7202587904"/>
  <nd ref="7202587905"/>
  <nd ref="7202587906"/>
  <nd ref="7202587907"/>
  <nd ref="7202587908"/>
  <nd ref="7202587909"/>
  <nd ref="7202587910"/>
  <nd ref="7202587911"/>
  <nd ref="7202587923"/>
  <nd ref="7202587912"/>
  <nd ref="7202587913"/>
  <nd ref="7202587914"/>
  <nd ref="7202587915"/>
  <nd ref="7202587904"/>
  <tag k="building" v="school"/>
 </way>
 <way id="771542109" visible="true" version="1" changeset="80827940" timestamp="2020-02-11T05:26:10Z" user="Tris_AnneD" uid="10682657">
  <nd ref="7202587916"/>
  <nd ref="7202587922"/>
  <nd ref="7202587917"/>
  <nd ref="7202587918"/>
  <nd ref="7202587919"/>
  <nd ref="7202587916"/>
  <tag k="building" v="school"/>
 </way>
 <way id="771542110" visible="true" version="1" changeset="80827940" timestamp="2020-02-11T05:26:10Z" user="Tris_AnneD" uid="10682657">
  <nd ref="7202587920"/>
  <nd ref="7202587921"/>
  <nd ref="7202587922"/>
  <nd ref="7202587916"/>
  <nd ref="7202587920"/>
  <tag k="building" v="school"/>
 </way>
 <way id="771542111" visible="true" version="1" changeset="80827940" timestamp="2020-02-11T05:26:10Z" user="Tris_AnneD" uid="10682657">
  <nd ref="7202587923"/>
  <nd ref="7202587924"/>
  <nd ref="7202587925"/>
  <nd ref="7202587927"/>
  <nd ref="7202587926"/>
  <nd ref="7202587923"/>
  <tag k="building" v="school"/>
 </way>
 <way id="771542112" visible="true" version="1" changeset="80827940" timestamp="2020-02-11T05:26:10Z" user="Tris_AnneD" uid="10682657">
  <nd ref="7202587926"/>
  <nd ref="7202587927"/>
  <nd ref="7202587928"/>
  <nd ref="7202587929"/>
  <nd ref="7202587926"/>
  <tag k="building" v="school"/>
 </way>
 <way id="771542113" visible="true" version="1" changeset="80827940" timestamp="2020-02-11T05:26:10Z" user="Tris_AnneD" uid="10682657">
  <nd ref="7202587927"/>
  <nd ref="7202587928"/>
  <nd ref="7202587930"/>
  <nd ref="7202587931"/>
  <nd ref="7202587925"/>
  <nd ref="7202587927"/>
  <tag k="building" v="school"/>
 </way>
 <way id="771542114" visible="true" version="2" changeset="83478243" timestamp="2020-04-13T12:54:30Z" user="ianlopez1115" uid="44938">
  <nd ref="7202587932"/>
  <nd ref="7202587933"/>
  <nd ref="7202587934"/>
  <nd ref="7202587935"/>
  <nd ref="7202587932"/>
  <tag k="building" v="school"/>
 </way>
 <way id="771542115" visible="true" version="1" changeset="80827940" timestamp="2020-02-11T05:26:10Z" user="Tris_AnneD" uid="10682657">
  <nd ref="7202587937"/>
  <nd ref="7202587936"/>
  <nd ref="7202587938"/>
  <nd ref="7202587939"/>
  <nd ref="7202587940"/>
  <nd ref="7202587941"/>
  <nd ref="7202587942"/>
  <nd ref="7202587943"/>
  <nd ref="7202587937"/>
  <tag k="building" v="school"/>
 </way>
 <way id="771542116" visible="true" version="1" changeset="80827940" timestamp="2020-02-11T05:26:10Z" user="Tris_AnneD" uid="10682657">
  <nd ref="7202587944"/>
  <nd ref="7202587945"/>
  <nd ref="7202587946"/>
  <nd ref="7202587947"/>
  <nd ref="7202587944"/>
  <tag k="building" v="school"/>
 </way>
 <way id="771542117" visible="true" version="1" changeset="80827940" timestamp="2020-02-11T05:26:10Z" user="Tris_AnneD" uid="10682657">
  <nd ref="7202587948"/>
  <nd ref="7202587946"/>
  <nd ref="7202587949"/>
  <nd ref="4338049103"/>
  <nd ref="7202587948"/>
  <tag k="building" v="school"/>
 </way>
 <way id="894531717" visible="true" version="1" changeset="97362349" timestamp="2021-01-12T09:57:17Z" user="bunty_6" uid="8794031">
  <nd ref="8314536356"/>
  <nd ref="8314536348"/>
  <nd ref="8314536355"/>
  <nd ref="8314536354"/>
  <nd ref="8314536353"/>
  <nd ref="8314536352"/>
  <nd ref="8314536347"/>
  <nd ref="8314536351"/>
  <nd ref="8314536345"/>
  <nd ref="8314536350"/>
  <tag k="highway" v="service"/>
 </way>
 <way id="894531718" visible="true" version="2" changeset="97432768" timestamp="2021-01-13T10:29:51Z" user="g3reader" uid="8610599">
  <nd ref="8314536359"/>
  <nd ref="8314536358"/>
  <nd ref="1966259975"/>
  <nd ref="1966259981"/>
  <nd ref="1966259991"/>
  <tag k="highway" v="residential"/>
  <tag k="oneway" v="yes"/>
  <tag k="postal_code" v="4025"/>
 </way>
 <way id="894539960" visible="true" version="1" changeset="97364744" timestamp="2021-01-12T10:27:50Z" user="bunty_6" uid="8794031">
  <nd ref="1090528354"/>
  <nd ref="1090528352"/>
  <tag k="highway" v="residential"/>
 </way>
 <way id="894539961" visible="true" version="1" changeset="97364744" timestamp="2021-01-12T10:27:50Z" user="bunty_6" uid="8794031">
  <nd ref="1090528352"/>
  <nd ref="1090528263"/>
  <tag k="highway" v="residential"/>
 </way>
 <way id="894539962" visible="true" version="1" changeset="97364744" timestamp="2021-01-12T10:27:50Z" user="bunty_6" uid="8794031">
  <nd ref="8314639471"/>
  <nd ref="8314639470"/>
  <nd ref="8314639469"/>
  <nd ref="8314639468"/>
  <tag k="highway" v="service"/>
 </way>
 <way id="894824339" visible="true" version="5" changeset="179341010" timestamp="2026-03-04T09:56:20Z" user="JulianaCanal" uid="22220269">
  <nd ref="8679136823"/>
  <nd ref="8382929705"/>
  <nd ref="8678902923"/>
  <nd ref="8317699913"/>
  <nd ref="8317699912"/>
  <nd ref="8317699911"/>
  <tag k="highway" v="service"/>
 </way>
 <way id="894890757" visible="true" version="2" changeset="104050399" timestamp="2021-05-03T11:00:29Z" user="swathi_k" uid="12625790">
  <nd ref="1090471250"/>
  <nd ref="1090471064"/>
  <tag k="highway" v="residential"/>
  <tag k="name" v="Narra Street"/>
  <tag k="postal_code" v="4025"/>
  <tag k="source" v="Bing"/>
 </way>
 <way id="894905710" visible="true" version="1" changeset="97436316" timestamp="2021-01-13T11:13:56Z" user="nagam_123" uid="11659169">
  <nd ref="8318423703"/>
  <nd ref="8318423702"/>
  <nd ref="8318423701"/>
  <nd ref="8318423700"/>
  <nd ref="8318423699"/>
  <nd ref="8318423698"/>
  <nd ref="8318423697"/>
  <nd ref="8318423696"/>
  <nd ref="8318423695"/>
  <nd ref="8318423690"/>
  <nd ref="8318423694"/>
  <nd ref="8318423689"/>
  <nd ref="8318423693"/>
  <nd ref="8318423692"/>
  <nd ref="8318423691"/>
  <tag k="highway" v="service"/>
 </way>
 <way id="902555912" visible="true" version="1" changeset="98488325" timestamp="2021-02-01T07:16:57Z" user="kuk_noor" uid="11515926">
  <nd ref="8382929705"/>
  <nd ref="8382929704"/>
  <nd ref="8382929703"/>
  <nd ref="8382929702"/>
  <nd ref="8382929701"/>
  <nd ref="8382929700"/>
  <nd ref="8382929699"/>
  <nd ref="8382929698"/>
  <tag k="highway" v="service"/>
 </way>
 <way id="902556357" visible="true" version="1" changeset="98488502" timestamp="2021-02-01T07:19:37Z" user="kuk_noor" uid="11515926">
  <nd ref="8382970368"/>
  <nd ref="8382970367"/>
  <tag k="highway" v="residential"/>
 </way>
 <way id="902556662" visible="true" version="1" changeset="98488632" timestamp="2021-02-01T07:21:24Z" user="kuk_noor" uid="11515926">
  <nd ref="8382984685"/>
  <nd ref="8382984684"/>
  <tag k="highway" v="residential"/>
 </way>
 <way id="902570036" visible="true" version="2" changeset="153329454" timestamp="2024-06-29T12:07:38Z" user="mapper03" uid="10698955">
  <nd ref="1090522623"/>
  <nd ref="8383123139"/>
  <nd ref="8383123138"/>
  <nd ref="8383123134"/>
  <nd ref="8383123137"/>
  <nd ref="8383123136"/>
  <nd ref="8383123135"/>
  <tag k="highway" v="residential"/>
 </way>
 <way id="908345558" visible="true" version="3" changeset="114934660" timestamp="2021-12-14T18:17:02Z" user="justin0206" uid="11399710">
  <nd ref="1090471198"/>
  <nd ref="9338185677"/>
  <nd ref="3333295089"/>
  <tag k="highway" v="residential"/>
  <tag k="name" v="Lauan Street"/>
  <tag k="source" v="bing"/>
 </way>
 <way id="936663095" visible="true" version="1" changeset="103833966" timestamp="2021-04-29T09:58:39Z" user="ForsythPark" uid="10652964">
  <nd ref="8679136823"/>
  <nd ref="8679136822"/>
  <tag k="highway" v="residential"/>
 </way>
 <way id="936664677" visible="true" version="1" changeset="103834391" timestamp="2021-04-29T10:03:25Z" user="ForsythPark" uid="10652964">
  <nd ref="8679122157"/>
  <nd ref="8679122158"/>
  <nd ref="8679122156"/>
  <tag k="highway" v="service"/>
 </way>
 <way id="936664678" visible="true" version="1" changeset="103834391" timestamp="2021-04-29T10:03:25Z" user="ForsythPark" uid="10652964">
  <nd ref="8679122159"/>
  <nd ref="8679122155"/>
  <nd ref="8679122158"/>
  <tag k="highway" v="service"/>
 </way>
 <way id="937147550" visible="true" version="3" changeset="114401061" timestamp="2021-11-30T12:22:00Z" user="RussellLake" uid="10461102">
  <nd ref="8683341978"/>
  <nd ref="9296074952"/>
  <tag k="highway" v="residential"/>
  <tag k="name" v="Cedar"/>
 </way>
 <way id="1021840057" visible="true" version="1" changeset="116238515" timestamp="2022-01-17T06:18:16Z" user="Tyods" uid="419536">
  <nd ref="9424519914"/>
  <nd ref="9424519915"/>
  <nd ref="9424519916"/>
  <nd ref="9424529717"/>
  <nd ref="9424519914"/>
  <tag k="building" v="yes"/>
  <tag k="description" v="Clubhouse"/>
 </way>
 <way id="1175870861" visible="true" version="2" changeset="136535699" timestamp="2023-05-25T09:46:35Z" user="FlorinCiolac" uid="16012423">
  <nd ref="3333295083"/>
  <nd ref="9338185678"/>
  <nd ref="1090471361"/>
  <tag k="highway" v="residential"/>
  <tag k="name" v="Apitong Street"/>
 </way>
 <way id="1194238685" visible="true" version="1" changeset="139385703" timestamp="2023-08-03T10:14:36Z" user="miroslavuzice87" uid="4611642">
  <nd ref="11085393501"/>
  <nd ref="11085393500"/>
  <nd ref="11085393499"/>
  <nd ref="11085393498"/>
  <nd ref="11085393501"/>
  <tag k="building" v="yes"/>
 </way>
 <way id="1237186308" visible="true" version="4" changeset="177709690" timestamp="2026-01-26T08:16:32Z" user="Randell23" uid="9267725">
  <nd ref="11490522848"/>
  <nd ref="11490522863"/>
  <nd ref="11490522861"/>
  <nd ref="11490522866"/>
  <nd ref="11490522862"/>
  <nd ref="11490522851"/>
  <nd ref="1483143247"/>
  <nd ref="1483143256"/>
  <nd ref="1483143264"/>
  <nd ref="1483143230"/>
  <nd ref="13494943095"/>
  <nd ref="11490522859"/>
  <nd ref="11490522858"/>
  <nd ref="11490522855"/>
  <nd ref="11490522854"/>
  <nd ref="1966259848"/>
  <nd ref="11490522852"/>
  <nd ref="1483143220"/>
  <nd ref="11490522848"/>
  <tag k="addr:city" v="Cabuyao"/>
  <tag k="addr:postcode" v="4025"/>
  <tag k="addr:province" v="Laguna"/>
  <tag k="amenity" v="school"/>
  <tag k="isced:level" v="2"/>
  <tag k="name" v="Pulo National High School"/>
  <tag k="name:en" v="Pulo National High School"/>
  <tag k="name:tl" v="Mataas na Paaralan ng Pulo"/>
  <tag k="not:operator:wikidata" v="Q130489855"/>
  <tag k="operator" v="Cabuyao District"/>
  <tag k="operator:type" v="government"/>
  <tag k="operator:wikidata" v="Q130249799"/>
  <tag k="population:pupils:2012" v="3794"/>
  <tag k="population:pupils:2015" v="3794"/>
  <tag k="previously" v="node:5120883214"/>
  <tag k="ref" v="301259"/>
 </way>
 <way id="1239810627" visible="true" version="1" changeset="146267351" timestamp="2024-01-15T05:48:03Z" user="GrabPHRegimhel" uid="16095129">
  <nd ref="1090522622"/>
  <nd ref="1483143250"/>
  <nd ref="1090522596"/>
  <nd ref="1483143262"/>
  <tag k="highway" v="residential"/>
  <tag k="postal_code" v="4025"/>
  <tag k="source" v="Bing"/>
 </way>
 <way id="1239810628" visible="true" version="1" changeset="146267351" timestamp="2024-01-15T05:48:03Z" user="GrabPHRegimhel" uid="16095129">
  <nd ref="1090522688"/>
  <nd ref="1483143287"/>
  <nd ref="1483143262"/>
  <tag k="highway" v="residential"/>
  <tag k="oneway" v="yes"/>
  <tag k="postal_code" v="4025"/>
  <tag k="source" v="Bing"/>
 </way>
 <way id="1297656357" visible="true" version="1" changeset="153364050" timestamp="2024-06-30T11:08:21Z" user="jReyes31" uid="21708433">
  <nd ref="12022628774"/>
  <nd ref="12022628775"/>
  <nd ref="12022628776"/>
  <nd ref="12022628777"/>
  <nd ref="12022628774"/>
  <tag k="addr:city" v="Cabuyao City"/>
  <tag k="addr:housenumber" v="72"/>
  <tag k="addr:postcode" v="4025"/>
  <tag k="addr:province" v="Laguna"/>
  <tag k="addr:street" v="Pulo"/>
  <tag k="building" v="yes"/>
  <tag k="building:levels" v="2"/>
  <tag k="name" v="#72, Pulo, Cabuyao City, Laguna"/>
 </way>
 <way id="1303919378" visible="true" version="1" changeset="154446801" timestamp="2024-07-26T14:47:17Z" user="LakePeipus" uid="16853698">
  <nd ref="12075462092"/>
  <nd ref="12075462091"/>
  <nd ref="12075462090"/>
  <nd ref="12075462089"/>
  <nd ref="12075462088"/>
  <tag k="highway" v="service"/>
 </way>
 <way id="1312718448" visible="true" version="3" changeset="156125092" timestamp="2024-09-03T05:22:50Z" user="Swedishcanal" uid="18064906">
  <nd ref="1966259782"/>
  <nd ref="12150797293"/>
  <nd ref="12150797292"/>
  <nd ref="12150797291"/>
  <nd ref="12150797290"/>
  <nd ref="12150797289"/>
  <nd ref="12150797288"/>
  <nd ref="12150727079"/>
  <nd ref="12150797287"/>
  <nd ref="12153007370"/>
  <nd ref="12150797286"/>
  <nd ref="12150797285"/>
  <nd ref="12150727077"/>
  <nd ref="12150727076"/>
  <nd ref="12150727075"/>
  <nd ref="12150727074"/>
  <nd ref="12150727073"/>
  <nd ref="12150727072"/>
  <tag k="highway" v="service"/>
 </way>
 <way id="1312719445" visible="true" version="1" changeset="156077733" timestamp="2024-09-02T03:09:56Z" user="Swedishcanal" uid="18064906">
  <nd ref="12150797286"/>
  <nd ref="12150727067"/>
  <nd ref="12150727070"/>
  <nd ref="12150727069"/>
  <nd ref="12150727071"/>
  <nd ref="12150727068"/>
  <nd ref="12150727078"/>
  <tag k="highway" v="service"/>
 </way>
 <way id="1312719446" visible="true" version="1" changeset="156077733" timestamp="2024-09-02T03:09:56Z" user="Swedishcanal" uid="18064906">
  <nd ref="12150797287"/>
  <nd ref="12150727071"/>
  <tag k="highway" v="service"/>
 </way>
 <way id="1312719447" visible="true" version="2" changeset="156125092" timestamp="2024-09-03T05:22:50Z" user="Swedishcanal" uid="18064906">
  <nd ref="12150727079"/>
  <nd ref="12153007371"/>
  <nd ref="12150727078"/>
  <tag k="highway" v="service"/>
 </way>
 <way id="1346124089" visible="true" version="1" changeset="160595391" timestamp="2024-12-25T08:20:10Z" user="vasqaa" uid="20928010">
  <nd ref="12450729923"/>
  <nd ref="12450729924"/>
  <nd ref="1589205084"/>
  <nd ref="1589205097"/>
  <nd ref="1589205114"/>
  <nd ref="1589205115"/>
  <nd ref="5613177975"/>
  <nd ref="5613177976"/>
  <nd ref="5613177977"/>
  <nd ref="1637371313"/>
  <nd ref="1637371307"/>
  <nd ref="1637371310"/>
  <nd ref="1637371308"/>
  <nd ref="1637371311"/>
  <nd ref="12450729925"/>
  <nd ref="1637371315"/>
  <nd ref="1637371316"/>
  <nd ref="7053759805"/>
  <nd ref="1637371319"/>
  <nd ref="1637371320"/>
  <nd ref="1637371323"/>
  <nd ref="1637371331"/>
  <nd ref="1483143363"/>
  <nd ref="1483143383"/>
  <nd ref="1483143353"/>
  <nd ref="8683341977"/>
  <nd ref="1483143512"/>
  <nd ref="12450729926"/>
  <nd ref="12450729927"/>
  <nd ref="8382929705"/>
  <nd ref="1483143549"/>
  <nd ref="1483143605"/>
  <nd ref="1483143707"/>
  <nd ref="1483143732"/>
  <nd ref="5401396780"/>
  <nd ref="5401396779"/>
  <nd ref="5401396778"/>
  <nd ref="1483143771"/>
  <nd ref="1483143875"/>
  <nd ref="1483143887"/>
  <nd ref="1483143791"/>
  <nd ref="1483143842"/>
  <nd ref="12450729928"/>
  <nd ref="7062163810"/>
  <nd ref="7062163793"/>
  <nd ref="1483143857"/>
  <nd ref="1483143882"/>
  <nd ref="1483143908"/>
  <nd ref="1483143906"/>
  <nd ref="1483143916"/>
  <nd ref="1483143945"/>
  <nd ref="7441953208"/>
  <nd ref="1483144005"/>
  <nd ref="1483143886"/>
  <nd ref="1483143902"/>
  <nd ref="12450729929"/>
  <nd ref="12450729930"/>
  <nd ref="12450729931"/>
  <nd ref="12450729932"/>
  <nd ref="12450729933"/>
  <nd ref="12450729934"/>
  <tag k="boundary" v="administrative"/>
 </way>
 <way id="1354335185" visible="true" version="1" changeset="161768078" timestamp="2025-01-26T03:57:33Z" user="Bukas Kalye Mapa" uid="20666204">
  <nd ref="12533344708"/>
  <nd ref="12533344705"/>
  <nd ref="12533344706"/>
  <nd ref="12533344707"/>
  <nd ref="12533344708"/>
  <tag k="building" v="yes"/>
 </way>
 <way id="1354335186" visible="true" version="1" changeset="161768078" timestamp="2025-01-26T03:57:33Z" user="Bukas Kalye Mapa" uid="20666204">
  <nd ref="12533344712"/>
  <nd ref="12533344709"/>
  <nd ref="12533344710"/>
  <nd ref="12533344711"/>
  <nd ref="12533344712"/>
  <tag k="building" v="yes"/>
 </way>
 <way id="1354335187" visible="true" version="1" changeset="161768078" timestamp="2025-01-26T03:57:33Z" user="Bukas Kalye Mapa" uid="20666204">
  <nd ref="12533344716"/>
  <nd ref="12533344713"/>
  <nd ref="12533344714"/>
  <nd ref="12533344715"/>
  <nd ref="12533344716"/>
  <tag k="building" v="yes"/>
 </way>
 <way id="1354335188" visible="true" version="1" changeset="161768078" timestamp="2025-01-26T03:57:33Z" user="Bukas Kalye Mapa" uid="20666204">
  <nd ref="12533344720"/>
  <nd ref="12533344717"/>
  <nd ref="12533344718"/>
  <nd ref="12533344719"/>
  <nd ref="12533344720"/>
  <tag k="building" v="yes"/>
 </way>
 <way id="1354335189" visible="true" version="1" changeset="161768078" timestamp="2025-01-26T03:57:33Z" user="Bukas Kalye Mapa" uid="20666204">
  <nd ref="12533344724"/>
  <nd ref="12533344721"/>
  <nd ref="12533344722"/>
  <nd ref="12533344723"/>
  <nd ref="12533344724"/>
  <tag k="building" v="yes"/>
 </way>
 <way id="1354335190" visible="true" version="1" changeset="161768078" timestamp="2025-01-26T03:57:33Z" user="Bukas Kalye Mapa" uid="20666204">
  <nd ref="12533344728"/>
  <nd ref="12533344725"/>
  <nd ref="12533344726"/>
  <nd ref="12533344727"/>
  <nd ref="12533344728"/>
  <tag k="building" v="yes"/>
 </way>
 <way id="1354335191" visible="true" version="1" changeset="161768078" timestamp="2025-01-26T03:57:33Z" user="Bukas Kalye Mapa" uid="20666204">
  <nd ref="12533344732"/>
  <nd ref="12533344729"/>
  <nd ref="12533344730"/>
  <nd ref="12533344731"/>
  <nd ref="12533344732"/>
  <tag k="building" v="yes"/>
 </way>
 <way id="1354335192" visible="true" version="1" changeset="161768078" timestamp="2025-01-26T03:57:33Z" user="Bukas Kalye Mapa" uid="20666204">
  <nd ref="12533344736"/>
  <nd ref="12533344733"/>
  <nd ref="12533344734"/>
  <nd ref="12533344735"/>
  <nd ref="12533344736"/>
  <tag k="building" v="yes"/>
 </way>
 <way id="1354335193" visible="true" version="1" changeset="161768078" timestamp="2025-01-26T03:57:33Z" user="Bukas Kalye Mapa" uid="20666204">
  <nd ref="12533344740"/>
  <nd ref="12533344737"/>
  <nd ref="12533344738"/>
  <nd ref="12533344739"/>
  <nd ref="12533344740"/>
  <tag k="building" v="yes"/>
 </way>
 <way id="1354335194" visible="true" version="1" changeset="161768078" timestamp="2025-01-26T03:57:33Z" user="Bukas Kalye Mapa" uid="20666204">
  <nd ref="12533344744"/>
  <nd ref="12533344741"/>
  <nd ref="12533344742"/>
  <nd ref="12533344743"/>
  <nd ref="12533344744"/>
  <tag k="building" v="yes"/>
 </way>
 <way id="1354335195" visible="true" version="1" changeset="161768078" timestamp="2025-01-26T03:57:33Z" user="Bukas Kalye Mapa" uid="20666204">
  <nd ref="12533344748"/>
  <nd ref="12533344745"/>
  <nd ref="12533344746"/>
  <nd ref="12533344747"/>
  <nd ref="12533344748"/>
  <tag k="building" v="yes"/>
 </way>
 <way id="1354335196" visible="true" version="1" changeset="161768078" timestamp="2025-01-26T03:57:33Z" user="Bukas Kalye Mapa" uid="20666204">
  <nd ref="12533344752"/>
  <nd ref="12533344749"/>
  <nd ref="12533344750"/>
  <nd ref="12533344751"/>
  <nd ref="12533344752"/>
  <tag k="building" v="yes"/>
 </way>
 <way id="1354335197" visible="true" version="1" changeset="161768078" timestamp="2025-01-26T03:57:33Z" user="Bukas Kalye Mapa" uid="20666204">
  <nd ref="12533344756"/>
  <nd ref="12533344753"/>
  <nd ref="12533344754"/>
  <nd ref="12533344755"/>
  <nd ref="12533344756"/>
  <tag k="building" v="yes"/>
 </way>
 <way id="1354335198" visible="true" version="1" changeset="161768078" timestamp="2025-01-26T03:57:33Z" user="Bukas Kalye Mapa" uid="20666204">
  <nd ref="12533344760"/>
  <nd ref="12533344759"/>
  <nd ref="12533344758"/>
  <nd ref="12533344757"/>
  <nd ref="12533344760"/>
  <tag k="building" v="yes"/>
 </way>
 <way id="1354335199" visible="true" version="1" changeset="161768078" timestamp="2025-01-26T03:57:33Z" user="Bukas Kalye Mapa" uid="20666204">
  <nd ref="12533344764"/>
  <nd ref="12533344763"/>
  <nd ref="12533344762"/>
  <nd ref="12533344761"/>
  <nd ref="12533344764"/>
  <tag k="building" v="yes"/>
 </way>
 <way id="1354335200" visible="true" version="1" changeset="161768078" timestamp="2025-01-26T03:57:33Z" user="Bukas Kalye Mapa" uid="20666204">
  <nd ref="12533344768"/>
  <nd ref="12533344767"/>
  <nd ref="12533344766"/>
  <nd ref="12533344765"/>
  <nd ref="12533344768"/>
  <tag k="building" v="yes"/>
 </way>
 <way id="1354335201" visible="true" version="1" changeset="161768078" timestamp="2025-01-26T03:57:33Z" user="Bukas Kalye Mapa" uid="20666204">
  <nd ref="12533344772"/>
  <nd ref="12533344771"/>
  <nd ref="12533344770"/>
  <nd ref="12533344769"/>
  <nd ref="12533344772"/>
  <tag k="building" v="yes"/>
 </way>
 <way id="1354335202" visible="true" version="1" changeset="161768078" timestamp="2025-01-26T03:57:33Z" user="Bukas Kalye Mapa" uid="20666204">
  <nd ref="12533344776"/>
  <nd ref="12533344775"/>
  <nd ref="12533344774"/>
  <nd ref="12533344773"/>
  <nd ref="12533344776"/>
  <tag k="building" v="yes"/>
 </way>
 <way id="1354335203" visible="true" version="1" changeset="161768078" timestamp="2025-01-26T03:57:33Z" user="Bukas Kalye Mapa" uid="20666204">
  <nd ref="12533344780"/>
  <nd ref="12533344779"/>
  <nd ref="12533344778"/>
  <nd ref="12533344777"/>
  <nd ref="12533344780"/>
  <tag k="building" v="yes"/>
 </way>
 <way id="1354335204" visible="true" version="1" changeset="161768078" timestamp="2025-01-26T03:57:33Z" user="Bukas Kalye Mapa" uid="20666204">
  <nd ref="12533344784"/>
  <nd ref="12533344783"/>
  <nd ref="12533344782"/>
  <nd ref="12533344781"/>
  <nd ref="12533344784"/>
  <tag k="building" v="yes"/>
 </way>
 <way id="1354335205" visible="true" version="1" changeset="161768078" timestamp="2025-01-26T03:57:33Z" user="Bukas Kalye Mapa" uid="20666204">
  <nd ref="12533344788"/>
  <nd ref="12533344787"/>
  <nd ref="12533344786"/>
  <nd ref="12533344785"/>
  <nd ref="12533344788"/>
  <tag k="building" v="yes"/>
 </way>
 <way id="1354335206" visible="true" version="1" changeset="161768078" timestamp="2025-01-26T03:57:33Z" user="Bukas Kalye Mapa" uid="20666204">
  <nd ref="12533344792"/>
  <nd ref="12533344791"/>
  <nd ref="12533344790"/>
  <nd ref="12533344789"/>
  <nd ref="12533344792"/>
  <tag k="building" v="yes"/>
 </way>
 <way id="1354335207" visible="true" version="1" changeset="161768078" timestamp="2025-01-26T03:57:33Z" user="Bukas Kalye Mapa" uid="20666204">
  <nd ref="12533344796"/>
  <nd ref="12533344795"/>
  <nd ref="12533344794"/>
  <nd ref="12533344793"/>
  <nd ref="12533344796"/>
  <tag k="building" v="yes"/>
 </way>
 <way id="1354335208" visible="true" version="1" changeset="161768078" timestamp="2025-01-26T03:57:33Z" user="Bukas Kalye Mapa" uid="20666204">
  <nd ref="12533344800"/>
  <nd ref="12533344799"/>
  <nd ref="12533344798"/>
  <nd ref="12533344797"/>
  <nd ref="12533344800"/>
  <tag k="building" v="yes"/>
 </way>
 <way id="1354335209" visible="true" version="1" changeset="161768078" timestamp="2025-01-26T03:57:33Z" user="Bukas Kalye Mapa" uid="20666204">
  <nd ref="12533360704"/>
  <nd ref="12533360703"/>
  <nd ref="12533360702"/>
  <nd ref="12533360701"/>
  <nd ref="12533360704"/>
  <tag k="building" v="yes"/>
 </way>
 <way id="1354335210" visible="true" version="1" changeset="161768078" timestamp="2025-01-26T03:57:33Z" user="Bukas Kalye Mapa" uid="20666204">
  <nd ref="12533360708"/>
  <nd ref="12533360707"/>
  <nd ref="12533360706"/>
  <nd ref="12533360705"/>
  <nd ref="12533360708"/>
  <tag k="building" v="yes"/>
 </way>
 <way id="1354335211" visible="true" version="1" changeset="161768078" timestamp="2025-01-26T03:57:33Z" user="Bukas Kalye Mapa" uid="20666204">
  <nd ref="12533360712"/>
  <nd ref="12533360711"/>
  <nd ref="12533360710"/>
  <nd ref="12533360709"/>
  <nd ref="12533360712"/>
  <tag k="building" v="yes"/>
 </way>
 <way id="1354335212" visible="true" version="1" changeset="161768078" timestamp="2025-01-26T03:57:33Z" user="Bukas Kalye Mapa" uid="20666204">
  <nd ref="12533360716"/>
  <nd ref="12533360715"/>
  <nd ref="12533360714"/>
  <nd ref="12533360713"/>
  <nd ref="12533360716"/>
  <tag k="building" v="yes"/>
 </way>
 <way id="1354335213" visible="true" version="1" changeset="161768078" timestamp="2025-01-26T03:57:33Z" user="Bukas Kalye Mapa" uid="20666204">
  <nd ref="12533360720"/>
  <nd ref="12533360719"/>
  <nd ref="12533360718"/>
  <nd ref="12533360717"/>
  <nd ref="12533360720"/>
  <tag k="building" v="yes"/>
 </way>
 <way id="1354335214" visible="true" version="1" changeset="161768078" timestamp="2025-01-26T03:57:33Z" user="Bukas Kalye Mapa" uid="20666204">
  <nd ref="12533360724"/>
  <nd ref="12533360723"/>
  <nd ref="12533360722"/>
  <nd ref="12533360721"/>
  <nd ref="12533360724"/>
  <tag k="building" v="yes"/>
 </way>
 <way id="1354335215" visible="true" version="1" changeset="161768078" timestamp="2025-01-26T03:57:33Z" user="Bukas Kalye Mapa" uid="20666204">
  <nd ref="12533360728"/>
  <nd ref="12533360727"/>
  <nd ref="12533360726"/>
  <nd ref="12533360725"/>
  <nd ref="12533360728"/>
  <tag k="building" v="yes"/>
 </way>
 <way id="1354335216" visible="true" version="1" changeset="161768078" timestamp="2025-01-26T03:57:33Z" user="Bukas Kalye Mapa" uid="20666204">
  <nd ref="12533360732"/>
  <nd ref="12533360731"/>
  <nd ref="12533360730"/>
  <nd ref="12533360729"/>
  <nd ref="12533360732"/>
  <tag k="building" v="yes"/>
 </way>
 <way id="1354335217" visible="true" version="1" changeset="161768078" timestamp="2025-01-26T03:57:33Z" user="Bukas Kalye Mapa" uid="20666204">
  <nd ref="12533360736"/>
  <nd ref="12533360735"/>
  <nd ref="12533360734"/>
  <nd ref="12533360733"/>
  <nd ref="12533360736"/>
  <tag k="building" v="yes"/>
 </way>
 <way id="1354335218" visible="true" version="1" changeset="161768078" timestamp="2025-01-26T03:57:33Z" user="Bukas Kalye Mapa" uid="20666204">
  <nd ref="12533360740"/>
  <nd ref="12533360739"/>
  <nd ref="12533360738"/>
  <nd ref="12533360737"/>
  <nd ref="12533360740"/>
  <tag k="building" v="yes"/>
 </way>
 <way id="1354335219" visible="true" version="1" changeset="161768078" timestamp="2025-01-26T03:57:33Z" user="Bukas Kalye Mapa" uid="20666204">
  <nd ref="12533360744"/>
  <nd ref="12533360743"/>
  <nd ref="12533360742"/>
  <nd ref="12533360741"/>
  <nd ref="12533360744"/>
  <tag k="building" v="yes"/>
 </way>
 <way id="1354335220" visible="true" version="1" changeset="161768078" timestamp="2025-01-26T03:57:33Z" user="Bukas Kalye Mapa" uid="20666204">
  <nd ref="12533360748"/>
  <nd ref="12533360747"/>
  <nd ref="12533360746"/>
  <nd ref="12533360745"/>
  <nd ref="12533360748"/>
  <tag k="building" v="yes"/>
 </way>
 <way id="1354335221" visible="true" version="1" changeset="161768078" timestamp="2025-01-26T03:57:33Z" user="Bukas Kalye Mapa" uid="20666204">
  <nd ref="12533360752"/>
  <nd ref="12533360751"/>
  <nd ref="12533360750"/>
  <nd ref="12533360749"/>
  <nd ref="12533360752"/>
  <tag k="building" v="yes"/>
 </way>
 <way id="1354335222" visible="true" version="1" changeset="161768078" timestamp="2025-01-26T03:57:33Z" user="Bukas Kalye Mapa" uid="20666204">
  <nd ref="12533360756"/>
  <nd ref="12533360755"/>
  <nd ref="12533360754"/>
  <nd ref="12533360753"/>
  <nd ref="12533360756"/>
  <tag k="building" v="yes"/>
 </way>
 <way id="1354335223" visible="true" version="1" changeset="161768078" timestamp="2025-01-26T03:57:33Z" user="Bukas Kalye Mapa" uid="20666204">
  <nd ref="12533360760"/>
  <nd ref="12533360759"/>
  <nd ref="12533360758"/>
  <nd ref="12533360757"/>
  <nd ref="12533360760"/>
  <tag k="building" v="yes"/>
 </way>
 <way id="1354335224" visible="true" version="1" changeset="161768078" timestamp="2025-01-26T03:57:33Z" user="Bukas Kalye Mapa" uid="20666204">
  <nd ref="12533360764"/>
  <nd ref="12533360763"/>
  <nd ref="12533360762"/>
  <nd ref="12533360761"/>
  <nd ref="12533360764"/>
  <tag k="building" v="yes"/>
 </way>
 <way id="1354335225" visible="true" version="1" changeset="161768078" timestamp="2025-01-26T03:57:33Z" user="Bukas Kalye Mapa" uid="20666204">
  <nd ref="12533360768"/>
  <nd ref="12533360765"/>
  <nd ref="12533360766"/>
  <nd ref="12533360767"/>
  <nd ref="12533360768"/>
  <tag k="building" v="yes"/>
 </way>
 <way id="1354335226" visible="true" version="1" changeset="161768078" timestamp="2025-01-26T03:57:33Z" user="Bukas Kalye Mapa" uid="20666204">
  <nd ref="12533360772"/>
  <nd ref="12533360769"/>
  <nd ref="12533360770"/>
  <nd ref="12533360771"/>
  <nd ref="12533360772"/>
  <tag k="building" v="yes"/>
 </way>
 <way id="1354335227" visible="true" version="1" changeset="161768078" timestamp="2025-01-26T03:57:33Z" user="Bukas Kalye Mapa" uid="20666204">
  <nd ref="12533360776"/>
  <nd ref="12533360773"/>
  <nd ref="12533360774"/>
  <nd ref="12533360775"/>
  <nd ref="12533360776"/>
  <tag k="building" v="yes"/>
 </way>
 <way id="1354335228" visible="true" version="1" changeset="161768078" timestamp="2025-01-26T03:57:33Z" user="Bukas Kalye Mapa" uid="20666204">
  <nd ref="12533360780"/>
  <nd ref="12533360777"/>
  <nd ref="12533360778"/>
  <nd ref="12533360779"/>
  <nd ref="12533360780"/>
  <tag k="building" v="yes"/>
 </way>
 <way id="1354335229" visible="true" version="1" changeset="161768078" timestamp="2025-01-26T03:57:33Z" user="Bukas Kalye Mapa" uid="20666204">
  <nd ref="12533360784"/>
  <nd ref="12533360781"/>
  <nd ref="12533360782"/>
  <nd ref="12533360783"/>
  <nd ref="12533360784"/>
  <tag k="building" v="yes"/>
 </way>
 <way id="1354335230" visible="true" version="1" changeset="161768078" timestamp="2025-01-26T03:57:33Z" user="Bukas Kalye Mapa" uid="20666204">
  <nd ref="12533360788"/>
  <nd ref="12533360785"/>
  <nd ref="12533360786"/>
  <nd ref="12533360787"/>
  <nd ref="12533360788"/>
  <tag k="building" v="yes"/>
 </way>
 <way id="1354335231" visible="true" version="1" changeset="161768078" timestamp="2025-01-26T03:57:33Z" user="Bukas Kalye Mapa" uid="20666204">
  <nd ref="12533360792"/>
  <nd ref="12533360789"/>
  <nd ref="12533360790"/>
  <nd ref="12533360791"/>
  <nd ref="12533360792"/>
  <tag k="building" v="yes"/>
 </way>
 <way id="1354335232" visible="true" version="1" changeset="161768078" timestamp="2025-01-26T03:57:33Z" user="Bukas Kalye Mapa" uid="20666204">
  <nd ref="12533360796"/>
  <nd ref="12533360795"/>
  <nd ref="12533360794"/>
  <nd ref="12533360793"/>
  <nd ref="12533360796"/>
  <tag k="building" v="yes"/>
 </way>
 <way id="1354335233" visible="true" version="1" changeset="161768078" timestamp="2025-01-26T03:57:33Z" user="Bukas Kalye Mapa" uid="20666204">
  <nd ref="12533360800"/>
  <nd ref="12533360799"/>
  <nd ref="12533360798"/>
  <nd ref="12533360797"/>
  <nd ref="12533360800"/>
  <tag k="building" v="yes"/>
 </way>
 <way id="1354335234" visible="true" version="1" changeset="161768078" timestamp="2025-01-26T03:57:33Z" user="Bukas Kalye Mapa" uid="20666204">
  <nd ref="12533360804"/>
  <nd ref="12533360803"/>
  <nd ref="12533360802"/>
  <nd ref="12533360801"/>
  <nd ref="12533360804"/>
  <tag k="building" v="yes"/>
 </way>
 <way id="1354335235" visible="true" version="1" changeset="161768078" timestamp="2025-01-26T03:57:33Z" user="Bukas Kalye Mapa" uid="20666204">
  <nd ref="12533360808"/>
  <nd ref="12533360807"/>
  <nd ref="12533360806"/>
  <nd ref="12533360805"/>
  <nd ref="12533360808"/>
  <tag k="building" v="yes"/>
 </way>
 <way id="1354335236" visible="true" version="1" changeset="161768078" timestamp="2025-01-26T03:57:33Z" user="Bukas Kalye Mapa" uid="20666204">
  <nd ref="12533360812"/>
  <nd ref="12533360811"/>
  <nd ref="12533360810"/>
  <nd ref="12533360809"/>
  <nd ref="12533360812"/>
  <tag k="building" v="yes"/>
 </way>
 <way id="1354335237" visible="true" version="1" changeset="161768078" timestamp="2025-01-26T03:57:33Z" user="Bukas Kalye Mapa" uid="20666204">
  <nd ref="12533360816"/>
  <nd ref="12533360815"/>
  <nd ref="12533360814"/>
  <nd ref="12533360813"/>
  <nd ref="12533360816"/>
  <tag k="building" v="yes"/>
 </way>
 <way id="1354335238" visible="true" version="1" changeset="161768078" timestamp="2025-01-26T03:57:33Z" user="Bukas Kalye Mapa" uid="20666204">
  <nd ref="12533360820"/>
  <nd ref="12533360819"/>
  <nd ref="12533360818"/>
  <nd ref="12533360817"/>
  <nd ref="12533360820"/>
  <tag k="building" v="yes"/>
 </way>
 <way id="1354335239" visible="true" version="1" changeset="161768078" timestamp="2025-01-26T03:57:33Z" user="Bukas Kalye Mapa" uid="20666204">
  <nd ref="12533360824"/>
  <nd ref="12533360823"/>
  <nd ref="12533360822"/>
  <nd ref="12533360821"/>
  <nd ref="12533360824"/>
  <tag k="building" v="yes"/>
 </way>
 <way id="1354335240" visible="true" version="1" changeset="161768078" timestamp="2025-01-26T03:57:33Z" user="Bukas Kalye Mapa" uid="20666204">
  <nd ref="12533360828"/>
  <nd ref="12533360827"/>
  <nd ref="12533360826"/>
  <nd ref="12533360825"/>
  <nd ref="12533360828"/>
  <tag k="building" v="yes"/>
 </way>
 <way id="1354335241" visible="true" version="1" changeset="161768078" timestamp="2025-01-26T03:57:33Z" user="Bukas Kalye Mapa" uid="20666204">
  <nd ref="12533360832"/>
  <nd ref="12533360831"/>
  <nd ref="12533360830"/>
  <nd ref="12533360829"/>
  <nd ref="12533360832"/>
  <tag k="building" v="yes"/>
 </way>
 <way id="1354335261" visible="true" version="1" changeset="161768078" timestamp="2025-01-26T03:57:33Z" user="Bukas Kalye Mapa" uid="20666204">
  <nd ref="12533360912"/>
  <nd ref="12533360911"/>
  <nd ref="12533360910"/>
  <nd ref="12533360909"/>
  <nd ref="12533360912"/>
  <tag k="building" v="yes"/>
 </way>
 <way id="1354335262" visible="true" version="1" changeset="161768078" timestamp="2025-01-26T03:57:33Z" user="Bukas Kalye Mapa" uid="20666204">
  <nd ref="12533360916"/>
  <nd ref="12533360915"/>
  <nd ref="12533360914"/>
  <nd ref="12533360913"/>
  <nd ref="12533360916"/>
  <tag k="building" v="yes"/>
 </way>
 <way id="1388013382" visible="true" version="1" changeset="166476983" timestamp="2025-05-19T13:29:19Z" user="LakeLanao" uid="22316019">
  <nd ref="253784070"/>
  <nd ref="12848931718"/>
  <nd ref="12848931717"/>
  <nd ref="12848931716"/>
  <nd ref="12848931715"/>
  <nd ref="12848931714"/>
  <nd ref="12848931713"/>
  <nd ref="12848931712"/>
  <nd ref="12848931711"/>
  <nd ref="12848931719"/>
  <tag k="highway" v="service"/>
 </way>
 <way id="1485312780" visible="true" version="1" changeset="179341010" timestamp="2026-03-04T09:56:20Z" user="JulianaCanal" uid="22220269">
  <nd ref="1088493516"/>
  <nd ref="8679136823"/>
  <tag k="highway" v="residential"/>
 </way>
 <relation id="2503620" visible="true" version="23" changeset="175268716" timestamp="2025-11-29T10:03:50Z" user="jayasree_c" uid="20463004">
  <member type="way" ref="777619919" role=""/>
  <member type="way" ref="145507698" role=""/>
  <member type="way" ref="777619921" role=""/>
  <member type="way" ref="145507703" role=""/>
  <member type="way" ref="185601429" role=""/>
  <member type="way" ref="777619923" role=""/>
  <member type="way" ref="777619917" role=""/>
  <member type="way" ref="777619922" role=""/>
  <member type="way" ref="32082965" role=""/>
  <member type="way" ref="777622118" role=""/>
  <member type="way" ref="89908334" role=""/>
  <member type="way" ref="777622114" role=""/>
  <member type="way" ref="32083210" role=""/>
  <member type="way" ref="32083216" role=""/>
  <member type="way" ref="186159871" role=""/>
  <member type="way" ref="185930141" role=""/>
  <member type="way" ref="1204101794" role=""/>
  <member type="way" ref="1204101795" role=""/>
  <member type="way" ref="992375752" role=""/>
  <member type="way" ref="992375751" role=""/>
  <member type="way" ref="1204094013" role=""/>
  <member type="way" ref="1204094011" role=""/>
  <member type="way" ref="1204094012" role=""/>
  <member type="way" ref="185930139" role=""/>
  <member type="way" ref="185940147" role=""/>
  <member type="way" ref="185940148" role=""/>
  <member type="way" ref="92878386" role=""/>
  <member type="way" ref="1346116084" role=""/>
  <member type="way" ref="92878390" role=""/>
  <member type="way" ref="1346116078" role=""/>
  <member type="way" ref="134990036" role=""/>
  <member type="way" ref="134990040" role=""/>
  <member type="way" ref="1204138096" role=""/>
  <member type="way" ref="758515407" role=""/>
  <member type="way" ref="758515410" role=""/>
  <member type="way" ref="134990038" role=""/>
  <member type="way" ref="134990037" role=""/>
  <member type="way" ref="23434164" role=""/>
  <member type="way" ref="549232953" role=""/>
  <member type="way" ref="32425220" role=""/>
  <member type="way" ref="32425218" role=""/>
  <member type="way" ref="1341830394" role=""/>
  <member type="way" ref="186159878" role=""/>
  <member type="way" ref="186159877" role=""/>
  <member type="way" ref="202821663" role=""/>
  <member type="way" ref="186159867" role=""/>
  <member type="way" ref="1454610909" role=""/>
  <member type="way" ref="1454610907" role=""/>
  <member type="way" ref="32460920" role=""/>
  <member type="way" ref="32460921" role=""/>
  <member type="way" ref="28738734" role=""/>
  <member type="way" ref="28755276" role=""/>
  <member type="way" ref="186159872" role=""/>
  <tag k="name" v="Jeepney Route: Balibago → Calamba"/>
  <tag k="network" v="LTFRB PUJ"/>
  <tag k="network:wikidata" v="Q6483998"/>
  <tag k="public_transport:version" v="2"/>
  <tag k="route" v="bus"/>
  <tag k="smoking" v="no"/>
  <tag k="type" v="route"/>
  <tag k="wheelchair" v="limited"/>
 </relation>
 <relation id="2503621" visible="true" version="26" changeset="175268716" timestamp="2025-11-29T10:03:50Z" user="jayasree_c" uid="20463004">
  <member type="node" ref="5336529936" role="stop"/>
  <member type="node" ref="2127747467" role="stop"/>
  <member type="node" ref="2127747470" role="stop"/>
  <member type="node" ref="7372079974" role="stop"/>
  <member type="node" ref="2127647114" role="stop"/>
  <member type="way" ref="186159869" role=""/>
  <member type="way" ref="32460944" role=""/>
  <member type="way" ref="186159891" role=""/>
  <member type="way" ref="948000163" role=""/>
  <member type="way" ref="4352001" role=""/>
  <member type="way" ref="186159870" role=""/>
  <member type="way" ref="28738734" role=""/>
  <member type="way" ref="32460921" role=""/>
  <member type="way" ref="32460920" role=""/>
  <member type="way" ref="1454610907" role=""/>
  <member type="way" ref="1454610909" role=""/>
  <member type="way" ref="186159867" role=""/>
  <member type="way" ref="186159875" role=""/>
  <member type="way" ref="202821664" role=""/>
  <member type="way" ref="186159878" role=""/>
  <member type="way" ref="1341830394" role=""/>
  <member type="way" ref="32425218" role=""/>
  <member type="way" ref="32425220" role=""/>
  <member type="way" ref="549232953" role=""/>
  <member type="way" ref="23434164" role=""/>
  <member type="way" ref="134990037" role=""/>
  <member type="way" ref="134990038" role=""/>
  <member type="way" ref="24805117" role=""/>
  <member type="way" ref="1204136961" role=""/>
  <member type="way" ref="1204136960" role=""/>
  <member type="way" ref="992371754" role=""/>
  <member type="way" ref="185940255" role=""/>
  <member type="way" ref="134990039" role=""/>
  <member type="way" ref="134990036" role=""/>
  <member type="way" ref="1346116078" role=""/>
  <member type="way" ref="92878390" role=""/>
  <member type="way" ref="1346116084" role=""/>
  <member type="way" ref="92878386" role=""/>
  <member type="way" ref="185940148" role=""/>
  <member type="way" ref="185940147" role=""/>
  <member type="way" ref="185930140" role=""/>
  <member type="way" ref="1204094016" role=""/>
  <member type="way" ref="1204094014" role=""/>
  <member type="way" ref="1204094015" role=""/>
  <member type="way" ref="992375750" role=""/>
  <member type="way" ref="992375749" role=""/>
  <member type="way" ref="1204101795" role=""/>
  <member type="way" ref="1204101794" role=""/>
  <member type="way" ref="185930141" role=""/>
  <member type="way" ref="185601451" role=""/>
  <member type="way" ref="201120530" role=""/>
  <member type="way" ref="89908334" role=""/>
  <member type="way" ref="777622114" role=""/>
  <tag k="name" v="Jeepney Route: Calamba → Balibago"/>
  <tag k="network" v="LTFRB PUJ"/>
  <tag k="network:wikidata" v="Q6483998"/>
  <tag k="public_transport:version" v="2"/>
  <tag k="route" v="bus"/>
  <tag k="smoking" v="no"/>
  <tag k="type" v="route"/>
  <tag k="wheelchair" v="limited"/>
 </relation>
 <relation id="2721921" visible="true" version="4" changeset="157439973" timestamp="2024-10-03T23:39:13Z" user="TheMonroeMapper" uid="13294859">
  <member type="relation" ref="10040390" role=""/>
  <member type="relation" ref="10040389" role=""/>
  <tag k="name" v="Modern Era Jeepney: Pacita Complex - Calamba City"/>
  <tag k="network" v="LTFRB PUJ"/>
  <tag k="network:wikidata" v="Q6483998"/>
  <tag k="operator" v="Modern Era Transport Corporation"/>
  <tag k="route_master" v="bus"/>
  <tag k="smoking" v="no"/>
  <tag k="type" v="route_master"/>
 </relation>
 <relation id="4659427" visible="true" version="1034" changeset="160332430" timestamp="2024-12-18T04:33:22Z" user="bulanbap" uid="11027635">
  <member type="relation" ref="12423258" role=""/>
  <member type="relation" ref="12423257" role=""/>
  <member type="relation" ref="12423256" role=""/>
  <member type="relation" ref="12423255" role=""/>
  <member type="relation" ref="12423254" role=""/>
  <member type="relation" ref="17891365" role=""/>
  <member type="relation" ref="17891364" role=""/>
  <member type="relation" ref="17891363" role=""/>
  <member type="relation" ref="12423253" role=""/>
  <tag k="name" v="Route 1"/>
  <tag k="network" v="PH:N"/>
  <tag k="osmc:symbol" v="::white_shield:1:black"/>
  <tag k="ref" v="1"/>
  <tag k="route" v="road"/>
  <tag k="type" v="superroute"/>
  <tag k="wikidata" v="Q56290961"/>
  <tag k="wikipedia" v="en:N1 highway (Philippines)"/>
 </relation>
 <relation id="10040389" visible="true" version="32" changeset="175268716" timestamp="2025-11-29T10:03:50Z" user="jayasree_c" uid="20463004">
  <member type="way" ref="697915770" role=""/>
  <member type="way" ref="142690604" role=""/>
  <member type="way" ref="687240817" role=""/>
  <member type="way" ref="142690598" role=""/>
  <member type="way" ref="903795533" role=""/>
  <member type="way" ref="140483169" role=""/>
  <member type="way" ref="446473648" role=""/>
  <member type="way" ref="768989891" role=""/>
  <member type="way" ref="140483168" role=""/>
  <member type="way" ref="440471861" role=""/>
  <member type="way" ref="777627649" role=""/>
  <member type="way" ref="1119486605" role=""/>
  <member type="way" ref="361256298" role=""/>
  <member type="way" ref="32083750" role=""/>
  <member type="way" ref="793339796" role=""/>
  <member type="way" ref="1353702131" role=""/>
  <member type="way" ref="1353702132" role=""/>
  <member type="way" ref="146474893" role=""/>
  <member type="way" ref="1203860658" role=""/>
  <member type="way" ref="156424420" role=""/>
  <member type="way" ref="1081557033" role=""/>
  <member type="way" ref="1081557034" role=""/>
  <member type="way" ref="92875200" role=""/>
  <member type="way" ref="1081554464" role=""/>
  <member type="way" ref="1081554462" role=""/>
  <member type="way" ref="1081554463" role=""/>
  <member type="way" ref="1081554465" role=""/>
  <member type="way" ref="301610061" role=""/>
  <member type="way" ref="33299083" role=""/>
  <member type="way" ref="33299084" role=""/>
  <member type="way" ref="92878385" role=""/>
  <member type="way" ref="90551785" role=""/>
  <member type="way" ref="90551784" role=""/>
  <member type="way" ref="92878387" role=""/>
  <member type="way" ref="92878383" role=""/>
  <member type="way" ref="758193649" role=""/>
  <member type="way" ref="135398973" role=""/>
  <member type="way" ref="32083256" role=""/>
  <member type="way" ref="1204127495" role=""/>
  <member type="way" ref="1413610384" role=""/>
  <member type="way" ref="185601432" role=""/>
  <member type="way" ref="1081562670" role=""/>
  <member type="way" ref="1081562671" role=""/>
  <member type="way" ref="186159871" role=""/>
  <member type="way" ref="185930141" role=""/>
  <member type="way" ref="1204101794" role=""/>
  <member type="way" ref="1204101795" role=""/>
  <member type="way" ref="992375752" role=""/>
  <member type="way" ref="992375751" role=""/>
  <member type="way" ref="1204094013" role=""/>
  <member type="way" ref="1204094011" role=""/>
  <member type="way" ref="1204094012" role=""/>
  <member type="way" ref="185930139" role=""/>
  <member type="way" ref="185940147" role=""/>
  <member type="way" ref="185940148" role=""/>
  <member type="way" ref="92878386" role=""/>
  <member type="way" ref="1346116084" role=""/>
  <member type="way" ref="92878390" role=""/>
  <member type="way" ref="1346116078" role=""/>
  <member type="way" ref="134990036" role=""/>
  <member type="way" ref="134990040" role=""/>
  <member type="way" ref="1204138096" role=""/>
  <member type="way" ref="758515407" role=""/>
  <member type="way" ref="758515410" role=""/>
  <member type="way" ref="134990038" role=""/>
  <member type="way" ref="134990037" role=""/>
  <member type="way" ref="23434164" role=""/>
  <member type="way" ref="549232953" role=""/>
  <member type="way" ref="32425220" role=""/>
  <member type="way" ref="32425218" role=""/>
  <member type="way" ref="1341830394" role=""/>
  <member type="way" ref="186159878" role=""/>
  <member type="way" ref="186159877" role=""/>
  <member type="way" ref="202821663" role=""/>
  <member type="way" ref="186159867" role=""/>
  <member type="way" ref="1454610909" role=""/>
  <member type="way" ref="1454610907" role=""/>
  <member type="way" ref="32460920" role=""/>
  <member type="way" ref="32460921" role=""/>
  <member type="way" ref="28738734" role=""/>
  <member type="way" ref="28755276" role=""/>
  <member type="way" ref="186159872" role=""/>
  <member type="way" ref="186159869" role=""/>
  <member type="way" ref="32460944" role=""/>
  <member type="way" ref="186159891" role=""/>
  <member type="way" ref="948000166" role=""/>
  <member type="way" ref="26451994" role=""/>
  <member type="way" ref="579565226" role=""/>
  <tag k="fixme" v="stops"/>
  <tag k="from" v="Pacita Complex"/>
  <tag k="internet_access" v="wlan"/>
  <tag k="internet_access:fee" v="no"/>
  <tag k="name" v="Jeepney Route: Pacita → Calamba via Santa Rosa proper"/>
  <tag k="network" v="LTFRB PUJ"/>
  <tag k="network:wikidata" v="Q6483998"/>
  <tag k="operator" v="Yellowdot Transport Terminal Inc."/>
  <tag k="public_transport:version" v="2"/>
  <tag k="ref" v="PCCC"/>
  <tag k="route" v="bus"/>
  <tag k="smoking" v="no"/>
  <tag k="to" v="SM City Calamba"/>
  <tag k="type" v="route"/>
  <tag k="wheelchair" v="limited"/>
 </relation>
 <relation id="10040390" visible="true" version="36" changeset="175268716" timestamp="2025-11-29T10:03:50Z" user="jayasree_c" uid="20463004">
  <member type="node" ref="7178476739" role="stop_entry_only"/>
  <member type="node" ref="5245085860" role="stop"/>
  <member type="node" ref="1968539183" role="stop_exit_only"/>
  <member type="node" ref="1968539185" role="stop_entry_only"/>
  <member type="way" ref="697915770" role=""/>
  <member type="way" ref="142690604" role=""/>
  <member type="way" ref="687240817" role=""/>
  <member type="way" ref="142690598" role=""/>
  <member type="way" ref="903795533" role=""/>
  <member type="way" ref="140483169" role=""/>
  <member type="way" ref="446473648" role=""/>
  <member type="way" ref="768989891" role=""/>
  <member type="way" ref="140483168" role=""/>
  <member type="way" ref="440471861" role=""/>
  <member type="way" ref="777627649" role=""/>
  <member type="way" ref="1119486605" role=""/>
  <member type="way" ref="361256298" role=""/>
  <member type="way" ref="32083750" role=""/>
  <member type="way" ref="793339796" role=""/>
  <member type="way" ref="1353702131" role=""/>
  <member type="way" ref="1353702132" role=""/>
  <member type="way" ref="146474893" role=""/>
  <member type="way" ref="1203860658" role=""/>
  <member type="way" ref="549231957" role=""/>
  <member type="way" ref="579562700" role=""/>
  <member type="way" ref="542516548" role=""/>
  <member type="way" ref="793340150" role=""/>
  <member type="way" ref="793340170" role=""/>
  <member type="way" ref="358391208" role=""/>
  <member type="way" ref="32083506" role=""/>
  <member type="way" ref="804059664" role=""/>
  <member type="way" ref="804059663" role=""/>
  <member type="way" ref="32083515" role=""/>
  <member type="way" ref="317622332" role=""/>
  <member type="way" ref="768970605" role=""/>
  <member type="way" ref="768970604" role=""/>
  <member type="way" ref="899861032" role=""/>
  <member type="way" ref="186159868" role=""/>
  <member type="way" ref="899861031" role=""/>
  <member type="way" ref="328679915" role=""/>
  <member type="way" ref="1158489264" role=""/>
  <member type="way" ref="328679916" role=""/>
  <member type="way" ref="553887792" role=""/>
  <member type="way" ref="553887793" role=""/>
  <member type="way" ref="32083311" role=""/>
  <member type="way" ref="32083309" role=""/>
  <member type="way" ref="1413610384" role=""/>
  <member type="way" ref="185601432" role=""/>
  <member type="way" ref="1081562670" role=""/>
  <member type="way" ref="1081562671" role=""/>
  <member type="way" ref="186159871" role=""/>
  <member type="way" ref="185930141" role=""/>
  <member type="way" ref="1204101794" role=""/>
  <member type="way" ref="1204101795" role=""/>
  <member type="way" ref="992375752" role=""/>
  <member type="way" ref="992375751" role=""/>
  <member type="way" ref="1204094013" role=""/>
  <member type="way" ref="1204094011" role=""/>
  <member type="way" ref="1204094012" role=""/>
  <member type="way" ref="185930139" role=""/>
  <member type="way" ref="185940147" role=""/>
  <member type="way" ref="185940148" role=""/>
  <member type="way" ref="92878386" role=""/>
  <member type="way" ref="1346116084" role=""/>
  <member type="way" ref="92878390" role=""/>
  <member type="way" ref="1346116078" role=""/>
  <member type="way" ref="134990036" role=""/>
  <member type="way" ref="134990040" role=""/>
  <member type="way" ref="1204138096" role=""/>
  <member type="way" ref="758515407" role=""/>
  <member type="way" ref="758515410" role=""/>
  <member type="way" ref="134990038" role=""/>
  <member type="way" ref="134990037" role=""/>
  <member type="way" ref="23434164" role=""/>
  <member type="way" ref="549232953" role=""/>
  <member type="way" ref="32425220" role=""/>
  <member type="way" ref="32425218" role=""/>
  <member type="way" ref="1341830394" role=""/>
  <member type="way" ref="186159878" role=""/>
  <member type="way" ref="186159877" role=""/>
  <member type="way" ref="202821663" role=""/>
  <member type="way" ref="186159867" role=""/>
  <member type="way" ref="1454610909" role=""/>
  <member type="way" ref="1454610907" role=""/>
  <member type="way" ref="32460920" role=""/>
  <member type="way" ref="32460921" role=""/>
  <member type="way" ref="28738734" role=""/>
  <member type="way" ref="28755276" role=""/>
  <member type="way" ref="186159872" role=""/>
  <member type="way" ref="186159869" role=""/>
  <member type="way" ref="32460944" role=""/>
  <member type="way" ref="186159891" role=""/>
  <member type="way" ref="948000166" role=""/>
  <member type="way" ref="26451994" role=""/>
  <member type="way" ref="579565226" role=""/>
  <tag k="fixme" v="stops"/>
  <tag k="from" v="Pacita Complex"/>
  <tag k="internet_access" v="wlan"/>
  <tag k="internet_access:fee" v="no"/>
  <tag k="name" v="Jeepney Route: Pacita Complex → Calamba City"/>
  <tag k="network" v="LTFRB PUJ"/>
  <tag k="network:wikidata" v="Q6483998"/>
  <tag k="operator" v="Modern Era Transport Corporation"/>
  <tag k="public_transport:version" v="2"/>
  <tag k="ref" v="PCCC"/>
  <tag k="route" v="bus"/>
  <tag k="smoking" v="no"/>
  <tag k="to" v="SM City Calamba"/>
  <tag k="type" v="route"/>
  <tag k="via" v="SM City Sta. Rosa"/>
  <tag k="wheelchair" v="limited"/>
 </relation>
 <relation id="12423257" visible="true" version="110" changeset="178454064" timestamp="2026-02-12T11:55:40Z" user="KyogaLake" uid="22951884">
  <member type="way" ref="1046949544" role=""/>
  <member type="way" ref="478464453" role=""/>
  <member type="way" ref="649801616" role=""/>
  <member type="way" ref="275722805" role=""/>
  <member type="way" ref="791260742" role=""/>
  <member type="way" ref="256492908" role=""/>
  <member type="way" ref="523344853" role=""/>
  <member type="way" ref="523344854" role=""/>
  <member type="way" ref="1369024931" role=""/>
  <member type="way" ref="1369024932" role=""/>
  <member type="way" ref="660853906" role=""/>
  <member type="way" ref="1369024934" role=""/>
  <member type="way" ref="1369024935" role=""/>
  <member type="way" ref="660853907" role=""/>
  <member type="way" ref="32837137" role=""/>
  <member type="way" ref="753708520" role=""/>
  <member type="way" ref="753708523" role=""/>
  <member type="way" ref="47652952" role=""/>
  <member type="way" ref="660853915" role=""/>
  <member type="way" ref="660853914" role=""/>
  <member type="way" ref="649843154" role=""/>
  <member type="way" ref="649843152" role=""/>
  <member type="way" ref="649843157" role=""/>
  <member type="way" ref="649843159" role=""/>
  <member type="way" ref="649843149" role=""/>
  <member type="way" ref="763589725" role=""/>
  <member type="way" ref="39277067" role=""/>
  <member type="way" ref="649821783" role=""/>
  <member type="way" ref="649821782" role=""/>
  <member type="way" ref="649821777" role=""/>
  <member type="way" ref="649821776" role=""/>
  <member type="way" ref="662278461" role=""/>
  <member type="way" ref="662278460" role=""/>
  <member type="way" ref="662278455" role=""/>
  <member type="way" ref="662278458" role=""/>
  <member type="way" ref="351724547" role=""/>
  <member type="way" ref="351724552" role=""/>
  <member type="way" ref="662278449" role=""/>
  <member type="way" ref="662278452" role=""/>
  <member type="way" ref="351724548" role=""/>
  <member type="way" ref="351724550" role=""/>
  <member type="way" ref="1178154031" role=""/>
  <member type="way" ref="791260743" role=""/>
  <member type="way" ref="791260745" role=""/>
  <member type="way" ref="791260744" role=""/>
  <member type="way" ref="156291749" role=""/>
  <member type="way" ref="791260747" role=""/>
  <member type="way" ref="660979442" role=""/>
  <member type="way" ref="660979446" role=""/>
  <member type="way" ref="649906086" role=""/>
  <member type="way" ref="649906084" role=""/>
  <member type="way" ref="791260746" role=""/>
  <member type="way" ref="649906093" role=""/>
  <member type="way" ref="649906090" role=""/>
  <member type="way" ref="649906097" role=""/>
  <member type="way" ref="649906095" role=""/>
  <member type="way" ref="649906103" role=""/>
  <member type="way" ref="649906101" role=""/>
  <member type="way" ref="649906111" role=""/>
  <member type="way" ref="791260748" role=""/>
  <member type="way" ref="649906108" role=""/>
  <member type="way" ref="343381082" role=""/>
  <member type="way" ref="343381083" role=""/>
  <member type="way" ref="156287051" role=""/>
  <member type="way" ref="763589730" role=""/>
  <member type="way" ref="763589732" role=""/>
  <member type="way" ref="859339907" role=""/>
  <member type="way" ref="156287071" role=""/>
  <member type="way" ref="942383526" role=""/>
  <member type="way" ref="942383525" role=""/>
  <member type="way" ref="122372556" role=""/>
  <member type="way" ref="336129453" role=""/>
  <member type="way" ref="336129455" role=""/>
  <member type="way" ref="763937531" role=""/>
  <member type="way" ref="763937529" role=""/>
  <member type="way" ref="763937530" role=""/>
  <member type="way" ref="763937532" role=""/>
  <member type="way" ref="1175535733" role=""/>
  <member type="way" ref="1175535736" role=""/>
  <member type="way" ref="1175535734" role=""/>
  <member type="way" ref="1175535735" role=""/>
  <member type="way" ref="122372559" role=""/>
  <member type="way" ref="763589727" role=""/>
  <member type="way" ref="648898246" role=""/>
  <member type="way" ref="648898247" role=""/>
  <member type="way" ref="336129464" role=""/>
  <member type="way" ref="336129459" role=""/>
  <member type="way" ref="721779661" role=""/>
  <member type="way" ref="721779662" role=""/>
  <member type="way" ref="648919731" role=""/>
  <member type="way" ref="648919730" role=""/>
  <member type="way" ref="336131833" role=""/>
  <member type="way" ref="336131831" role=""/>
  <member type="way" ref="336131834" role=""/>
  <member type="way" ref="336131829" role=""/>
  <member type="way" ref="336131832" role=""/>
  <member type="way" ref="336131830" role=""/>
  <member type="way" ref="721779663" role=""/>
  <member type="way" ref="721779664" role=""/>
  <member type="way" ref="660867855" role=""/>
  <member type="way" ref="660867854" role=""/>
  <member type="way" ref="336139717" role=""/>
  <member type="way" ref="754338296" role=""/>
  <member type="way" ref="728259778" role=""/>
  <member type="way" ref="336139718" role=""/>
  <member type="way" ref="156287027" role=""/>
  <member type="way" ref="728259783" role=""/>
  <member type="way" ref="759514899" role=""/>
  <member type="way" ref="908288540" role=""/>
  <member type="way" ref="908288541" role=""/>
  <member type="way" ref="905796651" role=""/>
  <member type="way" ref="905796652" role=""/>
  <member type="way" ref="650451079" role=""/>
  <member type="way" ref="650451078" role=""/>
  <member type="way" ref="650466675" role=""/>
  <member type="way" ref="650466679" role=""/>
  <member type="way" ref="754224651" role=""/>
  <member type="way" ref="344995901" role=""/>
  <member type="way" ref="344995912" role=""/>
  <member type="way" ref="230069852" role=""/>
  <member type="way" ref="230069851" role=""/>
  <member type="way" ref="156287002" role=""/>
  <member type="way" ref="5152559" role=""/>
  <member type="way" ref="754132817" role=""/>
  <member type="way" ref="670419935" role=""/>
  <member type="way" ref="670419931" role=""/>
  <member type="way" ref="4271782" role=""/>
  <member type="way" ref="990445845" role=""/>
  <member type="way" ref="990445850" role=""/>
  <member type="way" ref="990445849" role=""/>
  <member type="way" ref="721779665" role=""/>
  <member type="way" ref="1124317980" role=""/>
  <member type="way" ref="1124317979" role=""/>
  <member type="way" ref="4270600" role=""/>
  <member type="way" ref="824733207" role=""/>
  <member type="way" ref="763589714" role=""/>
  <member type="way" ref="252224827" role=""/>
  <member type="way" ref="1124317985" role=""/>
  <member type="way" ref="1121065514" role=""/>
  <member type="way" ref="1124317978" role=""/>
  <member type="way" ref="1121065509" role=""/>
  <member type="way" ref="1121065515" role=""/>
  <member type="way" ref="1121065511" role=""/>
  <member type="way" ref="1121065506" role=""/>
  <member type="way" ref="1121065512" role=""/>
  <member type="way" ref="987648054" role=""/>
  <member type="way" ref="987648053" role=""/>
  <member type="way" ref="329322495" role=""/>
  <member type="way" ref="1124317974" role=""/>
  <member type="way" ref="958027560" role=""/>
  <member type="way" ref="252224113" role=""/>
  <member type="way" ref="252224110" role=""/>
  <member type="way" ref="958027561" role=""/>
  <member type="way" ref="1124317973" role=""/>
  <member type="way" ref="252224109" role=""/>
  <member type="way" ref="721779674" role=""/>
  <member type="way" ref="721779672" role=""/>
  <member type="way" ref="721779671" role=""/>
  <member type="way" ref="721779673" role=""/>
  <member type="way" ref="344629777" role=""/>
  <member type="way" ref="344629779" role=""/>
  <member type="way" ref="163106856" role=""/>
  <member type="way" ref="163106928" role=""/>
  <member type="way" ref="1307026325" role=""/>
  <member type="way" ref="1307026324" role=""/>
  <member type="way" ref="163106929" role=""/>
  <member type="way" ref="661086059" role=""/>
  <member type="way" ref="729189612" role=""/>
  <member type="way" ref="729189611" role=""/>
  <member type="way" ref="729189560" role=""/>
  <member type="way" ref="729189559" role=""/>
  <member type="way" ref="661086060" role=""/>
  <member type="way" ref="729189561" role=""/>
  <member type="way" ref="729189562" role=""/>
  <member type="way" ref="162913524" role=""/>
  <member type="way" ref="729189591" role=""/>
  <member type="way" ref="729189590" role=""/>
  <member type="way" ref="729189588" role=""/>
  <member type="way" ref="162913405" role=""/>
  <member type="way" ref="162909713" role=""/>
  <member type="way" ref="564475824" role=""/>
  <member type="way" ref="564475825" role=""/>
  <member type="way" ref="163120097" role=""/>
  <member type="way" ref="564475826" role=""/>
  <member type="way" ref="731717321" role=""/>
  <member type="way" ref="564475827" role=""/>
  <member type="way" ref="731798522" role=""/>
  <member type="way" ref="252404987" role=""/>
  <member type="way" ref="252404988" role=""/>
  <member type="way" ref="162712413" role=""/>
  <member type="way" ref="162712592" role=""/>
  <member type="way" ref="162712593" role=""/>
  <member type="way" ref="836685810" role=""/>
  <member type="way" ref="768064958" role=""/>
  <member type="way" ref="538298257" role=""/>
  <member type="way" ref="301612768" role=""/>
  <member type="way" ref="301612766" role=""/>
  <member type="way" ref="301613393" role=""/>
  <member type="way" ref="301613392" role=""/>
  <member type="way" ref="301612765" role=""/>
  <member type="way" ref="301612767" role=""/>
  <member type="way" ref="1127746948" role=""/>
  <member type="way" ref="905707757" role=""/>
  <member type="way" ref="905707754" role=""/>
  <member type="way" ref="661356144" role=""/>
  <member type="way" ref="661356143" role=""/>
  <member type="way" ref="40117821" role=""/>
  <member type="way" ref="40117816" role=""/>
  <member type="way" ref="336306682" role=""/>
  <member type="way" ref="336306684" role=""/>
  <member type="way" ref="39041845" role=""/>
  <member type="way" ref="617641524" role=""/>
  <member type="way" ref="835943642" role=""/>
  <member type="way" ref="617641521" role=""/>
  <member type="way" ref="835888616" role=""/>
  <member type="way" ref="346123208" role=""/>
  <member type="way" ref="346123210" role=""/>
  <member type="way" ref="336318544" role=""/>
  <member type="way" ref="835888613" role=""/>
  <member type="way" ref="768091001" role=""/>
  <member type="way" ref="835888619" role=""/>
  <member type="way" ref="790948690" role=""/>
  <member type="way" ref="835888614" role=""/>
  <member type="way" ref="835888618" role=""/>
  <member type="way" ref="835888612" role=""/>
  <member type="way" ref="346123207" role=""/>
  <member type="way" ref="346123209" role=""/>
  <member type="way" ref="617644132" role=""/>
  <member type="way" ref="767876203" role=""/>
  <member type="way" ref="835943602" role=""/>
  <member type="way" ref="617644131" role=""/>
  <member type="way" ref="867694234" role=""/>
  <member type="way" ref="730047890" role=""/>
  <member type="way" ref="730047889" role=""/>
  <member type="way" ref="168701545" role=""/>
  <member type="way" ref="836244666" role=""/>
  <member type="way" ref="168701546" role=""/>
  <member type="way" ref="272595408" role=""/>
  <member type="way" ref="1328040079" role=""/>
  <member type="way" ref="1328040075" role=""/>
  <member type="way" ref="617767847" role=""/>
  <member type="way" ref="617767846" role=""/>
  <member type="way" ref="729759087" role=""/>
  <member type="way" ref="836665486" role=""/>
  <member type="way" ref="836665489" role=""/>
  <member type="way" ref="729759088" role=""/>
  <member type="way" ref="763002024" role=""/>
  <member type="way" ref="729759078" role=""/>
  <member type="way" ref="998303681" role=""/>
  <member type="way" ref="998303691" role=""/>
  <member type="way" ref="998303690" role=""/>
  <member type="way" ref="763002025" role=""/>
  <member type="way" ref="1008256264" role=""/>
  <member type="way" ref="168701562" role=""/>
  <member type="way" ref="1008256266" role=""/>
  <member type="way" ref="775131926" role=""/>
  <member type="way" ref="780355936" role=""/>
  <member type="way" ref="780355937" role=""/>
  <member type="way" ref="729761375" role=""/>
  <member type="way" ref="729761376" role=""/>
  <member type="way" ref="49062074" role=""/>
  <member type="way" ref="760083140" role=""/>
  <member type="way" ref="760083139" role=""/>
  <member type="way" ref="760083141" role=""/>
  <member type="way" ref="793410139" role=""/>
  <member type="way" ref="793410140" role=""/>
  <member type="way" ref="238038899" role=""/>
  <member type="way" ref="769916315" role=""/>
  <member type="way" ref="760083138" role=""/>
  <member type="way" ref="252222953" role=""/>
  <member type="way" ref="252222954" role=""/>
  <member type="way" ref="760083153" role=""/>
  <member type="way" ref="760083154" role=""/>
  <member type="way" ref="241595632" role=""/>
  <member type="way" ref="760083142" role=""/>
  <member type="way" ref="760083143" role=""/>
  <member type="way" ref="760083148" role=""/>
  <member type="way" ref="760083149" role=""/>
  <member type="way" ref="760083146" role=""/>
  <member type="way" ref="760083145" role=""/>
  <member type="way" ref="760083147" role=""/>
  <member type="way" ref="721779677" role=""/>
  <member type="way" ref="252223484" role=""/>
  <member type="way" ref="793413520" role=""/>
  <member type="way" ref="793411605" role=""/>
  <member type="way" ref="252223488" role=""/>
  <member type="way" ref="252221727" role=""/>
  <member type="way" ref="238039993" role=""/>
  <member type="way" ref="1465244990" role=""/>
  <member type="way" ref="1465244988" role=""/>
  <member type="way" ref="1465244991" role=""/>
  <member type="way" ref="252222640" role=""/>
  <member type="way" ref="767876206" role=""/>
  <member type="way" ref="760083151" role=""/>
  <member type="way" ref="760083152" role=""/>
  <member type="way" ref="700454449" role=""/>
  <member type="way" ref="252222638" role=""/>
  <member type="way" ref="798633361" role=""/>
  <member type="way" ref="618132753" role=""/>
  <member type="way" ref="30518287" role=""/>
  <member type="way" ref="30518284" role=""/>
  <member type="way" ref="40117911" role=""/>
  <member type="way" ref="1053960475" role=""/>
  <member type="way" ref="769916313" role=""/>
  <member type="way" ref="1053960481" role=""/>
  <member type="way" ref="40117916" role=""/>
  <member type="way" ref="1224691636" role=""/>
  <member type="way" ref="1224691635" role=""/>
  <member type="way" ref="1155923194" role=""/>
  <member type="way" ref="616064759" role=""/>
  <member type="way" ref="616064758" role=""/>
  <member type="way" ref="1155923218" role=""/>
  <member type="way" ref="1155923210" role=""/>
  <member type="way" ref="273944198" role=""/>
  <member type="way" ref="40118072" role=""/>
  <member type="way" ref="1155923213" role=""/>
  <member type="way" ref="1155923203" role=""/>
  <member type="way" ref="832147894" role=""/>
  <member type="way" ref="832147893" role=""/>
  <member type="way" ref="47655097" role=""/>
  <member type="way" ref="615699647" role=""/>
  <member type="way" ref="615699648" role=""/>
  <member type="way" ref="274214787" role=""/>
  <member type="way" ref="274214788" role=""/>
  <member type="way" ref="431110942" role=""/>
  <member type="way" ref="431110940" role=""/>
  <member type="way" ref="615699646" role=""/>
  <member type="way" ref="615699645" role=""/>
  <member type="way" ref="1053960489" role=""/>
  <member type="way" ref="342874637" role=""/>
  <member type="way" ref="431107637" role=""/>
  <member type="way" ref="431107638" role=""/>
  <member type="way" ref="614178133" role=""/>
  <member type="way" ref="614178132" role=""/>
  <member type="way" ref="614178131" role=""/>
  <member type="way" ref="614178130" role=""/>
  <member type="way" ref="867765934" role=""/>
  <member type="way" ref="867765901" role=""/>
  <member type="way" ref="867765938" role=""/>
  <member type="way" ref="431082546" role=""/>
  <member type="way" ref="867785404" role=""/>
  <member type="way" ref="431082545" role=""/>
  <member type="way" ref="867786105" role=""/>
  <member type="way" ref="31373703" role=""/>
  <member type="way" ref="431078650" role=""/>
  <member type="way" ref="866361874" role=""/>
  <member type="way" ref="866361852" role=""/>
  <member type="way" ref="866361866" role=""/>
  <member type="way" ref="866376744" role=""/>
  <member type="way" ref="866376737" role=""/>
  <member type="way" ref="866376750" role=""/>
  <member type="way" ref="274214789" role=""/>
  <member type="way" ref="614173685" role=""/>
  <member type="way" ref="614173686" role=""/>
  <member type="way" ref="816376240" role=""/>
  <member type="way" ref="816376239" role=""/>
  <member type="way" ref="614173684" role=""/>
  <member type="way" ref="614173683" role=""/>
  <member type="way" ref="816376242" role=""/>
  <member type="way" ref="816376241" role=""/>
  <member type="way" ref="613313674" role=""/>
  <member type="way" ref="613313678" role=""/>
  <member type="way" ref="613313671" role=""/>
  <member type="way" ref="613313672" role=""/>
  <member type="way" ref="39034470" role=""/>
  <member type="way" ref="613591714" role=""/>
  <member type="way" ref="613591713" role=""/>
  <member type="way" ref="613982207" role=""/>
  <member type="way" ref="816376195" role=""/>
  <member type="way" ref="816376196" role=""/>
  <member type="way" ref="613982206" role=""/>
  <member type="way" ref="39033176" role=""/>
  <member type="way" ref="613982205" role=""/>
  <member type="way" ref="613982204" role=""/>
  <member type="way" ref="613980733" role=""/>
  <member type="way" ref="613980732" role=""/>
  <member type="way" ref="613980731" role=""/>
  <member type="way" ref="613980730" role=""/>
  <member type="way" ref="39032315" role=""/>
  <member type="way" ref="613978580" role=""/>
  <member type="way" ref="613978579" role=""/>
  <member type="way" ref="613978578" role=""/>
  <member type="way" ref="613978577" role=""/>
  <member type="way" ref="613961978" role=""/>
  <member type="way" ref="613961977" role=""/>
  <member type="way" ref="816376193" role=""/>
  <member type="way" ref="816376194" role=""/>
  <member type="way" ref="39031930" role=""/>
  <member type="way" ref="613961611" role=""/>
  <member type="way" ref="613961612" role=""/>
  <member type="way" ref="613961163" role=""/>
  <member type="way" ref="613961162" role=""/>
  <member type="way" ref="613959526" role=""/>
  <member type="way" ref="613959527" role=""/>
  <member type="way" ref="613959525" role=""/>
  <member type="way" ref="613959524" role=""/>
  <member type="way" ref="613959522" role=""/>
  <member type="way" ref="613959523" role=""/>
  <member type="way" ref="613957537" role=""/>
  <member type="way" ref="613957536" role=""/>
  <member type="way" ref="957725135" role=""/>
  <member type="way" ref="957725136" role=""/>
  <member type="way" ref="39029682" role=""/>
  <member type="way" ref="881939920" role=""/>
  <member type="way" ref="908692455" role=""/>
  <member type="way" ref="908692456" role=""/>
  <member type="way" ref="626319699" role=""/>
  <member type="way" ref="908616801" role=""/>
  <member type="way" ref="908616802" role=""/>
  <member type="way" ref="626319698" role=""/>
  <member type="way" ref="908359077" role=""/>
  <member type="way" ref="908359078" role=""/>
  <member type="way" ref="626318657" role=""/>
  <member type="way" ref="626318656" role=""/>
  <member type="way" ref="626318653" role=""/>
  <member type="way" ref="626318652" role=""/>
  <member type="way" ref="626316516" role=""/>
  <member type="way" ref="626316524" role=""/>
  <member type="way" ref="626316515" role=""/>
  <member type="way" ref="626316513" role=""/>
  <member type="way" ref="626315813" role=""/>
  <member type="way" ref="626315814" role=""/>
  <member type="way" ref="595947079" role=""/>
  <member type="way" ref="595947080" role=""/>
  <member type="way" ref="908698743" role=""/>
  <member type="way" ref="908698744" role=""/>
  <member type="way" ref="756424581" role=""/>
  <member type="way" ref="1034047433" role=""/>
  <member type="way" ref="905748189" role=""/>
  <member type="way" ref="905748190" role=""/>
  <member type="way" ref="242250656" role=""/>
  <member type="way" ref="573560013" role=""/>
  <member type="way" ref="762999676" role=""/>
  <member type="way" ref="762999677" role=""/>
  <member type="way" ref="573560014" role=""/>
  <member type="way" ref="903795534" role=""/>
  <member type="way" ref="762999365" role=""/>
  <member type="way" ref="242250653" role=""/>
  <member type="way" ref="241511204" role=""/>
  <member type="way" ref="623591541" role=""/>
  <member type="way" ref="623591540" role=""/>
  <member type="way" ref="242731778" role=""/>
  <member type="way" ref="242731775" role=""/>
  <member type="way" ref="622562686" role=""/>
  <member type="way" ref="622562684" role=""/>
  <member type="way" ref="240154510" role=""/>
  <member type="way" ref="312909715" role=""/>
  <member type="way" ref="907626152" role=""/>
  <member type="way" ref="907626153" role=""/>
  <member type="way" ref="312909714" role=""/>
  <member type="way" ref="307961718" role=""/>
  <member type="way" ref="307961715" role=""/>
  <member type="way" ref="281558882" role=""/>
  <member type="way" ref="281558905" role=""/>
  <member type="way" ref="49176176" role=""/>
  <member type="way" ref="301616221" role=""/>
  <member type="way" ref="301616222" role=""/>
  <member type="way" ref="301616219" role=""/>
  <member type="way" ref="301616226" role=""/>
  <member type="way" ref="620993736" role=""/>
  <member type="way" ref="620993737" role=""/>
  <member type="way" ref="620992614" role=""/>
  <member type="way" ref="620992613" role=""/>
  <member type="way" ref="620992611" role=""/>
  <member type="way" ref="620992610" role=""/>
  <member type="way" ref="620991134" role=""/>
  <member type="way" ref="620991131" role=""/>
  <member type="way" ref="307961711" role=""/>
  <member type="way" ref="307961712" role=""/>
  <member type="way" ref="756452275" role=""/>
  <member type="way" ref="756452274" role=""/>
  <member type="way" ref="301616220" role=""/>
  <member type="way" ref="301616224" role=""/>
  <member type="way" ref="301616227" role=""/>
  <member type="way" ref="619979191" role=""/>
  <member type="way" ref="619979192" role=""/>
  <member type="way" ref="619977768" role=""/>
  <member type="way" ref="619977769" role=""/>
  <member type="way" ref="619961971" role=""/>
  <member type="way" ref="619961970" role=""/>
  <member type="way" ref="281558919" role=""/>
  <member type="way" ref="281558902" role=""/>
  <member type="way" ref="619942742" role=""/>
  <member type="way" ref="619942741" role=""/>
  <member type="way" ref="281558891" role=""/>
  <member type="way" ref="281558914" role=""/>
  <member type="way" ref="307961717" role=""/>
  <member type="way" ref="307961714" role=""/>
  <member type="way" ref="307961716" role=""/>
  <member type="way" ref="307961713" role=""/>
  <member type="way" ref="281558954" role=""/>
  <member type="way" ref="281558911" role=""/>
  <member type="way" ref="281558944" role=""/>
  <member type="way" ref="281558909" role=""/>
  <member type="way" ref="284892526" role=""/>
  <member type="way" ref="284892527" role=""/>
  <member type="way" ref="218209300" role=""/>
  <member type="way" ref="218209298" role=""/>
  <member type="way" ref="281560878" role=""/>
  <member type="way" ref="281560879" role=""/>
  <member type="way" ref="281560882" role=""/>
  <member type="way" ref="756801418" role=""/>
  <member type="way" ref="756801417" role=""/>
  <member type="way" ref="281560880" role=""/>
  <member type="way" ref="619302116" role=""/>
  <member type="way" ref="619302121" role=""/>
  <member type="way" ref="48817975" role=""/>
  <member type="way" ref="566560933" role=""/>
  <member type="way" ref="566560936" role=""/>
  <member type="way" ref="762997785" role=""/>
  <member type="way" ref="763000722" role=""/>
  <member type="way" ref="762997786" role=""/>
  <member type="way" ref="845251005" role=""/>
  <member type="way" ref="680260841" role=""/>
  <member type="way" ref="845251006" role=""/>
  <member type="way" ref="680261302" role=""/>
  <member type="way" ref="680261301" role=""/>
  <member type="way" ref="241780252" role=""/>
  <member type="way" ref="680817034" role=""/>
  <member type="way" ref="680817035" role=""/>
  <member type="way" ref="680817033" role=""/>
  <member type="way" ref="680817041" role=""/>
  <member type="way" ref="680817042" role=""/>
  <member type="way" ref="845251009" role=""/>
  <member type="way" ref="845251008" role=""/>
  <member type="way" ref="572853098" role=""/>
  <member type="way" ref="680817447" role=""/>
  <member type="way" ref="680818340" role=""/>
  <member type="way" ref="1006877760" role=""/>
  <member type="way" ref="572853091" role=""/>
  <member type="way" ref="845251010" role=""/>
  <member type="way" ref="845251011" role=""/>
  <member type="way" ref="845251012" role=""/>
  <member type="way" ref="845251013" role=""/>
  <member type="way" ref="845251019" role=""/>
  <member type="way" ref="845251020" role=""/>
  <member type="way" ref="617525173" role=""/>
  <member type="way" ref="845251021" role=""/>
  <member type="way" ref="966079866" role=""/>
  <member type="way" ref="966079865" role=""/>
  <member type="way" ref="751228590" role=""/>
  <member type="way" ref="845251027" role=""/>
  <member type="way" ref="617525174" role=""/>
  <member type="way" ref="845251026" role=""/>
  <member type="way" ref="769916317" role=""/>
  <member type="way" ref="751228588" role=""/>
  <member type="way" ref="845251025" role=""/>
  <member type="way" ref="326173593" role=""/>
  <member type="way" ref="328124964" role=""/>
  <member type="way" ref="1006877762" role=""/>
  <member type="way" ref="845251015" role=""/>
  <member type="way" ref="751228587" role=""/>
  <member type="way" ref="990853542" role=""/>
  <member type="way" ref="751228589" role=""/>
  <member type="way" ref="1006877761" role=""/>
  <member type="way" ref="617914299" role=""/>
  <member type="way" ref="768048800" role=""/>
  <member type="way" ref="768048799" role=""/>
  <member type="way" ref="845251016" role=""/>
  <member type="way" ref="617914300" role=""/>
  <member type="way" ref="845251017" role=""/>
  <member type="way" ref="587249348" role=""/>
  <member type="way" ref="587249347" role=""/>
  <member type="way" ref="786410836" role=""/>
  <member type="way" ref="786410835" role=""/>
  <member type="way" ref="786410843" role=""/>
  <member type="way" ref="786410842" role=""/>
  <member type="way" ref="786410841" role=""/>
  <member type="way" ref="786410840" role=""/>
  <member type="way" ref="965047913" role=""/>
  <member type="way" ref="587255500" role=""/>
  <member type="way" ref="587255505" role=""/>
  <member type="way" ref="834757262" role=""/>
  <member type="way" ref="965338638" role=""/>
  <member type="way" ref="1006877766" role=""/>
  <member type="way" ref="834757261" role=""/>
  <member type="way" ref="241780254" role=""/>
  <member type="way" ref="1223738291" role=""/>
  <member type="way" ref="1223738281" role=""/>
  <member type="way" ref="834757260" role=""/>
  <member type="way" ref="241780253" role=""/>
  <member type="way" ref="1363429697" role=""/>
  <member type="way" ref="183704871" role=""/>
  <member type="way" ref="835074773" role=""/>
  <member type="way" ref="965338642" role=""/>
  <member type="way" ref="965338640" role=""/>
  <member type="way" ref="249520435" role=""/>
  <member type="way" ref="1006877767" role=""/>
  <member type="way" ref="249520436" role=""/>
  <member type="way" ref="249521031" role=""/>
  <member type="way" ref="249521030" role=""/>
  <member type="way" ref="965047914" role=""/>
  <member type="way" ref="242044342" role=""/>
  <member type="way" ref="242044343" role=""/>
  <member type="way" ref="1388947074" role=""/>
  <member type="way" ref="249521819" role=""/>
  <member type="way" ref="249521818" role=""/>
  <member type="way" ref="1388947063" role=""/>
  <member type="way" ref="1388947076" role=""/>
  <member type="way" ref="200255596" role=""/>
  <member type="way" ref="1388947075" role=""/>
  <member type="way" ref="200255595" role=""/>
  <member type="way" ref="237010788" role=""/>
  <member type="way" ref="237010789" role=""/>
  <member type="way" ref="237010787" role=""/>
  <member type="way" ref="237010790" role=""/>
  <member type="way" ref="998063006" role=""/>
  <member type="way" ref="998063005" role=""/>
  <member type="way" ref="237011936" role=""/>
  <member type="way" ref="237011937" role=""/>
  <member type="way" ref="5135848" role=""/>
  <member type="way" ref="5135849" role=""/>
  <member type="way" ref="31373697" role=""/>
  <member type="way" ref="1288225617" role=""/>
  <member type="way" ref="1288225616" role=""/>
  <member type="way" ref="5135843" role=""/>
  <member type="way" ref="572807531" role=""/>
  <member type="way" ref="572807530" role=""/>
  <member type="way" ref="760474627" role=""/>
  <member type="way" ref="1194602380" role=""/>
  <member type="way" ref="4705369" role=""/>
  <member type="way" ref="4705368" role=""/>
  <member type="way" ref="681070339" role=""/>
  <member type="way" ref="4705367" role=""/>
  <member type="way" ref="681070336" role=""/>
  <member type="way" ref="681070335" role=""/>
  <member type="way" ref="681070334" role=""/>
  <member type="way" ref="4705366" role=""/>
  <member type="way" ref="760474625" role=""/>
  <member type="way" ref="845251038" role=""/>
  <member type="way" ref="4705365" role=""/>
  <member type="way" ref="845251039" role=""/>
  <member type="way" ref="845251040" role=""/>
  <member type="way" ref="845251041" role=""/>
  <member type="way" ref="845251048" role=""/>
  <member type="way" ref="845251054" role=""/>
  <member type="way" ref="845251053" role=""/>
  <member type="way" ref="572818382" role=""/>
  <member type="way" ref="845251049" role=""/>
  <member type="way" ref="845251050" role=""/>
  <member type="way" ref="845251044" role=""/>
  <member type="way" ref="845251045" role=""/>
  <member type="way" ref="572818383" role=""/>
  <member type="way" ref="149340253" role=""/>
  <member type="way" ref="845251043" role=""/>
  <member type="way" ref="149340254" role=""/>
  <member type="way" ref="845251042" role=""/>
  <member type="way" ref="732770593" role=""/>
  <member type="way" ref="845251051" role=""/>
  <member type="way" ref="845251037" role=""/>
  <member type="way" ref="845251052" role=""/>
  <member type="way" ref="983605441" role=""/>
  <member type="way" ref="845251056" role=""/>
  <member type="way" ref="983605440" role=""/>
  <member type="way" ref="845251057" role=""/>
  <member type="way" ref="983605437" role=""/>
  <member type="way" ref="732770594" role=""/>
  <member type="way" ref="983605438" role=""/>
  <member type="way" ref="4705363" role=""/>
  <member type="way" ref="232552074" role=""/>
  <member type="way" ref="232552075" role=""/>
  <member type="way" ref="845251055" role=""/>
  <member type="way" ref="901942538" role=""/>
  <member type="way" ref="901944909" role=""/>
  <member type="way" ref="150619173" role=""/>
  <member type="way" ref="923021083" role=""/>
  <member type="way" ref="901942539" role=""/>
  <member type="way" ref="150619171" role=""/>
  <member type="way" ref="4705362" role=""/>
  <member type="way" ref="1107040625" role=""/>
  <member type="way" ref="902151346" role=""/>
  <member type="way" ref="79918022" role=""/>
  <member type="way" ref="79918024" role=""/>
  <member type="way" ref="763589721" role=""/>
  <member type="way" ref="763589717" role=""/>
  <member type="way" ref="813743083" role=""/>
  <member type="way" ref="845251067" role=""/>
  <member type="way" ref="1006877803" role=""/>
  <member type="way" ref="872188531" role=""/>
  <member type="way" ref="872188532" role=""/>
  <member type="way" ref="845251064" role=""/>
  <member type="way" ref="902501039" role=""/>
  <member type="way" ref="845251065" role=""/>
  <member type="way" ref="901441501" role=""/>
  <member type="way" ref="921105730" role=""/>
  <member type="way" ref="31999807" role=""/>
  <member type="way" ref="762781247" role=""/>
  <member type="way" ref="149725347" role=""/>
  <member type="way" ref="149725346" role=""/>
  <member type="way" ref="243034213" role=""/>
  <member type="way" ref="760688236" role=""/>
  <member type="way" ref="1131306951" role=""/>
  <member type="way" ref="1131306949" role=""/>
  <member type="way" ref="243034214" role=""/>
  <member type="way" ref="760688237" role=""/>
  <member type="way" ref="118540620" role=""/>
  <member type="way" ref="725414414" role=""/>
  <member type="way" ref="725414415" role=""/>
  <member type="way" ref="776403794" role=""/>
  <member type="way" ref="776403791" role=""/>
  <member type="way" ref="776403790" role=""/>
  <member type="way" ref="671028101" role=""/>
  <member type="way" ref="293682336" role=""/>
  <member type="way" ref="293682332" role=""/>
  <member type="way" ref="671028102" role=""/>
  <member type="way" ref="725414429" role=""/>
  <member type="way" ref="725414431" role=""/>
  <member type="way" ref="725414425" role=""/>
  <member type="way" ref="662786752" role=""/>
  <member type="way" ref="725414433" role=""/>
  <member type="way" ref="684694070" role=""/>
  <member type="way" ref="725414424" role=""/>
  <member type="way" ref="725414422" role=""/>
  <member type="way" ref="725414432" role=""/>
  <member type="way" ref="31153637" role=""/>
  <member type="way" ref="31153636" role=""/>
  <member type="way" ref="242456923" role=""/>
  <member type="way" ref="242456925" role=""/>
  <member type="way" ref="1131306978" role=""/>
  <member type="way" ref="232671029" role=""/>
  <member type="way" ref="1131306980" role=""/>
  <member type="way" ref="892499640" role=""/>
  <member type="way" ref="892499639" role=""/>
  <member type="way" ref="760681719" role=""/>
  <member type="way" ref="363149703" role=""/>
  <member type="way" ref="145387032" role=""/>
  <member type="way" ref="363149713" role=""/>
  <member type="way" ref="145387035" role=""/>
  <member type="way" ref="31343291" role=""/>
  <member type="way" ref="33738750" role=""/>
  <member type="way" ref="33738749" role=""/>
  <member type="way" ref="1006877758" role=""/>
  <member type="way" ref="31343120" role=""/>
  <member type="way" ref="31343116" role=""/>
  <member type="way" ref="319961507" role=""/>
  <member type="way" ref="31336084" role=""/>
  <member type="way" ref="31336082" role=""/>
  <member type="way" ref="314947466" role=""/>
  <member type="way" ref="760451129" role=""/>
  <member type="way" ref="38660035" role=""/>
  <member type="way" ref="38660034" role=""/>
  <member type="way" ref="760451127" role=""/>
  <member type="way" ref="760451128" role=""/>
  <member type="way" ref="118422777" role=""/>
  <member type="way" ref="680626017" role=""/>
  <member type="way" ref="680626018" role=""/>
  <member type="way" ref="297163439" role=""/>
  <member type="way" ref="914256582" role=""/>
  <member type="way" ref="297163438" role=""/>
  <member type="way" ref="31153447" role=""/>
  <member type="way" ref="31336073" role=""/>
  <member type="way" ref="243252233" role=""/>
  <member type="way" ref="243252231" role=""/>
  <member type="way" ref="29170178" role=""/>
  <member type="way" ref="31153325" role=""/>
  <member type="way" ref="333980735" role=""/>
  <member type="way" ref="31153326" role=""/>
  <member type="way" ref="1039018261" role=""/>
  <member type="way" ref="659960875" role=""/>
  <member type="way" ref="659960876" role=""/>
  <member type="way" ref="1039018260" role=""/>
  <member type="way" ref="659960877" role=""/>
  <member type="way" ref="760451122" role=""/>
  <member type="way" ref="31153220" role=""/>
  <member type="way" ref="760451121" role=""/>
  <member type="way" ref="118326476" role=""/>
  <member type="way" ref="118326486" role=""/>
  <member type="way" ref="31153221" role=""/>
  <member type="way" ref="29419785" role=""/>
  <member type="way" ref="750697338" role=""/>
  <member type="way" ref="750697337" role=""/>
  <member type="way" ref="921119834" role=""/>
  <member type="way" ref="921119833" role=""/>
  <member type="way" ref="921119837" role=""/>
  <member type="way" ref="333980736" role=""/>
  <member type="way" ref="31153155" role=""/>
  <member type="way" ref="31153157" role=""/>
  <member type="way" ref="289347793" role=""/>
  <member type="way" ref="1194603827" role=""/>
  <member type="way" ref="762781244" role=""/>
  <member type="way" ref="289347794" role=""/>
  <member type="way" ref="1235139729" role=""/>
  <member type="way" ref="762781245" role=""/>
  <member type="way" ref="252439920" role=""/>
  <member type="way" ref="252439919" role=""/>
  <member type="way" ref="942753043" role=""/>
  <member type="way" ref="942753042" role=""/>
  <member type="way" ref="238180919" role=""/>
  <member type="way" ref="1232688319" role=""/>
  <member type="way" ref="1232688320" role=""/>
  <member type="way" ref="746829432" role=""/>
  <member type="way" ref="942753055" role=""/>
  <member type="way" ref="942753040" role=""/>
  <member type="way" ref="942753056" role=""/>
  <member type="way" ref="942753041" role=""/>
  <member type="way" ref="38560196" role=""/>
  <member type="way" ref="156751479" role=""/>
  <member type="way" ref="38560223" role=""/>
  <member type="way" ref="111504433" role=""/>
  <member type="way" ref="238180742" role=""/>
  <member type="way" ref="1253472698" role=""/>
  <member type="way" ref="1194603828" role=""/>
  <member type="way" ref="874968481" role=""/>
  <member type="way" ref="1383918738" role=""/>
  <member type="way" ref="1253472697" role=""/>
  <member type="way" ref="1132716820" role=""/>
  <member type="way" ref="1132725786" role=""/>
  <member type="way" ref="1476838598" role=""/>
  <member type="way" ref="1476838597" role=""/>
  <member type="way" ref="1132725784" role=""/>
  <member type="way" ref="1132716825" role=""/>
  <member type="way" ref="874968480" role=""/>
  <member type="way" ref="388456540" role=""/>
  <member type="way" ref="1466274413" role=""/>
  <member type="way" ref="388456541" role=""/>
  <member type="way" ref="31152889" role=""/>
  <member type="way" ref="31152891" role=""/>
  <member type="way" ref="1354525230" role=""/>
  <member type="way" ref="1127638081" role=""/>
  <member type="way" ref="113922127" role=""/>
  <member type="way" ref="35980615" role=""/>
  <member type="way" ref="253928690" role=""/>
  <member type="way" ref="253928691" role=""/>
  <member type="way" ref="35980616" role=""/>
  <member type="way" ref="56722769" role=""/>
  <member type="way" ref="25589173" role=""/>
  <member type="way" ref="1220413528" role=""/>
  <member type="way" ref="25525207" role=""/>
  <member type="way" ref="26300202" role=""/>
  <member type="way" ref="141459502" role=""/>
  <member type="way" ref="894548224" role=""/>
  <member type="way" ref="42746397" role=""/>
  <member type="way" ref="129171833" role=""/>
  <member type="way" ref="31405591" role=""/>
  <member type="way" ref="1203983814" role=""/>
  <member type="way" ref="1203983812" role=""/>
  <member type="way" ref="1203983813" role=""/>
  <member type="way" ref="31405574" role=""/>
  <member type="way" ref="191348740" role=""/>
  <member type="way" ref="128955663" role=""/>
  <member type="way" ref="26745664" role=""/>
  <member type="way" ref="1205468527" role=""/>
  <member type="way" ref="1235463995" role=""/>
  <member type="way" ref="42746094" role=""/>
  <member type="way" ref="42746093" role=""/>
  <member type="way" ref="126468233" role=""/>
  <member type="way" ref="42746120" role=""/>
  <member type="way" ref="42746122" role=""/>
  <member type="way" ref="126468231" role=""/>
  <member type="way" ref="69546248" role=""/>
  <member type="way" ref="992366064" role=""/>
  <member type="way" ref="992366071" role=""/>
  <member type="way" ref="69546249" role=""/>
  <member type="way" ref="1006877772" role=""/>
  <member type="way" ref="827151982" role=""/>
  <member type="way" ref="761573563" role=""/>
  <member type="way" ref="760705747" role=""/>
  <member type="way" ref="760705750" role=""/>
  <member type="way" ref="761573561" role=""/>
  <member type="way" ref="760705768" role=""/>
  <member type="way" ref="1006877773" role=""/>
  <member type="way" ref="827151980" role=""/>
  <member type="way" ref="992366072" role=""/>
  <member type="way" ref="1132480048" role=""/>
  <member type="way" ref="992366062" role=""/>
  <member type="way" ref="992366063" role=""/>
  <member type="way" ref="159269890" role=""/>
  <member type="way" ref="1059222203" role=""/>
  <member type="way" ref="26551515" role=""/>
  <member type="way" ref="408369532" role=""/>
  <member type="way" ref="39422933" role=""/>
  <member type="way" ref="34900395" role=""/>
  <member type="way" ref="202828131" role=""/>
  <member type="way" ref="423879736" role=""/>
  <member type="way" ref="813772518" role=""/>
  <member type="way" ref="140627010" role=""/>
  <member type="way" ref="992366057" role=""/>
  <member type="way" ref="273505229" role=""/>
  <member type="way" ref="140627007" role=""/>
  <member type="way" ref="273520547" role=""/>
  <member type="way" ref="39422984" role=""/>
  <member type="way" ref="39423007" role=""/>
  <member type="way" ref="39423009" role=""/>
  <member type="way" ref="39422982" role=""/>
  <member type="way" ref="140627009" role=""/>
  <member type="way" ref="742377816" role=""/>
  <member type="way" ref="848050809" role=""/>
  <member type="way" ref="848050808" role=""/>
  <member type="way" ref="962211845" role=""/>
  <member type="way" ref="848050810" role=""/>
  <member type="way" ref="39467213" role=""/>
  <member type="way" ref="1059222210" role=""/>
  <member type="way" ref="39467256" role=""/>
  <member type="way" ref="39467281" role=""/>
  <member type="way" ref="39467234" role=""/>
  <member type="way" ref="1059391558" role=""/>
  <member type="way" ref="352828088" role=""/>
  <member type="way" ref="777425529" role=""/>
  <member type="way" ref="777425530" role=""/>
  <member type="way" ref="352828080" role=""/>
  <member type="way" ref="894211867" role=""/>
  <member type="way" ref="352828084" role=""/>
  <member type="way" ref="937511844" role=""/>
  <member type="way" ref="937511845" role=""/>
  <member type="way" ref="363162261" role=""/>
  <member type="way" ref="846268472" role=""/>
  <member type="way" ref="846268473" role=""/>
  <member type="way" ref="759531856" role=""/>
  <member type="way" ref="770271046" role=""/>
  <member type="way" ref="770271047" role=""/>
  <member type="way" ref="770271043" role=""/>
  <member type="way" ref="770271044" role=""/>
  <member type="way" ref="835663496" role=""/>
  <member type="way" ref="835663497" role=""/>
  <member type="way" ref="759531857" role=""/>
  <member type="way" ref="145387037" role=""/>
  <member type="way" ref="144849448" role=""/>
  <member type="way" ref="352828087" role=""/>
  <member type="way" ref="352828085" role=""/>
  <member type="way" ref="202829214" role=""/>
  <member type="way" ref="4705405" role=""/>
  <member type="way" ref="4705406" role=""/>
  <member type="way" ref="145387036" role=""/>
  <member type="way" ref="352828086" role=""/>
  <member type="way" ref="109698171" role=""/>
  <member type="way" ref="109698174" role=""/>
  <member type="way" ref="363162262" role=""/>
  <member type="way" ref="1059391556" role=""/>
  <member type="way" ref="202829212" role=""/>
  <member type="way" ref="579565228" role=""/>
  <member type="way" ref="30763758" role=""/>
  <member type="way" ref="752875306" role=""/>
  <member type="way" ref="661080640" role=""/>
  <member type="way" ref="56722916" role=""/>
  <member type="way" ref="579565227" role=""/>
  <member type="way" ref="186159891" role=""/>
  <member type="way" ref="948000163" role=""/>
  <member type="way" ref="4352001" role=""/>
  <member type="way" ref="186159870" role=""/>
  <member type="way" ref="28738734" role=""/>
  <member type="way" ref="32460921" role=""/>
  <member type="way" ref="32460920" role=""/>
  <member type="way" ref="1454610907" role=""/>
  <member type="way" ref="1454610909" role=""/>
  <member type="way" ref="186159867" role=""/>
  <member type="way" ref="186159875" role=""/>
  <member type="way" ref="202821664" role=""/>
  <member type="way" ref="186159878" role=""/>
  <member type="way" ref="1341830394" role=""/>
  <member type="way" ref="32425218" role=""/>
  <member type="way" ref="32425220" role=""/>
  <member type="way" ref="549232953" role=""/>
  <member type="way" ref="23434164" role=""/>
  <member type="way" ref="134990037" role=""/>
  <member type="way" ref="134990038" role=""/>
  <member type="way" ref="24805117" role=""/>
  <member type="way" ref="1204136961" role=""/>
  <member type="way" ref="1204136960" role=""/>
  <member type="way" ref="992371754" role=""/>
  <member type="way" ref="185940255" role=""/>
  <member type="way" ref="134990039" role=""/>
  <member type="way" ref="134990036" role=""/>
  <member type="way" ref="1346116078" role=""/>
  <member type="way" ref="92878390" role=""/>
  <member type="way" ref="1346116084" role=""/>
  <member type="way" ref="92878386" role=""/>
  <member type="way" ref="185940148" role=""/>
  <member type="way" ref="185940147" role=""/>
  <member type="way" ref="185930140" role=""/>
  <member type="way" ref="1204094016" role=""/>
  <member type="way" ref="1204094014" role=""/>
  <member type="way" ref="1204094015" role=""/>
  <member type="way" ref="992375750" role=""/>
  <member type="way" ref="992375749" role=""/>
  <member type="way" ref="1204101795" role=""/>
  <member type="way" ref="1204101794" role=""/>
  <member type="way" ref="185930141" role=""/>
  <member type="way" ref="186159871" role=""/>
  <member type="way" ref="1081562671" role=""/>
  <member type="way" ref="1081562670" role=""/>
  <member type="way" ref="185601432" role=""/>
  <member type="way" ref="1413610384" role=""/>
  <member type="way" ref="32083309" role=""/>
  <member type="way" ref="32083311" role=""/>
  <member type="way" ref="553887793" role=""/>
  <member type="way" ref="553887792" role=""/>
  <member type="way" ref="328679916" role=""/>
  <member type="way" ref="1158489264" role=""/>
  <member type="way" ref="328679915" role=""/>
  <member type="way" ref="899861031" role=""/>
  <member type="way" ref="186159868" role=""/>
  <member type="way" ref="768970604" role=""/>
  <member type="way" ref="899861032" role=""/>
  <member type="way" ref="768970605" role=""/>
  <member type="way" ref="186159874" role=""/>
  <member type="way" ref="32083515" role=""/>
  <member type="way" ref="804059663" role=""/>
  <member type="way" ref="804059664" role=""/>
  <member type="way" ref="32083506" role=""/>
  <member type="way" ref="358391208" role=""/>
  <member type="way" ref="793340170" role=""/>
  <member type="way" ref="793340171" role=""/>
  <member type="way" ref="579562700" role=""/>
  <member type="way" ref="549231957" role=""/>
  <member type="way" ref="1203860658" role=""/>
  <member type="way" ref="146474893" role=""/>
  <member type="way" ref="1353702132" role=""/>
  <member type="way" ref="1353702131" role=""/>
  <member type="way" ref="793339796" role=""/>
  <member type="way" ref="32083750" role=""/>
  <member type="way" ref="361256298" role=""/>
  <member type="way" ref="1119486605" role=""/>
  <member type="way" ref="777627649" role=""/>
  <member type="way" ref="440471861" role=""/>
  <member type="way" ref="140483168" role=""/>
  <member type="way" ref="768989891" role=""/>
  <member type="way" ref="446473648" role=""/>
  <member type="way" ref="140483169" role=""/>
  <member type="way" ref="903795533" role=""/>
  <member type="way" ref="142690598" role=""/>
  <member type="way" ref="687240817" role=""/>
  <member type="way" ref="142690604" role=""/>
  <member type="way" ref="697915770" role=""/>
  <member type="way" ref="502019769" role=""/>
  <member type="way" ref="526616085" role=""/>
  <member type="way" ref="1059140491" role=""/>
  <member type="way" ref="1059140489" role=""/>
  <member type="way" ref="1059140488" role=""/>
  <member type="way" ref="404384634" role=""/>
  <member type="way" ref="404384636" role=""/>
  <member type="way" ref="404384637" role=""/>
  <member type="way" ref="145891221" role=""/>
  <member type="way" ref="93444116" role=""/>
  <member type="way" ref="355119736" role=""/>
  <member type="way" ref="1059140494" role=""/>
  <member type="way" ref="48570829" role=""/>
  <member type="way" ref="791710662" role=""/>
  <member type="way" ref="1209750275" role=""/>
  <member type="way" ref="417169625" role=""/>
  <member type="way" ref="352054578" role=""/>
  <member type="way" ref="137620619" role=""/>
  <member type="way" ref="137620617" role=""/>
  <member type="way" ref="422608639" role=""/>
  <member type="way" ref="422608636" role=""/>
  <member type="way" ref="422608627" role=""/>
  <member type="way" ref="422608642" role=""/>
  <member type="way" ref="422608646" role=""/>
  <member type="way" ref="137620618" role=""/>
  <member type="way" ref="797785072" role=""/>
  <member type="way" ref="797785073" role=""/>
  <member type="way" ref="797785070" role=""/>
  <member type="way" ref="797785071" role=""/>
  <member type="way" ref="797785069" role=""/>
  <member type="way" ref="797785067" role=""/>
  <member type="way" ref="797785068" role=""/>
  <member type="way" ref="797785065" role=""/>
  <member type="way" ref="797785064" role=""/>
  <member type="way" ref="797785066" role=""/>
  <member type="way" ref="797785063" role=""/>
  <member type="way" ref="797785060" role=""/>
  <member type="way" ref="797785061" role=""/>
  <member type="way" ref="797785062" role=""/>
  <member type="way" ref="1204185188" role=""/>
  <member type="way" ref="1204185187" role=""/>
  <member type="way" ref="1204185854" role=""/>
  <member type="way" ref="368316946" role=""/>
  <member type="way" ref="751275310" role=""/>
  <member type="way" ref="705032365" role=""/>
  <member type="way" ref="751275311" role=""/>
  <member type="way" ref="751275312" role=""/>
  <member type="way" ref="48570830" role=""/>
  <member type="way" ref="1204130893" role=""/>
  <member type="way" ref="1204130894" role=""/>
  <member type="way" ref="769206234" role=""/>
  <member type="way" ref="706863896" role=""/>
  <member type="way" ref="753773438" role=""/>
  <member type="way" ref="106485500" role=""/>
  <member type="way" ref="361273585" role=""/>
  <member type="way" ref="439537569" role=""/>
  <member type="way" ref="365874395" role=""/>
  <member type="way" ref="1082201505" role=""/>
  <member type="way" ref="106485499" role=""/>
  <member type="way" ref="753777646" role=""/>
  <member type="way" ref="422621097" role=""/>
  <member type="way" ref="358358370" role=""/>
  <member type="way" ref="804515354" role=""/>
  <member type="way" ref="804515353" role=""/>
  <member type="way" ref="804515352" role=""/>
  <member type="way" ref="358358371" role=""/>
  <member type="way" ref="1030878111" role=""/>
  <member type="way" ref="1030878110" role=""/>
  <member type="way" ref="1030878109" role=""/>
  <member type="way" ref="1030878129" role=""/>
  <member type="way" ref="1030878106" role=""/>
  <member type="way" ref="1030878125" role=""/>
  <member type="way" ref="1030878124" role=""/>
  <member type="way" ref="358398285" role=""/>
  <member type="way" ref="370305257" role=""/>
  <member type="way" ref="837266751" role=""/>
  <member type="way" ref="679157221" role=""/>
  <member type="way" ref="837266752" role=""/>
  <member type="way" ref="732041084" role=""/>
  <member type="way" ref="770259269" role=""/>
  <member type="way" ref="768970607" role=""/>
  <member type="way" ref="28740409" role=""/>
  <member type="way" ref="245313309" role=""/>
  <member type="way" ref="1123113136" role=""/>
  <member type="way" ref="1123113135" role=""/>
  <member type="way" ref="370305237" role=""/>
  <member type="way" ref="1441538233" role=""/>
  <member type="way" ref="839908532" role=""/>
  <member type="way" ref="1006936010" role=""/>
  <member type="way" ref="1343403315" role=""/>
  <member type="way" ref="1343403314" role=""/>
  <member type="way" ref="1343403313" role=""/>
  <tag k="name" v="Route 1: Matnog → Alabang"/>
  <tag k="network" v="PH:N"/>
  <tag k="ref" v="1"/>
  <tag k="route" v="road"/>
  <tag k="type" v="route"/>
 </relation>
 <relation id="12423258" visible="true" version="111" changeset="178454064" timestamp="2026-02-12T11:55:40Z" user="KyogaLake" uid="22951884">
  <member type="way" ref="32001327" role=""/>
  <member type="way" ref="1441538241" role=""/>
  <member type="way" ref="279134993" role=""/>
  <member type="way" ref="1006936011" role=""/>
  <member type="way" ref="861257662" role=""/>
  <member type="way" ref="33300597" role=""/>
  <member type="way" ref="245313316" role=""/>
  <member type="way" ref="732041085" role=""/>
  <member type="way" ref="33277744" role=""/>
  <member type="way" ref="1203877730" role=""/>
  <member type="way" ref="1074655125" role=""/>
  <member type="way" ref="288913805" role=""/>
  <member type="way" ref="370305257" role=""/>
  <member type="way" ref="358398285" role=""/>
  <member type="way" ref="1030878123" role=""/>
  <member type="way" ref="1030878122" role=""/>
  <member type="way" ref="1203874890" role=""/>
  <member type="way" ref="1030878107" role=""/>
  <member type="way" ref="1030878128" role=""/>
  <member type="way" ref="1030878108" role=""/>
  <member type="way" ref="1030878110" role=""/>
  <member type="way" ref="1030878111" role=""/>
  <member type="way" ref="358358371" role=""/>
  <member type="way" ref="804515352" role=""/>
  <member type="way" ref="804515353" role=""/>
  <member type="way" ref="804515354" role=""/>
  <member type="way" ref="358358370" role=""/>
  <member type="way" ref="422621097" role=""/>
  <member type="way" ref="753777646" role=""/>
  <member type="way" ref="106485499" role=""/>
  <member type="way" ref="1082201506" role=""/>
  <member type="way" ref="1204174521" role=""/>
  <member type="way" ref="361273586" role=""/>
  <member type="way" ref="353037816" role=""/>
  <member type="way" ref="152178397" role=""/>
  <member type="way" ref="439537568" role=""/>
  <member type="way" ref="361273585" role=""/>
  <member type="way" ref="106485500" role=""/>
  <member type="way" ref="753773438" role=""/>
  <member type="way" ref="106485501" role=""/>
  <member type="way" ref="1204129675" role=""/>
  <member type="way" ref="55807017" role=""/>
  <member type="way" ref="1204130894" role=""/>
  <member type="way" ref="1204130893" role=""/>
  <member type="way" ref="48570830" role=""/>
  <member type="way" ref="751275312" role=""/>
  <member type="way" ref="751275311" role=""/>
  <member type="way" ref="705032365" role=""/>
  <member type="way" ref="751275310" role=""/>
  <member type="way" ref="368316946" role=""/>
  <member type="way" ref="1204185854" role=""/>
  <member type="way" ref="1204185187" role=""/>
  <member type="way" ref="1204185188" role=""/>
  <member type="way" ref="797785062" role=""/>
  <member type="way" ref="797785061" role=""/>
  <member type="way" ref="797785060" role=""/>
  <member type="way" ref="797785063" role=""/>
  <member type="way" ref="797785066" role=""/>
  <member type="way" ref="797785064" role=""/>
  <member type="way" ref="797785065" role=""/>
  <member type="way" ref="797785068" role=""/>
  <member type="way" ref="797785067" role=""/>
  <member type="way" ref="797785069" role=""/>
  <member type="way" ref="797785071" role=""/>
  <member type="way" ref="797785070" role=""/>
  <member type="way" ref="797785073" role=""/>
  <member type="way" ref="797785072" role=""/>
  <member type="way" ref="137620618" role=""/>
  <member type="way" ref="422608632" role=""/>
  <member type="way" ref="137620616" role=""/>
  <member type="way" ref="355119739" role=""/>
  <member type="way" ref="355119734" role=""/>
  <member type="way" ref="814430591" role=""/>
  <member type="way" ref="358640630" role=""/>
  <member type="way" ref="355119735" role=""/>
  <member type="way" ref="355119737" role=""/>
  <member type="way" ref="137620617" role=""/>
  <member type="way" ref="137620619" role=""/>
  <member type="way" ref="352054578" role=""/>
  <member type="way" ref="417169625" role=""/>
  <member type="way" ref="1209750275" role=""/>
  <member type="way" ref="791710662" role=""/>
  <member type="way" ref="48570829" role=""/>
  <member type="way" ref="417169634" role=""/>
  <member type="way" ref="355119740" role=""/>
  <member type="way" ref="1059140492" role=""/>
  <member type="way" ref="404384637" role=""/>
  <member type="way" ref="404384636" role=""/>
  <member type="way" ref="404384634" role=""/>
  <member type="way" ref="1059140488" role=""/>
  <member type="way" ref="1059140489" role=""/>
  <member type="way" ref="1059140491" role=""/>
  <member type="way" ref="526616085" role=""/>
  <member type="way" ref="502019769" role=""/>
  <member type="way" ref="697915770" role=""/>
  <member type="way" ref="142690604" role=""/>
  <member type="way" ref="687240817" role=""/>
  <member type="way" ref="142690598" role=""/>
  <member type="way" ref="903795533" role=""/>
  <member type="way" ref="140483169" role=""/>
  <member type="way" ref="446473648" role=""/>
  <member type="way" ref="768989891" role=""/>
  <member type="way" ref="140483168" role=""/>
  <member type="way" ref="440471861" role=""/>
  <member type="way" ref="777627649" role=""/>
  <member type="way" ref="1119486605" role=""/>
  <member type="way" ref="361256298" role=""/>
  <member type="way" ref="32083750" role=""/>
  <member type="way" ref="793339796" role=""/>
  <member type="way" ref="1353702131" role=""/>
  <member type="way" ref="1353702132" role=""/>
  <member type="way" ref="146474893" role=""/>
  <member type="way" ref="1203860658" role=""/>
  <member type="way" ref="549231957" role=""/>
  <member type="way" ref="579562700" role=""/>
  <member type="way" ref="793340171" role=""/>
  <member type="way" ref="793340170" role=""/>
  <member type="way" ref="358391208" role=""/>
  <member type="way" ref="32083506" role=""/>
  <member type="way" ref="804059664" role=""/>
  <member type="way" ref="804059663" role=""/>
  <member type="way" ref="32083515" role=""/>
  <member type="way" ref="186159874" role=""/>
  <member type="way" ref="768970605" role=""/>
  <member type="way" ref="899861032" role=""/>
  <member type="way" ref="768970604" role=""/>
  <member type="way" ref="186159868" role=""/>
  <member type="way" ref="899861031" role=""/>
  <member type="way" ref="328679915" role=""/>
  <member type="way" ref="1158489264" role=""/>
  <member type="way" ref="328679916" role=""/>
  <member type="way" ref="553887792" role=""/>
  <member type="way" ref="553887793" role=""/>
  <member type="way" ref="32083311" role=""/>
  <member type="way" ref="32083309" role=""/>
  <member type="way" ref="1413610384" role=""/>
  <member type="way" ref="185601432" role=""/>
  <member type="way" ref="1081562670" role=""/>
  <member type="way" ref="1081562671" role=""/>
  <member type="way" ref="186159871" role=""/>
  <member type="way" ref="185930141" role=""/>
  <member type="way" ref="1204101794" role=""/>
  <member type="way" ref="1204101795" role=""/>
  <member type="way" ref="992375752" role=""/>
  <member type="way" ref="992375751" role=""/>
  <member type="way" ref="1204094013" role=""/>
  <member type="way" ref="1204094011" role=""/>
  <member type="way" ref="1204094012" role=""/>
  <member type="way" ref="185930139" role=""/>
  <member type="way" ref="185940147" role=""/>
  <member type="way" ref="185940148" role=""/>
  <member type="way" ref="92878386" role=""/>
  <member type="way" ref="1346116084" role=""/>
  <member type="way" ref="92878390" role=""/>
  <member type="way" ref="1346116078" role=""/>
  <member type="way" ref="134990036" role=""/>
  <member type="way" ref="134990040" role=""/>
  <member type="way" ref="1204138096" role=""/>
  <member type="way" ref="758515407" role=""/>
  <member type="way" ref="758515410" role=""/>
  <member type="way" ref="134990038" role=""/>
  <member type="way" ref="134990037" role=""/>
  <member type="way" ref="23434164" role=""/>
  <member type="way" ref="549232953" role=""/>
  <member type="way" ref="32425220" role=""/>
  <member type="way" ref="32425218" role=""/>
  <member type="way" ref="1341830394" role=""/>
  <member type="way" ref="186159878" role=""/>
  <member type="way" ref="186159877" role=""/>
  <member type="way" ref="202821663" role=""/>
  <member type="way" ref="186159867" role=""/>
  <member type="way" ref="1454610909" role=""/>
  <member type="way" ref="1454610907" role=""/>
  <member type="way" ref="32460920" role=""/>
  <member type="way" ref="32460921" role=""/>
  <member type="way" ref="28738734" role=""/>
  <member type="way" ref="28755276" role=""/>
  <member type="way" ref="186159872" role=""/>
  <member type="way" ref="813772517" role=""/>
  <member type="way" ref="186159869" role=""/>
  <member type="way" ref="186159873" role=""/>
  <member type="way" ref="661080640" role=""/>
  <member type="way" ref="752875306" role=""/>
  <member type="way" ref="30763758" role=""/>
  <member type="way" ref="579565228" role=""/>
  <member type="way" ref="202829212" role=""/>
  <member type="way" ref="1059391556" role=""/>
  <member type="way" ref="363162262" role=""/>
  <member type="way" ref="109698174" role=""/>
  <member type="way" ref="109698171" role=""/>
  <member type="way" ref="352828086" role=""/>
  <member type="way" ref="145387036" role=""/>
  <member type="way" ref="4705406" role=""/>
  <member type="way" ref="4705405" role=""/>
  <member type="way" ref="202829214" role=""/>
  <member type="way" ref="352828085" role=""/>
  <member type="way" ref="352828087" role=""/>
  <member type="way" ref="144849448" role=""/>
  <member type="way" ref="145387037" role=""/>
  <member type="way" ref="759531857" role=""/>
  <member type="way" ref="835663497" role=""/>
  <member type="way" ref="835663496" role=""/>
  <member type="way" ref="770271044" role=""/>
  <member type="way" ref="770271043" role=""/>
  <member type="way" ref="770271047" role=""/>
  <member type="way" ref="770271046" role=""/>
  <member type="way" ref="759531856" role=""/>
  <member type="way" ref="846268473" role=""/>
  <member type="way" ref="846268472" role=""/>
  <member type="way" ref="363162261" role=""/>
  <member type="way" ref="937511845" role=""/>
  <member type="way" ref="937511844" role=""/>
  <member type="way" ref="352828084" role=""/>
  <member type="way" ref="894211867" role=""/>
  <member type="way" ref="352828080" role=""/>
  <member type="way" ref="777425530" role=""/>
  <member type="way" ref="777425529" role=""/>
  <member type="way" ref="352828088" role=""/>
  <member type="way" ref="1059391558" role=""/>
  <member type="way" ref="39467239" role=""/>
  <member type="way" ref="39467399" role=""/>
  <member type="way" ref="39467411" role=""/>
  <member type="way" ref="1059222210" role=""/>
  <member type="way" ref="39467213" role=""/>
  <member type="way" ref="848050810" role=""/>
  <member type="way" ref="962211845" role=""/>
  <member type="way" ref="848050808" role=""/>
  <member type="way" ref="848050809" role=""/>
  <member type="way" ref="742377816" role=""/>
  <member type="way" ref="140627009" role=""/>
  <member type="way" ref="39422982" role=""/>
  <member type="way" ref="39423009" role=""/>
  <member type="way" ref="39423007" role=""/>
  <member type="way" ref="39422984" role=""/>
  <member type="way" ref="273520547" role=""/>
  <member type="way" ref="140627007" role=""/>
  <member type="way" ref="39422951" role=""/>
  <member type="way" ref="992366056" role=""/>
  <member type="way" ref="992366059" role=""/>
  <member type="way" ref="1328203416" role=""/>
  <member type="way" ref="140627006" role=""/>
  <member type="way" ref="1059222200" role=""/>
  <member type="way" ref="34900391" role=""/>
  <member type="way" ref="423879733" role=""/>
  <member type="way" ref="992366043" role=""/>
  <member type="way" ref="202828126" role=""/>
  <member type="way" ref="1328521565" role=""/>
  <member type="way" ref="127195174" role=""/>
  <member type="way" ref="1328521564" role=""/>
  <member type="way" ref="1425401890" role=""/>
  <member type="way" ref="191348741" role=""/>
  <member type="way" ref="34900395" role=""/>
  <member type="way" ref="39422933" role=""/>
  <member type="way" ref="408369532" role=""/>
  <member type="way" ref="26551515" role=""/>
  <member type="way" ref="1059222203" role=""/>
  <member type="way" ref="159269890" role=""/>
  <member type="way" ref="992366063" role=""/>
  <member type="way" ref="992366062" role=""/>
  <member type="way" ref="1132480048" role=""/>
  <member type="way" ref="992366072" role=""/>
  <member type="way" ref="827151980" role=""/>
  <member type="way" ref="1006877773" role=""/>
  <member type="way" ref="760705768" role=""/>
  <member type="way" ref="761573561" role=""/>
  <member type="way" ref="760705750" role=""/>
  <member type="way" ref="760705747" role=""/>
  <member type="way" ref="761573563" role=""/>
  <member type="way" ref="827151982" role=""/>
  <member type="way" ref="1006877772" role=""/>
  <member type="way" ref="69546249" role=""/>
  <member type="way" ref="992366071" role=""/>
  <member type="way" ref="992366064" role=""/>
  <member type="way" ref="69546248" role=""/>
  <member type="way" ref="126468231" role=""/>
  <member type="way" ref="42746122" role=""/>
  <member type="way" ref="42746120" role=""/>
  <member type="way" ref="126468233" role=""/>
  <member type="way" ref="42746093" role=""/>
  <member type="way" ref="42746094" role=""/>
  <member type="way" ref="1235463995" role=""/>
  <member type="way" ref="1205468527" role=""/>
  <member type="way" ref="26745664" role=""/>
  <member type="way" ref="128955663" role=""/>
  <member type="way" ref="191348740" role=""/>
  <member type="way" ref="31405574" role=""/>
  <member type="way" ref="1203983813" role=""/>
  <member type="way" ref="1203983812" role=""/>
  <member type="way" ref="1203983814" role=""/>
  <member type="way" ref="31405591" role=""/>
  <member type="way" ref="129171833" role=""/>
  <member type="way" ref="42746397" role=""/>
  <member type="way" ref="894548224" role=""/>
  <member type="way" ref="141459502" role=""/>
  <member type="way" ref="26300202" role=""/>
  <member type="way" ref="25525207" role=""/>
  <member type="way" ref="1220413528" role=""/>
  <member type="way" ref="25589173" role=""/>
  <member type="way" ref="56722769" role=""/>
  <member type="way" ref="35980616" role=""/>
  <member type="way" ref="253928691" role=""/>
  <member type="way" ref="253928690" role=""/>
  <member type="way" ref="35980615" role=""/>
  <member type="way" ref="113922127" role=""/>
  <member type="way" ref="1127638081" role=""/>
  <member type="way" ref="1354525230" role=""/>
  <member type="way" ref="31152891" role=""/>
  <member type="way" ref="31152889" role=""/>
  <member type="way" ref="388456541" role=""/>
  <member type="way" ref="1466274413" role=""/>
  <member type="way" ref="388456540" role=""/>
  <member type="way" ref="874968480" role=""/>
  <member type="way" ref="1383918738" role=""/>
  <member type="way" ref="1476838600" role=""/>
  <member type="way" ref="1476838595" role=""/>
  <member type="way" ref="1476838599" role=""/>
  <member type="way" ref="1476838596" role=""/>
  <member type="way" ref="1348683581" role=""/>
  <member type="way" ref="874968481" role=""/>
  <member type="way" ref="1194603828" role=""/>
  <member type="way" ref="1253472698" role=""/>
  <member type="way" ref="238180742" role=""/>
  <member type="way" ref="111504433" role=""/>
  <member type="way" ref="38560223" role=""/>
  <member type="way" ref="156751479" role=""/>
  <member type="way" ref="38560196" role=""/>
  <member type="way" ref="942753041" role=""/>
  <member type="way" ref="942753056" role=""/>
  <member type="way" ref="942753040" role=""/>
  <member type="way" ref="942753055" role=""/>
  <member type="way" ref="746829432" role=""/>
  <member type="way" ref="1232688320" role=""/>
  <member type="way" ref="1232688319" role=""/>
  <member type="way" ref="238180919" role=""/>
  <member type="way" ref="942753042" role=""/>
  <member type="way" ref="942753043" role=""/>
  <member type="way" ref="252439919" role=""/>
  <member type="way" ref="252439920" role=""/>
  <member type="way" ref="762781245" role=""/>
  <member type="way" ref="1235139729" role=""/>
  <member type="way" ref="289347794" role=""/>
  <member type="way" ref="762781244" role=""/>
  <member type="way" ref="1194603827" role=""/>
  <member type="way" ref="289347793" role=""/>
  <member type="way" ref="31153157" role=""/>
  <member type="way" ref="31153155" role=""/>
  <member type="way" ref="333980736" role=""/>
  <member type="way" ref="921119831" role=""/>
  <member type="way" ref="921119835" role=""/>
  <member type="way" ref="31152848" role=""/>
  <member type="way" ref="750697337" role=""/>
  <member type="way" ref="750697338" role=""/>
  <member type="way" ref="29419785" role=""/>
  <member type="way" ref="31153221" role=""/>
  <member type="way" ref="118326486" role=""/>
  <member type="way" ref="118326476" role=""/>
  <member type="way" ref="760451121" role=""/>
  <member type="way" ref="31153220" role=""/>
  <member type="way" ref="760451122" role=""/>
  <member type="way" ref="659960877" role=""/>
  <member type="way" ref="1039018260" role=""/>
  <member type="way" ref="659960876" role=""/>
  <member type="way" ref="659960875" role=""/>
  <member type="way" ref="1039018261" role=""/>
  <member type="way" ref="31153326" role=""/>
  <member type="way" ref="333980735" role=""/>
  <member type="way" ref="31153325" role=""/>
  <member type="way" ref="29170178" role=""/>
  <member type="way" ref="243252231" role=""/>
  <member type="way" ref="243252233" role=""/>
  <member type="way" ref="31336073" role=""/>
  <member type="way" ref="31153447" role=""/>
  <member type="way" ref="297163438" role=""/>
  <member type="way" ref="914256582" role=""/>
  <member type="way" ref="297163439" role=""/>
  <member type="way" ref="680626018" role=""/>
  <member type="way" ref="680626017" role=""/>
  <member type="way" ref="118422777" role=""/>
  <member type="way" ref="760451128" role=""/>
  <member type="way" ref="760451127" role=""/>
  <member type="way" ref="38660034" role=""/>
  <member type="way" ref="38660035" role=""/>
  <member type="way" ref="760451129" role=""/>
  <member type="way" ref="314947466" role=""/>
  <member type="way" ref="31336082" role=""/>
  <member type="way" ref="31336084" role=""/>
  <member type="way" ref="319961507" role=""/>
  <member type="way" ref="31343116" role=""/>
  <member type="way" ref="31343120" role=""/>
  <member type="way" ref="1006877758" role=""/>
  <member type="way" ref="420000953" role=""/>
  <member type="way" ref="31343215" role=""/>
  <member type="way" ref="420000952" role=""/>
  <member type="way" ref="145387035" role=""/>
  <member type="way" ref="363149713" role=""/>
  <member type="way" ref="145387032" role=""/>
  <member type="way" ref="363149703" role=""/>
  <member type="way" ref="760681719" role=""/>
  <member type="way" ref="892499639" role=""/>
  <member type="way" ref="725414417" role=""/>
  <member type="way" ref="232671029" role=""/>
  <member type="way" ref="232671028" role=""/>
  <member type="way" ref="242456925" role=""/>
  <member type="way" ref="242456923" role=""/>
  <member type="way" ref="31153636" role=""/>
  <member type="way" ref="31153637" role=""/>
  <member type="way" ref="776403798" role=""/>
  <member type="way" ref="228098211" role=""/>
  <member type="way" ref="662786753" role=""/>
  <member type="way" ref="760688240" role=""/>
  <member type="way" ref="228098214" role=""/>
  <member type="way" ref="684693323" role=""/>
  <member type="way" ref="725414430" role=""/>
  <member type="way" ref="31153652" role=""/>
  <member type="way" ref="31153654" role=""/>
  <member type="way" ref="671028102" role=""/>
  <member type="way" ref="293682332" role=""/>
  <member type="way" ref="293682336" role=""/>
  <member type="way" ref="671028101" role=""/>
  <member type="way" ref="776403792" role=""/>
  <member type="way" ref="118540647" role=""/>
  <member type="way" ref="1131306948" role=""/>
  <member type="way" ref="776403793" role=""/>
  <member type="way" ref="725414415" role=""/>
  <member type="way" ref="725414414" role=""/>
  <member type="way" ref="118540620" role=""/>
  <member type="way" ref="760688237" role=""/>
  <member type="way" ref="243034214" role=""/>
  <member type="way" ref="1131306950" role=""/>
  <member type="way" ref="725414416" role=""/>
  <member type="way" ref="243034213" role=""/>
  <member type="way" ref="149725346" role=""/>
  <member type="way" ref="149725347" role=""/>
  <member type="way" ref="762781247" role=""/>
  <member type="way" ref="31999807" role=""/>
  <member type="way" ref="921105730" role=""/>
  <member type="way" ref="901441501" role=""/>
  <member type="way" ref="845251065" role=""/>
  <member type="way" ref="902501039" role=""/>
  <member type="way" ref="845251064" role=""/>
  <member type="way" ref="872188532" role=""/>
  <member type="way" ref="872188531" role=""/>
  <member type="way" ref="1006877803" role=""/>
  <member type="way" ref="845251067" role=""/>
  <member type="way" ref="813743083" role=""/>
  <member type="way" ref="763589717" role=""/>
  <member type="way" ref="763589719" role=""/>
  <member type="way" ref="763589718" role=""/>
  <member type="way" ref="902151356" role=""/>
  <member type="way" ref="763589720" role=""/>
  <member type="way" ref="902151346" role=""/>
  <member type="way" ref="1107040625" role=""/>
  <member type="way" ref="4705362" role=""/>
  <member type="way" ref="150619171" role=""/>
  <member type="way" ref="901942539" role=""/>
  <member type="way" ref="923021083" role=""/>
  <member type="way" ref="150619173" role=""/>
  <member type="way" ref="901944909" role=""/>
  <member type="way" ref="901942538" role=""/>
  <member type="way" ref="845251055" role=""/>
  <member type="way" ref="232552075" role=""/>
  <member type="way" ref="232552074" role=""/>
  <member type="way" ref="4705363" role=""/>
  <member type="way" ref="983605438" role=""/>
  <member type="way" ref="732770594" role=""/>
  <member type="way" ref="983605437" role=""/>
  <member type="way" ref="845251057" role=""/>
  <member type="way" ref="983605440" role=""/>
  <member type="way" ref="845251056" role=""/>
  <member type="way" ref="983605441" role=""/>
  <member type="way" ref="845251052" role=""/>
  <member type="way" ref="845251037" role=""/>
  <member type="way" ref="845251051" role=""/>
  <member type="way" ref="732770593" role=""/>
  <member type="way" ref="845251042" role=""/>
  <member type="way" ref="149340254" role=""/>
  <member type="way" ref="845251043" role=""/>
  <member type="way" ref="149340253" role=""/>
  <member type="way" ref="572818383" role=""/>
  <member type="way" ref="845251045" role=""/>
  <member type="way" ref="845251044" role=""/>
  <member type="way" ref="845251050" role=""/>
  <member type="way" ref="845251049" role=""/>
  <member type="way" ref="572818382" role=""/>
  <member type="way" ref="845251053" role=""/>
  <member type="way" ref="845251054" role=""/>
  <member type="way" ref="845251048" role=""/>
  <member type="way" ref="845251041" role=""/>
  <member type="way" ref="845251040" role=""/>
  <member type="way" ref="845251039" role=""/>
  <member type="way" ref="4705365" role=""/>
  <member type="way" ref="845251038" role=""/>
  <member type="way" ref="760474625" role=""/>
  <member type="way" ref="4705366" role=""/>
  <member type="way" ref="681070334" role=""/>
  <member type="way" ref="681070335" role=""/>
  <member type="way" ref="681070336" role=""/>
  <member type="way" ref="4705367" role=""/>
  <member type="way" ref="681070339" role=""/>
  <member type="way" ref="4705368" role=""/>
  <member type="way" ref="4705369" role=""/>
  <member type="way" ref="1194602380" role=""/>
  <member type="way" ref="760474627" role=""/>
  <member type="way" ref="572807530" role=""/>
  <member type="way" ref="572807531" role=""/>
  <member type="way" ref="5135843" role=""/>
  <member type="way" ref="1288225616" role=""/>
  <member type="way" ref="1288225617" role=""/>
  <member type="way" ref="31373697" role=""/>
  <member type="way" ref="5135849" role=""/>
  <member type="way" ref="5135848" role=""/>
  <member type="way" ref="237011937" role=""/>
  <member type="way" ref="237011936" role=""/>
  <member type="way" ref="998063005" role=""/>
  <member type="way" ref="998063006" role=""/>
  <member type="way" ref="237010790" role=""/>
  <member type="way" ref="237010787" role=""/>
  <member type="way" ref="237010789" role=""/>
  <member type="way" ref="237010788" role=""/>
  <member type="way" ref="200255595" role=""/>
  <member type="way" ref="1388947075" role=""/>
  <member type="way" ref="200255596" role=""/>
  <member type="way" ref="1388947076" role=""/>
  <member type="way" ref="1388947063" role=""/>
  <member type="way" ref="249521818" role=""/>
  <member type="way" ref="249521819" role=""/>
  <member type="way" ref="1388947074" role=""/>
  <member type="way" ref="242044343" role=""/>
  <member type="way" ref="242044342" role=""/>
  <member type="way" ref="965047914" role=""/>
  <member type="way" ref="249521030" role=""/>
  <member type="way" ref="249521031" role=""/>
  <member type="way" ref="249520436" role=""/>
  <member type="way" ref="1006877767" role=""/>
  <member type="way" ref="249520435" role=""/>
  <member type="way" ref="965338640" role=""/>
  <member type="way" ref="965338642" role=""/>
  <member type="way" ref="835074773" role=""/>
  <member type="way" ref="183704871" role=""/>
  <member type="way" ref="1363429697" role=""/>
  <member type="way" ref="241780253" role=""/>
  <member type="way" ref="834757260" role=""/>
  <member type="way" ref="1223738281" role=""/>
  <member type="way" ref="1223738291" role=""/>
  <member type="way" ref="241780254" role=""/>
  <member type="way" ref="834757261" role=""/>
  <member type="way" ref="1006877766" role=""/>
  <member type="way" ref="965338638" role=""/>
  <member type="way" ref="834757262" role=""/>
  <member type="way" ref="587255505" role=""/>
  <member type="way" ref="587255500" role=""/>
  <member type="way" ref="965047913" role=""/>
  <member type="way" ref="786410840" role=""/>
  <member type="way" ref="786410841" role=""/>
  <member type="way" ref="786410842" role=""/>
  <member type="way" ref="786410843" role=""/>
  <member type="way" ref="786410835" role=""/>
  <member type="way" ref="786410836" role=""/>
  <member type="way" ref="587249347" role=""/>
  <member type="way" ref="587249348" role=""/>
  <member type="way" ref="845251017" role=""/>
  <member type="way" ref="617914300" role=""/>
  <member type="way" ref="845251016" role=""/>
  <member type="way" ref="768048799" role=""/>
  <member type="way" ref="768048800" role=""/>
  <member type="way" ref="617914299" role=""/>
  <member type="way" ref="1006877761" role=""/>
  <member type="way" ref="751228589" role=""/>
  <member type="way" ref="990853542" role=""/>
  <member type="way" ref="751228587" role=""/>
  <member type="way" ref="845251015" role=""/>
  <member type="way" ref="1006877762" role=""/>
  <member type="way" ref="328124964" role=""/>
  <member type="way" ref="326173593" role=""/>
  <member type="way" ref="845251025" role=""/>
  <member type="way" ref="751228588" role=""/>
  <member type="way" ref="769916317" role=""/>
  <member type="way" ref="845251026" role=""/>
  <member type="way" ref="617525174" role=""/>
  <member type="way" ref="845251027" role=""/>
  <member type="way" ref="751228590" role=""/>
  <member type="way" ref="966079865" role=""/>
  <member type="way" ref="966079866" role=""/>
  <member type="way" ref="845251021" role=""/>
  <member type="way" ref="617525173" role=""/>
  <member type="way" ref="845251020" role=""/>
  <member type="way" ref="845251019" role=""/>
  <member type="way" ref="845251013" role=""/>
  <member type="way" ref="845251012" role=""/>
  <member type="way" ref="845251011" role=""/>
  <member type="way" ref="845251010" role=""/>
  <member type="way" ref="572853091" role=""/>
  <member type="way" ref="1006877760" role=""/>
  <member type="way" ref="680818340" role=""/>
  <member type="way" ref="680817447" role=""/>
  <member type="way" ref="572853098" role=""/>
  <member type="way" ref="845251008" role=""/>
  <member type="way" ref="845251009" role=""/>
  <member type="way" ref="680817042" role=""/>
  <member type="way" ref="680817041" role=""/>
  <member type="way" ref="680817033" role=""/>
  <member type="way" ref="680817035" role=""/>
  <member type="way" ref="680817034" role=""/>
  <member type="way" ref="241780252" role=""/>
  <member type="way" ref="680261301" role=""/>
  <member type="way" ref="680261302" role=""/>
  <member type="way" ref="845251006" role=""/>
  <member type="way" ref="680260841" role=""/>
  <member type="way" ref="845251005" role=""/>
  <member type="way" ref="762997786" role=""/>
  <member type="way" ref="763000722" role=""/>
  <member type="way" ref="762997785" role=""/>
  <member type="way" ref="566560936" role=""/>
  <member type="way" ref="566560933" role=""/>
  <member type="way" ref="48817975" role=""/>
  <member type="way" ref="619302121" role=""/>
  <member type="way" ref="619302116" role=""/>
  <member type="way" ref="281560880" role=""/>
  <member type="way" ref="756801417" role=""/>
  <member type="way" ref="756801418" role=""/>
  <member type="way" ref="281560882" role=""/>
  <member type="way" ref="281560879" role=""/>
  <member type="way" ref="281560878" role=""/>
  <member type="way" ref="218209298" role=""/>
  <member type="way" ref="218209300" role=""/>
  <member type="way" ref="284892527" role=""/>
  <member type="way" ref="284892526" role=""/>
  <member type="way" ref="281558909" role=""/>
  <member type="way" ref="281558944" role=""/>
  <member type="way" ref="281558911" role=""/>
  <member type="way" ref="281558954" role=""/>
  <member type="way" ref="307961713" role=""/>
  <member type="way" ref="307961716" role=""/>
  <member type="way" ref="307961714" role=""/>
  <member type="way" ref="307961717" role=""/>
  <member type="way" ref="281558914" role=""/>
  <member type="way" ref="281558891" role=""/>
  <member type="way" ref="619942741" role=""/>
  <member type="way" ref="619942742" role=""/>
  <member type="way" ref="281558902" role=""/>
  <member type="way" ref="281558919" role=""/>
  <member type="way" ref="619961970" role=""/>
  <member type="way" ref="619961971" role=""/>
  <member type="way" ref="619977769" role=""/>
  <member type="way" ref="619977768" role=""/>
  <member type="way" ref="619979192" role=""/>
  <member type="way" ref="619979191" role=""/>
  <member type="way" ref="301616227" role=""/>
  <member type="way" ref="301616224" role=""/>
  <member type="way" ref="301616220" role=""/>
  <member type="way" ref="756452274" role=""/>
  <member type="way" ref="756452275" role=""/>
  <member type="way" ref="307961712" role=""/>
  <member type="way" ref="307961711" role=""/>
  <member type="way" ref="620991131" role=""/>
  <member type="way" ref="620991134" role=""/>
  <member type="way" ref="620992610" role=""/>
  <member type="way" ref="620992611" role=""/>
  <member type="way" ref="620992613" role=""/>
  <member type="way" ref="620992614" role=""/>
  <member type="way" ref="620993737" role=""/>
  <member type="way" ref="620993736" role=""/>
  <member type="way" ref="301616226" role=""/>
  <member type="way" ref="301616219" role=""/>
  <member type="way" ref="301616222" role=""/>
  <member type="way" ref="301616221" role=""/>
  <member type="way" ref="49176176" role=""/>
  <member type="way" ref="281558905" role=""/>
  <member type="way" ref="281558882" role=""/>
  <member type="way" ref="307961715" role=""/>
  <member type="way" ref="307961718" role=""/>
  <member type="way" ref="312909714" role=""/>
  <member type="way" ref="907626153" role=""/>
  <member type="way" ref="907626152" role=""/>
  <member type="way" ref="312909715" role=""/>
  <member type="way" ref="240154510" role=""/>
  <member type="way" ref="622562684" role=""/>
  <member type="way" ref="622562686" role=""/>
  <member type="way" ref="242731775" role=""/>
  <member type="way" ref="242731778" role=""/>
  <member type="way" ref="623591540" role=""/>
  <member type="way" ref="623591541" role=""/>
  <member type="way" ref="241511204" role=""/>
  <member type="way" ref="242250653" role=""/>
  <member type="way" ref="762999365" role=""/>
  <member type="way" ref="903795534" role=""/>
  <member type="way" ref="573560014" role=""/>
  <member type="way" ref="762999677" role=""/>
  <member type="way" ref="762999676" role=""/>
  <member type="way" ref="573560013" role=""/>
  <member type="way" ref="242250656" role=""/>
  <member type="way" ref="905748190" role=""/>
  <member type="way" ref="905748189" role=""/>
  <member type="way" ref="756424581" role=""/>
  <member type="way" ref="1034047433" role=""/>
  <member type="way" ref="908698744" role=""/>
  <member type="way" ref="908698743" role=""/>
  <member type="way" ref="595947080" role=""/>
  <member type="way" ref="595947079" role=""/>
  <member type="way" ref="626315814" role=""/>
  <member type="way" ref="626315813" role=""/>
  <member type="way" ref="626316513" role=""/>
  <member type="way" ref="626316515" role=""/>
  <member type="way" ref="626316524" role=""/>
  <member type="way" ref="626316516" role=""/>
  <member type="way" ref="626318652" role=""/>
  <member type="way" ref="626318653" role=""/>
  <member type="way" ref="626318656" role=""/>
  <member type="way" ref="626318657" role=""/>
  <member type="way" ref="908359078" role=""/>
  <member type="way" ref="908359077" role=""/>
  <member type="way" ref="626319698" role=""/>
  <member type="way" ref="908616802" role=""/>
  <member type="way" ref="908616801" role=""/>
  <member type="way" ref="626319699" role=""/>
  <member type="way" ref="908692456" role=""/>
  <member type="way" ref="908692455" role=""/>
  <member type="way" ref="881939920" role=""/>
  <member type="way" ref="39029682" role=""/>
  <member type="way" ref="957725136" role=""/>
  <member type="way" ref="957725135" role=""/>
  <member type="way" ref="613957536" role=""/>
  <member type="way" ref="613957537" role=""/>
  <member type="way" ref="613959523" role=""/>
  <member type="way" ref="613959522" role=""/>
  <member type="way" ref="613959524" role=""/>
  <member type="way" ref="613959525" role=""/>
  <member type="way" ref="613959527" role=""/>
  <member type="way" ref="613959526" role=""/>
  <member type="way" ref="613961162" role=""/>
  <member type="way" ref="613961163" role=""/>
  <member type="way" ref="613961612" role=""/>
  <member type="way" ref="613961611" role=""/>
  <member type="way" ref="39031930" role=""/>
  <member type="way" ref="816376194" role=""/>
  <member type="way" ref="816376193" role=""/>
  <member type="way" ref="613961977" role=""/>
  <member type="way" ref="613961978" role=""/>
  <member type="way" ref="613978577" role=""/>
  <member type="way" ref="613978578" role=""/>
  <member type="way" ref="613978579" role=""/>
  <member type="way" ref="613978580" role=""/>
  <member type="way" ref="39032315" role=""/>
  <member type="way" ref="613980730" role=""/>
  <member type="way" ref="613980731" role=""/>
  <member type="way" ref="613980732" role=""/>
  <member type="way" ref="613980733" role=""/>
  <member type="way" ref="613982204" role=""/>
  <member type="way" ref="613982205" role=""/>
  <member type="way" ref="39033176" role=""/>
  <member type="way" ref="613982206" role=""/>
  <member type="way" ref="816376196" role=""/>
  <member type="way" ref="816376195" role=""/>
  <member type="way" ref="613982207" role=""/>
  <member type="way" ref="613591713" role=""/>
  <member type="way" ref="613591714" role=""/>
  <member type="way" ref="39034470" role=""/>
  <member type="way" ref="613313672" role=""/>
  <member type="way" ref="613313671" role=""/>
  <member type="way" ref="613313678" role=""/>
  <member type="way" ref="613313674" role=""/>
  <member type="way" ref="816376241" role=""/>
  <member type="way" ref="816376242" role=""/>
  <member type="way" ref="614173683" role=""/>
  <member type="way" ref="614173684" role=""/>
  <member type="way" ref="816376239" role=""/>
  <member type="way" ref="816376240" role=""/>
  <member type="way" ref="614173686" role=""/>
  <member type="way" ref="614173685" role=""/>
  <member type="way" ref="274214789" role=""/>
  <member type="way" ref="866376750" role=""/>
  <member type="way" ref="866376737" role=""/>
  <member type="way" ref="866376744" role=""/>
  <member type="way" ref="866361866" role=""/>
  <member type="way" ref="866361852" role=""/>
  <member type="way" ref="866361874" role=""/>
  <member type="way" ref="431078650" role=""/>
  <member type="way" ref="31373703" role=""/>
  <member type="way" ref="867786105" role=""/>
  <member type="way" ref="431082545" role=""/>
  <member type="way" ref="867785404" role=""/>
  <member type="way" ref="431082546" role=""/>
  <member type="way" ref="867765938" role=""/>
  <member type="way" ref="867765901" role=""/>
  <member type="way" ref="867765934" role=""/>
  <member type="way" ref="614178130" role=""/>
  <member type="way" ref="614178131" role=""/>
  <member type="way" ref="614178132" role=""/>
  <member type="way" ref="614178133" role=""/>
  <member type="way" ref="431107638" role=""/>
  <member type="way" ref="431107637" role=""/>
  <member type="way" ref="342874637" role=""/>
  <member type="way" ref="1053960489" role=""/>
  <member type="way" ref="615699645" role=""/>
  <member type="way" ref="615699646" role=""/>
  <member type="way" ref="431110940" role=""/>
  <member type="way" ref="431110942" role=""/>
  <member type="way" ref="274214788" role=""/>
  <member type="way" ref="274214787" role=""/>
  <member type="way" ref="615699648" role=""/>
  <member type="way" ref="615699647" role=""/>
  <member type="way" ref="47655097" role=""/>
  <member type="way" ref="832147893" role=""/>
  <member type="way" ref="832147894" role=""/>
  <member type="way" ref="1155923203" role=""/>
  <member type="way" ref="1155923213" role=""/>
  <member type="way" ref="40118072" role=""/>
  <member type="way" ref="273944198" role=""/>
  <member type="way" ref="1155923210" role=""/>
  <member type="way" ref="1155923218" role=""/>
  <member type="way" ref="616064758" role=""/>
  <member type="way" ref="616064759" role=""/>
  <member type="way" ref="1155923194" role=""/>
  <member type="way" ref="1224691635" role=""/>
  <member type="way" ref="1224691636" role=""/>
  <member type="way" ref="40117916" role=""/>
  <member type="way" ref="1053960481" role=""/>
  <member type="way" ref="769916313" role=""/>
  <member type="way" ref="1053960475" role=""/>
  <member type="way" ref="40117911" role=""/>
  <member type="way" ref="30518284" role=""/>
  <member type="way" ref="30518287" role=""/>
  <member type="way" ref="760083144" role=""/>
  <member type="way" ref="959623251" role=""/>
  <member type="way" ref="252222643" role=""/>
  <member type="way" ref="700454449" role=""/>
  <member type="way" ref="760083152" role=""/>
  <member type="way" ref="760083151" role=""/>
  <member type="way" ref="767876206" role=""/>
  <member type="way" ref="252222640" role=""/>
  <member type="way" ref="1465244991" role=""/>
  <member type="way" ref="1465244988" role=""/>
  <member type="way" ref="1465244990" role=""/>
  <member type="way" ref="238039993" role=""/>
  <member type="way" ref="252221727" role=""/>
  <member type="way" ref="721779678" role=""/>
  <member type="way" ref="721779676" role=""/>
  <member type="way" ref="252223487" role=""/>
  <member type="way" ref="760083147" role=""/>
  <member type="way" ref="760083145" role=""/>
  <member type="way" ref="760083146" role=""/>
  <member type="way" ref="760083149" role=""/>
  <member type="way" ref="760083148" role=""/>
  <member type="way" ref="760083143" role=""/>
  <member type="way" ref="760083142" role=""/>
  <member type="way" ref="241595632" role=""/>
  <member type="way" ref="760083154" role=""/>
  <member type="way" ref="760083153" role=""/>
  <member type="way" ref="252222954" role=""/>
  <member type="way" ref="252222953" role=""/>
  <member type="way" ref="760083138" role=""/>
  <member type="way" ref="769916315" role=""/>
  <member type="way" ref="238038899" role=""/>
  <member type="way" ref="793410140" role=""/>
  <member type="way" ref="793410139" role=""/>
  <member type="way" ref="760083141" role=""/>
  <member type="way" ref="760083139" role=""/>
  <member type="way" ref="760083140" role=""/>
  <member type="way" ref="49062074" role=""/>
  <member type="way" ref="729761376" role=""/>
  <member type="way" ref="729761375" role=""/>
  <member type="way" ref="780355937" role=""/>
  <member type="way" ref="780355936" role=""/>
  <member type="way" ref="775131926" role=""/>
  <member type="way" ref="1008256266" role=""/>
  <member type="way" ref="168701562" role=""/>
  <member type="way" ref="1008256264" role=""/>
  <member type="way" ref="763002025" role=""/>
  <member type="way" ref="998303690" role=""/>
  <member type="way" ref="998303691" role=""/>
  <member type="way" ref="998303681" role=""/>
  <member type="way" ref="729759078" role=""/>
  <member type="way" ref="763002024" role=""/>
  <member type="way" ref="729759088" role=""/>
  <member type="way" ref="836665489" role=""/>
  <member type="way" ref="836665486" role=""/>
  <member type="way" ref="729759087" role=""/>
  <member type="way" ref="617767846" role=""/>
  <member type="way" ref="617767847" role=""/>
  <member type="way" ref="1328040075" role=""/>
  <member type="way" ref="1328040079" role=""/>
  <member type="way" ref="272595408" role=""/>
  <member type="way" ref="168701546" role=""/>
  <member type="way" ref="836244666" role=""/>
  <member type="way" ref="168701545" role=""/>
  <member type="way" ref="730047889" role=""/>
  <member type="way" ref="730047890" role=""/>
  <member type="way" ref="867694234" role=""/>
  <member type="way" ref="617644131" role=""/>
  <member type="way" ref="835943602" role=""/>
  <member type="way" ref="767876203" role=""/>
  <member type="way" ref="617644132" role=""/>
  <member type="way" ref="346123209" role=""/>
  <member type="way" ref="346123207" role=""/>
  <member type="way" ref="835888612" role=""/>
  <member type="way" ref="835888618" role=""/>
  <member type="way" ref="835888614" role=""/>
  <member type="way" ref="790948690" role=""/>
  <member type="way" ref="835888619" role=""/>
  <member type="way" ref="768091001" role=""/>
  <member type="way" ref="835888613" role=""/>
  <member type="way" ref="336318544" role=""/>
  <member type="way" ref="346123210" role=""/>
  <member type="way" ref="346123208" role=""/>
  <member type="way" ref="835888616" role=""/>
  <member type="way" ref="617641521" role=""/>
  <member type="way" ref="835943642" role=""/>
  <member type="way" ref="617641524" role=""/>
  <member type="way" ref="39041845" role=""/>
  <member type="way" ref="336306684" role=""/>
  <member type="way" ref="336306682" role=""/>
  <member type="way" ref="40117816" role=""/>
  <member type="way" ref="40117821" role=""/>
  <member type="way" ref="661356143" role=""/>
  <member type="way" ref="661356144" role=""/>
  <member type="way" ref="905707754" role=""/>
  <member type="way" ref="905707757" role=""/>
  <member type="way" ref="1127746948" role=""/>
  <member type="way" ref="301612767" role=""/>
  <member type="way" ref="301612765" role=""/>
  <member type="way" ref="301613392" role=""/>
  <member type="way" ref="301613393" role=""/>
  <member type="way" ref="301612766" role=""/>
  <member type="way" ref="301612768" role=""/>
  <member type="way" ref="538298257" role=""/>
  <member type="way" ref="768064958" role=""/>
  <member type="way" ref="836685810" role=""/>
  <member type="way" ref="162712593" role=""/>
  <member type="way" ref="162712592" role=""/>
  <member type="way" ref="162712413" role=""/>
  <member type="way" ref="252404988" role=""/>
  <member type="way" ref="252404987" role=""/>
  <member type="way" ref="731798522" role=""/>
  <member type="way" ref="564475827" role=""/>
  <member type="way" ref="731717321" role=""/>
  <member type="way" ref="564475826" role=""/>
  <member type="way" ref="163120097" role=""/>
  <member type="way" ref="564475825" role=""/>
  <member type="way" ref="564475824" role=""/>
  <member type="way" ref="162909713" role=""/>
  <member type="way" ref="162913405" role=""/>
  <member type="way" ref="729189588" role=""/>
  <member type="way" ref="729189590" role=""/>
  <member type="way" ref="729189591" role=""/>
  <member type="way" ref="162913524" role=""/>
  <member type="way" ref="729189562" role=""/>
  <member type="way" ref="729189561" role=""/>
  <member type="way" ref="661086060" role=""/>
  <member type="way" ref="729189559" role=""/>
  <member type="way" ref="729189560" role=""/>
  <member type="way" ref="729189611" role=""/>
  <member type="way" ref="729189612" role=""/>
  <member type="way" ref="661086059" role=""/>
  <member type="way" ref="163106929" role=""/>
  <member type="way" ref="1307026324" role=""/>
  <member type="way" ref="1307026325" role=""/>
  <member type="way" ref="163106928" role=""/>
  <member type="way" ref="163106856" role=""/>
  <member type="way" ref="344629779" role=""/>
  <member type="way" ref="344629777" role=""/>
  <member type="way" ref="721779673" role=""/>
  <member type="way" ref="721779671" role=""/>
  <member type="way" ref="721779672" role=""/>
  <member type="way" ref="721779674" role=""/>
  <member type="way" ref="252224109" role=""/>
  <member type="way" ref="1124317973" role=""/>
  <member type="way" ref="958027561" role=""/>
  <member type="way" ref="252224110" role=""/>
  <member type="way" ref="252224113" role=""/>
  <member type="way" ref="958027560" role=""/>
  <member type="way" ref="1124317974" role=""/>
  <member type="way" ref="329322495" role=""/>
  <member type="way" ref="987648053" role=""/>
  <member type="way" ref="987648054" role=""/>
  <member type="way" ref="1121065512" role=""/>
  <member type="way" ref="1121065506" role=""/>
  <member type="way" ref="958027555" role=""/>
  <member type="way" ref="329322496" role=""/>
  <member type="way" ref="1121065508" role=""/>
  <member type="way" ref="1124317978" role=""/>
  <member type="way" ref="1121065514" role=""/>
  <member type="way" ref="1124317985" role=""/>
  <member type="way" ref="252224827" role=""/>
  <member type="way" ref="763589714" role=""/>
  <member type="way" ref="1124317998" role=""/>
  <member type="way" ref="824733207" role=""/>
  <member type="way" ref="4270600" role=""/>
  <member type="way" ref="1124317979" role=""/>
  <member type="way" ref="1124317980" role=""/>
  <member type="way" ref="721779665" role=""/>
  <member type="way" ref="990445849" role=""/>
  <member type="way" ref="990445850" role=""/>
  <member type="way" ref="990445845" role=""/>
  <member type="way" ref="4271782" role=""/>
  <member type="way" ref="670419931" role=""/>
  <member type="way" ref="670419935" role=""/>
  <member type="way" ref="754132817" role=""/>
  <member type="way" ref="5152559" role=""/>
  <member type="way" ref="156287002" role=""/>
  <member type="way" ref="230069851" role=""/>
  <member type="way" ref="230069852" role=""/>
  <member type="way" ref="344995912" role=""/>
  <member type="way" ref="344995901" role=""/>
  <member type="way" ref="754224651" role=""/>
  <member type="way" ref="650466679" role=""/>
  <member type="way" ref="650466675" role=""/>
  <member type="way" ref="650451078" role=""/>
  <member type="way" ref="650451079" role=""/>
  <member type="way" ref="759514899" role=""/>
  <member type="way" ref="908288540" role=""/>
  <member type="way" ref="908288541" role=""/>
  <member type="way" ref="905796651" role=""/>
  <member type="way" ref="905796652" role=""/>
  <member type="way" ref="728259783" role=""/>
  <member type="way" ref="156287027" role=""/>
  <member type="way" ref="336139718" role=""/>
  <member type="way" ref="728259778" role=""/>
  <member type="way" ref="754338296" role=""/>
  <member type="way" ref="336139717" role=""/>
  <member type="way" ref="660867854" role=""/>
  <member type="way" ref="660867855" role=""/>
  <member type="way" ref="721779664" role=""/>
  <member type="way" ref="721779663" role=""/>
  <member type="way" ref="336131830" role=""/>
  <member type="way" ref="336131832" role=""/>
  <member type="way" ref="336131829" role=""/>
  <member type="way" ref="336131834" role=""/>
  <member type="way" ref="336131831" role=""/>
  <member type="way" ref="336131833" role=""/>
  <member type="way" ref="648919730" role=""/>
  <member type="way" ref="648919731" role=""/>
  <member type="way" ref="721779662" role=""/>
  <member type="way" ref="721779661" role=""/>
  <member type="way" ref="336129459" role=""/>
  <member type="way" ref="336129464" role=""/>
  <member type="way" ref="648898247" role=""/>
  <member type="way" ref="648898246" role=""/>
  <member type="way" ref="763589727" role=""/>
  <member type="way" ref="122372559" role=""/>
  <member type="way" ref="1175535735" role=""/>
  <member type="way" ref="1175535734" role=""/>
  <member type="way" ref="1175535736" role=""/>
  <member type="way" ref="1175535733" role=""/>
  <member type="way" ref="763937532" role=""/>
  <member type="way" ref="763937530" role=""/>
  <member type="way" ref="763937533" role=""/>
  <member type="way" ref="763937531" role=""/>
  <member type="way" ref="336129455" role=""/>
  <member type="way" ref="336129453" role=""/>
  <member type="way" ref="122372556" role=""/>
  <member type="way" ref="942383524" role=""/>
  <member type="way" ref="942383527" role=""/>
  <member type="way" ref="156287071" role=""/>
  <member type="way" ref="859339907" role=""/>
  <member type="way" ref="763589732" role=""/>
  <member type="way" ref="763589730" role=""/>
  <member type="way" ref="156287051" role=""/>
  <member type="way" ref="343381083" role=""/>
  <member type="way" ref="343381082" role=""/>
  <member type="way" ref="649906108" role=""/>
  <member type="way" ref="791260748" role=""/>
  <member type="way" ref="649906111" role=""/>
  <member type="way" ref="649906101" role=""/>
  <member type="way" ref="649906103" role=""/>
  <member type="way" ref="649906095" role=""/>
  <member type="way" ref="649906097" role=""/>
  <member type="way" ref="649906090" role=""/>
  <member type="way" ref="649906093" role=""/>
  <member type="way" ref="791260746" role=""/>
  <member type="way" ref="649906084" role=""/>
  <member type="way" ref="649906086" role=""/>
  <member type="way" ref="660979446" role=""/>
  <member type="way" ref="660979442" role=""/>
  <member type="way" ref="791260747" role=""/>
  <member type="way" ref="156291749" role=""/>
  <member type="way" ref="791260744" role=""/>
  <member type="way" ref="791260745" role=""/>
  <member type="way" ref="791260743" role=""/>
  <member type="way" ref="1178154031" role=""/>
  <member type="way" ref="351724550" role=""/>
  <member type="way" ref="351724548" role=""/>
  <member type="way" ref="662278452" role=""/>
  <member type="way" ref="662278449" role=""/>
  <member type="way" ref="351724552" role=""/>
  <member type="way" ref="351724547" role=""/>
  <member type="way" ref="662278458" role=""/>
  <member type="way" ref="662278455" role=""/>
  <member type="way" ref="662278460" role=""/>
  <member type="way" ref="662278461" role=""/>
  <member type="way" ref="649821776" role=""/>
  <member type="way" ref="649821777" role=""/>
  <member type="way" ref="649821782" role=""/>
  <member type="way" ref="649821783" role=""/>
  <member type="way" ref="39277067" role=""/>
  <member type="way" ref="763589725" role=""/>
  <member type="way" ref="649843149" role=""/>
  <member type="way" ref="649843159" role=""/>
  <member type="way" ref="649843157" role=""/>
  <member type="way" ref="649843152" role=""/>
  <member type="way" ref="649843154" role=""/>
  <member type="way" ref="660853914" role=""/>
  <member type="way" ref="660853915" role=""/>
  <member type="way" ref="47652952" role=""/>
  <member type="way" ref="753708523" role=""/>
  <member type="way" ref="753708520" role=""/>
  <member type="way" ref="32837137" role=""/>
  <member type="way" ref="660853907" role=""/>
  <member type="way" ref="1369024935" role=""/>
  <member type="way" ref="1369024934" role=""/>
  <member type="way" ref="660853906" role=""/>
  <member type="way" ref="1369024932" role=""/>
  <member type="way" ref="1369024931" role=""/>
  <member type="way" ref="523344854" role=""/>
  <member type="way" ref="523344853" role=""/>
  <member type="way" ref="256492908" role=""/>
  <member type="way" ref="791260742" role=""/>
  <member type="way" ref="275722805" role=""/>
  <member type="way" ref="649801616" role=""/>
  <member type="way" ref="478464453" role=""/>
  <member type="way" ref="1046949544" role=""/>
  <tag k="name" v="Route 1: Alabang → Matnog"/>
  <tag k="network" v="PH:N"/>
  <tag k="ref" v="1"/>
  <tag k="route" v="road"/>
  <tag k="type" v="route"/>
 </relation>
 <relation id="13311990" visible="true" version="63" changeset="178454064" timestamp="2026-02-12T11:55:40Z" user="KyogaLake" uid="22951884">
  <member type="way" ref="238179938" role=""/>
  <member type="way" ref="613586140" role=""/>
  <member type="way" ref="613586139" role=""/>
  <member type="way" ref="816376232" role=""/>
  <member type="way" ref="816376231" role=""/>
  <member type="way" ref="816376233" role=""/>
  <member type="way" ref="816376228" role=""/>
  <member type="way" ref="816376227" role=""/>
  <member type="way" ref="816376226" role=""/>
  <member type="way" ref="816376225" role=""/>
  <member type="way" ref="613171263" role=""/>
  <member type="way" ref="613171262" role=""/>
  <member type="way" ref="613171259" role=""/>
  <member type="way" ref="816376224" role=""/>
  <member type="way" ref="816376223" role=""/>
  <member type="way" ref="816376222" role=""/>
  <member type="way" ref="816376221" role=""/>
  <member type="way" ref="991473897" role=""/>
  <member type="way" ref="613171258" role=""/>
  <member type="way" ref="991473899" role=""/>
  <member type="way" ref="991473898" role=""/>
  <member type="way" ref="991473901" role=""/>
  <member type="way" ref="991473900" role=""/>
  <member type="way" ref="991473903" role=""/>
  <member type="way" ref="991473902" role=""/>
  <member type="way" ref="816376198" role=""/>
  <member type="way" ref="816376197" role=""/>
  <member type="way" ref="991473904" role=""/>
  <member type="way" ref="1413856981" role=""/>
  <member type="way" ref="1413856980" role=""/>
  <member type="way" ref="31373704" role=""/>
  <member type="way" ref="816376200" role=""/>
  <member type="way" ref="816376199" role=""/>
  <member type="way" ref="348797588" role=""/>
  <member type="way" ref="348797582" role=""/>
  <member type="way" ref="816376202" role=""/>
  <member type="way" ref="816376201" role=""/>
  <member type="way" ref="816376203" role=""/>
  <member type="way" ref="816376204" role=""/>
  <member type="way" ref="991473934" role=""/>
  <member type="way" ref="816376208" role=""/>
  <member type="way" ref="840031458" role=""/>
  <member type="way" ref="840031459" role=""/>
  <member type="way" ref="816376206" role=""/>
  <member type="way" ref="816376205" role=""/>
  <member type="way" ref="816376207" role=""/>
  <member type="way" ref="31373715" role=""/>
  <member type="way" ref="904918022" role=""/>
  <member type="way" ref="904918023" role=""/>
  <member type="way" ref="611427654" role=""/>
  <member type="way" ref="611427653" role=""/>
  <member type="way" ref="31373719" role=""/>
  <member type="way" ref="816376210" role=""/>
  <member type="way" ref="816376209" role=""/>
  <member type="way" ref="816376212" role=""/>
  <member type="way" ref="816376211" role=""/>
  <member type="way" ref="31373723" role=""/>
  <member type="way" ref="348797591" role=""/>
  <member type="way" ref="348797592" role=""/>
  <member type="way" ref="816637903" role=""/>
  <member type="way" ref="816637902" role=""/>
  <member type="way" ref="31373710" role=""/>
  <member type="way" ref="816376217" role=""/>
  <member type="way" ref="816376213" role=""/>
  <member type="way" ref="816376215" role=""/>
  <member type="way" ref="816376214" role=""/>
  <member type="way" ref="816376216" role=""/>
  <member type="way" ref="31373711" role=""/>
  <member type="way" ref="284203617" role=""/>
  <member type="way" ref="284203618" role=""/>
  <member type="way" ref="284203616" role=""/>
  <member type="way" ref="816376219" role=""/>
  <member type="way" ref="816376218" role=""/>
  <member type="way" ref="284203619" role=""/>
  <member type="way" ref="816376220" role=""/>
  <member type="way" ref="31373690" role=""/>
  <member type="way" ref="813743084" role=""/>
  <member type="way" ref="1016978384" role=""/>
  <member type="way" ref="1016978379" role=""/>
  <member type="way" ref="245649820" role=""/>
  <member type="way" ref="237494634" role=""/>
  <member type="way" ref="680031116" role=""/>
  <member type="way" ref="680031115" role=""/>
  <member type="way" ref="237494633" role=""/>
  <member type="way" ref="573315149" role=""/>
  <member type="way" ref="573315152" role=""/>
  <member type="way" ref="252216984" role=""/>
  <member type="way" ref="252216983" role=""/>
  <member type="way" ref="845251001" role=""/>
  <member type="way" ref="845251002" role=""/>
  <member type="way" ref="845251000" role=""/>
  <member type="way" ref="845250999" role=""/>
  <member type="way" ref="845250998" role=""/>
  <member type="way" ref="845250997" role=""/>
  <member type="way" ref="845251003" role=""/>
  <member type="way" ref="845250996" role=""/>
  <member type="way" ref="845250995" role=""/>
  <member type="way" ref="845250994" role=""/>
  <member type="way" ref="845251004" role=""/>
  <member type="way" ref="619300000" role=""/>
  <member type="way" ref="763000722" role=""/>
  <member type="way" ref="762997786" role=""/>
  <member type="way" ref="845251005" role=""/>
  <member type="way" ref="680260841" role=""/>
  <member type="way" ref="845251006" role=""/>
  <member type="way" ref="680261302" role=""/>
  <member type="way" ref="680261301" role=""/>
  <member type="way" ref="241780252" role=""/>
  <member type="way" ref="680817034" role=""/>
  <member type="way" ref="680817035" role=""/>
  <member type="way" ref="680817033" role=""/>
  <member type="way" ref="680817041" role=""/>
  <member type="way" ref="680817042" role=""/>
  <member type="way" ref="845251009" role=""/>
  <member type="way" ref="845251008" role=""/>
  <member type="way" ref="572853098" role=""/>
  <member type="way" ref="680817447" role=""/>
  <member type="way" ref="680818340" role=""/>
  <member type="way" ref="1006877760" role=""/>
  <member type="way" ref="572853091" role=""/>
  <member type="way" ref="845251010" role=""/>
  <member type="way" ref="845251011" role=""/>
  <member type="way" ref="845251012" role=""/>
  <member type="way" ref="845251013" role=""/>
  <member type="way" ref="845251019" role=""/>
  <member type="way" ref="845251020" role=""/>
  <member type="way" ref="617525173" role=""/>
  <member type="way" ref="845251021" role=""/>
  <member type="way" ref="966079866" role=""/>
  <member type="way" ref="966079865" role=""/>
  <member type="way" ref="751228590" role=""/>
  <member type="way" ref="845251027" role=""/>
  <member type="way" ref="990853533" role=""/>
  <member type="way" ref="566350639" role=""/>
  <member type="way" ref="990853551" role=""/>
  <member type="way" ref="990853550" role=""/>
  <member type="way" ref="769916318" role=""/>
  <member type="way" ref="1006877764" role=""/>
  <member type="way" ref="990853540" role=""/>
  <member type="way" ref="990853541" role=""/>
  <member type="way" ref="990853537" role=""/>
  <member type="way" ref="1006877763" role=""/>
  <member type="way" ref="751228591" role=""/>
  <member type="way" ref="990853543" role=""/>
  <member type="way" ref="990853542" role=""/>
  <member type="way" ref="751228589" role=""/>
  <member type="way" ref="1006877761" role=""/>
  <member type="way" ref="617914299" role=""/>
  <member type="way" ref="768048800" role=""/>
  <member type="way" ref="768048799" role=""/>
  <member type="way" ref="845251016" role=""/>
  <member type="way" ref="617914300" role=""/>
  <member type="way" ref="845251017" role=""/>
  <member type="way" ref="587249348" role=""/>
  <member type="way" ref="587249347" role=""/>
  <member type="way" ref="786410836" role=""/>
  <member type="way" ref="786410835" role=""/>
  <member type="way" ref="786410843" role=""/>
  <member type="way" ref="786410842" role=""/>
  <member type="way" ref="786410841" role=""/>
  <member type="way" ref="786410840" role=""/>
  <member type="way" ref="965047913" role=""/>
  <member type="way" ref="587255500" role=""/>
  <member type="way" ref="587255505" role=""/>
  <member type="way" ref="834757262" role=""/>
  <member type="way" ref="965338638" role=""/>
  <member type="way" ref="1006877766" role=""/>
  <member type="way" ref="834757261" role=""/>
  <member type="way" ref="241780254" role=""/>
  <member type="way" ref="1223738291" role=""/>
  <member type="way" ref="1223738281" role=""/>
  <member type="way" ref="834757260" role=""/>
  <member type="way" ref="241780253" role=""/>
  <member type="way" ref="1363429697" role=""/>
  <member type="way" ref="183704871" role=""/>
  <member type="way" ref="835074773" role=""/>
  <member type="way" ref="965338642" role=""/>
  <member type="way" ref="965338640" role=""/>
  <member type="way" ref="249520435" role=""/>
  <member type="way" ref="1006877767" role=""/>
  <member type="way" ref="249520436" role=""/>
  <member type="way" ref="249521031" role=""/>
  <member type="way" ref="249521030" role=""/>
  <member type="way" ref="965047914" role=""/>
  <member type="way" ref="242044342" role=""/>
  <member type="way" ref="242044343" role=""/>
  <member type="way" ref="1388947074" role=""/>
  <member type="way" ref="249521819" role=""/>
  <member type="way" ref="249521818" role=""/>
  <member type="way" ref="1388947063" role=""/>
  <member type="way" ref="1388947076" role=""/>
  <member type="way" ref="200255596" role=""/>
  <member type="way" ref="1388947075" role=""/>
  <member type="way" ref="200255595" role=""/>
  <member type="way" ref="237010788" role=""/>
  <member type="way" ref="237010789" role=""/>
  <member type="way" ref="237010787" role=""/>
  <member type="way" ref="237010790" role=""/>
  <member type="way" ref="998063006" role=""/>
  <member type="way" ref="998063005" role=""/>
  <member type="way" ref="237011936" role=""/>
  <member type="way" ref="237011937" role=""/>
  <member type="way" ref="5135848" role=""/>
  <member type="way" ref="5135849" role=""/>
  <member type="way" ref="31373697" role=""/>
  <member type="way" ref="1288225617" role=""/>
  <member type="way" ref="1288225616" role=""/>
  <member type="way" ref="5135843" role=""/>
  <member type="way" ref="572807531" role=""/>
  <member type="way" ref="572807530" role=""/>
  <member type="way" ref="760474627" role=""/>
  <member type="way" ref="1194602380" role=""/>
  <member type="way" ref="4705369" role=""/>
  <member type="way" ref="4705368" role=""/>
  <member type="way" ref="681070339" role=""/>
  <member type="way" ref="4705367" role=""/>
  <member type="way" ref="681070336" role=""/>
  <member type="way" ref="681070335" role=""/>
  <member type="way" ref="681070334" role=""/>
  <member type="way" ref="4705366" role=""/>
  <member type="way" ref="760474625" role=""/>
  <member type="way" ref="845251038" role=""/>
  <member type="way" ref="4705365" role=""/>
  <member type="way" ref="845251039" role=""/>
  <member type="way" ref="845251040" role=""/>
  <member type="way" ref="845251041" role=""/>
  <member type="way" ref="845251048" role=""/>
  <member type="way" ref="845251054" role=""/>
  <member type="way" ref="845251053" role=""/>
  <member type="way" ref="572818382" role=""/>
  <member type="way" ref="845251049" role=""/>
  <member type="way" ref="845251050" role=""/>
  <member type="way" ref="845251044" role=""/>
  <member type="way" ref="845251045" role=""/>
  <member type="way" ref="572818383" role=""/>
  <member type="way" ref="149340253" role=""/>
  <member type="way" ref="845251043" role=""/>
  <member type="way" ref="149340254" role=""/>
  <member type="way" ref="845251042" role=""/>
  <member type="way" ref="732770593" role=""/>
  <member type="way" ref="845251051" role=""/>
  <member type="way" ref="845251037" role=""/>
  <member type="way" ref="845251052" role=""/>
  <member type="way" ref="983605441" role=""/>
  <member type="way" ref="845251056" role=""/>
  <member type="way" ref="983605440" role=""/>
  <member type="way" ref="845251057" role=""/>
  <member type="way" ref="983605437" role=""/>
  <member type="way" ref="732770594" role=""/>
  <member type="way" ref="983605438" role=""/>
  <member type="way" ref="4705363" role=""/>
  <member type="way" ref="232552074" role=""/>
  <member type="way" ref="232552075" role=""/>
  <member type="way" ref="845251055" role=""/>
  <member type="way" ref="901942538" role=""/>
  <member type="way" ref="901944909" role=""/>
  <member type="way" ref="150619173" role=""/>
  <member type="way" ref="923021083" role=""/>
  <member type="way" ref="901942539" role=""/>
  <member type="way" ref="150619171" role=""/>
  <member type="way" ref="4705362" role=""/>
  <member type="way" ref="1107040625" role=""/>
  <member type="way" ref="902151346" role=""/>
  <member type="way" ref="79918022" role=""/>
  <member type="way" ref="79918024" role=""/>
  <member type="way" ref="763589721" role=""/>
  <member type="way" ref="763589717" role=""/>
  <member type="way" ref="813743083" role=""/>
  <member type="way" ref="845251067" role=""/>
  <member type="way" ref="1006877803" role=""/>
  <member type="way" ref="872188531" role=""/>
  <member type="way" ref="872188532" role=""/>
  <member type="way" ref="845251064" role=""/>
  <member type="way" ref="902501039" role=""/>
  <member type="way" ref="845251065" role=""/>
  <member type="way" ref="901441501" role=""/>
  <member type="way" ref="921105730" role=""/>
  <member type="way" ref="31999807" role=""/>
  <member type="way" ref="762781247" role=""/>
  <member type="way" ref="149725347" role=""/>
  <member type="way" ref="149725346" role=""/>
  <member type="way" ref="243034213" role=""/>
  <member type="way" ref="760688236" role=""/>
  <member type="way" ref="1131306951" role=""/>
  <member type="way" ref="1131306949" role=""/>
  <member type="way" ref="243034214" role=""/>
  <member type="way" ref="760688237" role=""/>
  <member type="way" ref="118540620" role=""/>
  <member type="way" ref="725414414" role=""/>
  <member type="way" ref="725414415" role=""/>
  <member type="way" ref="776403794" role=""/>
  <member type="way" ref="776403791" role=""/>
  <member type="way" ref="776403790" role=""/>
  <member type="way" ref="671028101" role=""/>
  <member type="way" ref="293682336" role=""/>
  <member type="way" ref="293682332" role=""/>
  <member type="way" ref="671028102" role=""/>
  <member type="way" ref="725414429" role=""/>
  <member type="way" ref="725414431" role=""/>
  <member type="way" ref="725414425" role=""/>
  <member type="way" ref="662786752" role=""/>
  <member type="way" ref="725414433" role=""/>
  <member type="way" ref="684694070" role=""/>
  <member type="way" ref="725414424" role=""/>
  <member type="way" ref="725414422" role=""/>
  <member type="way" ref="725414432" role=""/>
  <member type="way" ref="31153637" role=""/>
  <member type="way" ref="31153636" role=""/>
  <member type="way" ref="242456923" role=""/>
  <member type="way" ref="242456925" role=""/>
  <member type="way" ref="1131306978" role=""/>
  <member type="way" ref="232671029" role=""/>
  <member type="way" ref="1131306980" role=""/>
  <member type="way" ref="892499640" role=""/>
  <member type="way" ref="892499639" role=""/>
  <member type="way" ref="760681719" role=""/>
  <member type="way" ref="363149703" role=""/>
  <member type="way" ref="145387032" role=""/>
  <member type="way" ref="363149713" role=""/>
  <member type="way" ref="145387035" role=""/>
  <member type="way" ref="31343291" role=""/>
  <member type="way" ref="33738750" role=""/>
  <member type="way" ref="33738749" role=""/>
  <member type="way" ref="1006877758" role=""/>
  <member type="way" ref="31343120" role=""/>
  <member type="way" ref="31343116" role=""/>
  <member type="way" ref="319961507" role=""/>
  <member type="way" ref="31336084" role=""/>
  <member type="way" ref="31336082" role=""/>
  <member type="way" ref="314947466" role=""/>
  <member type="way" ref="760451129" role=""/>
  <member type="way" ref="38660035" role=""/>
  <member type="way" ref="38660034" role=""/>
  <member type="way" ref="760451127" role=""/>
  <member type="way" ref="760451128" role=""/>
  <member type="way" ref="118422777" role=""/>
  <member type="way" ref="680626017" role=""/>
  <member type="way" ref="680626018" role=""/>
  <member type="way" ref="297163439" role=""/>
  <member type="way" ref="914256582" role=""/>
  <member type="way" ref="297163438" role=""/>
  <member type="way" ref="31153447" role=""/>
  <member type="way" ref="31336073" role=""/>
  <member type="way" ref="243252233" role=""/>
  <member type="way" ref="243252231" role=""/>
  <member type="way" ref="29170178" role=""/>
  <member type="way" ref="31153325" role=""/>
  <member type="way" ref="333980735" role=""/>
  <member type="way" ref="31153326" role=""/>
  <member type="way" ref="1039018261" role=""/>
  <member type="way" ref="659960875" role=""/>
  <member type="way" ref="659960876" role=""/>
  <member type="way" ref="1039018260" role=""/>
  <member type="way" ref="659960877" role=""/>
  <member type="way" ref="760451122" role=""/>
  <member type="way" ref="31153220" role=""/>
  <member type="way" ref="760451121" role=""/>
  <member type="way" ref="118326476" role=""/>
  <member type="way" ref="118326486" role=""/>
  <member type="way" ref="31153221" role=""/>
  <member type="way" ref="29419785" role=""/>
  <member type="way" ref="750697338" role=""/>
  <member type="way" ref="750697337" role=""/>
  <member type="way" ref="921119834" role=""/>
  <member type="way" ref="921119833" role=""/>
  <member type="way" ref="921119837" role=""/>
  <member type="way" ref="333980736" role=""/>
  <member type="way" ref="31153155" role=""/>
  <member type="way" ref="31153157" role=""/>
  <member type="way" ref="289347793" role=""/>
  <member type="way" ref="1194603827" role=""/>
  <member type="way" ref="762781244" role=""/>
  <member type="way" ref="289347794" role=""/>
  <member type="way" ref="1235139729" role=""/>
  <member type="way" ref="762781245" role=""/>
  <member type="way" ref="252439920" role=""/>
  <member type="way" ref="252439919" role=""/>
  <member type="way" ref="942753059" role=""/>
  <member type="way" ref="4705359" role=""/>
  <member type="way" ref="281566415" role=""/>
  <member type="way" ref="942753039" role=""/>
  <member type="way" ref="281566416" role=""/>
  <member type="way" ref="31326257" role=""/>
  <member type="way" ref="942753038" role=""/>
  <member type="way" ref="31326252" role=""/>
  <member type="way" ref="420002742" role=""/>
  <member type="way" ref="238180742" role=""/>
  <member type="way" ref="1253472698" role=""/>
  <member type="way" ref="1194603828" role=""/>
  <member type="way" ref="874968481" role=""/>
  <member type="way" ref="1383918738" role=""/>
  <member type="way" ref="1253472697" role=""/>
  <member type="way" ref="1132716820" role=""/>
  <member type="way" ref="1132725786" role=""/>
  <member type="way" ref="1476838598" role=""/>
  <member type="way" ref="1476838597" role=""/>
  <member type="way" ref="1132725784" role=""/>
  <member type="way" ref="1132716825" role=""/>
  <member type="way" ref="874968480" role=""/>
  <member type="way" ref="388456540" role=""/>
  <member type="way" ref="1466274413" role=""/>
  <member type="way" ref="388456541" role=""/>
  <member type="way" ref="31152889" role=""/>
  <member type="way" ref="31152891" role=""/>
  <member type="way" ref="1354525230" role=""/>
  <member type="way" ref="1127638081" role=""/>
  <member type="way" ref="113922127" role=""/>
  <member type="way" ref="35980615" role=""/>
  <member type="way" ref="253928690" role=""/>
  <member type="way" ref="253928691" role=""/>
  <member type="way" ref="35980616" role=""/>
  <member type="way" ref="56722769" role=""/>
  <member type="way" ref="25589173" role=""/>
  <member type="way" ref="1220413528" role=""/>
  <member type="way" ref="25525207" role=""/>
  <member type="way" ref="26300202" role=""/>
  <member type="way" ref="141459502" role=""/>
  <member type="way" ref="894548224" role=""/>
  <member type="way" ref="42746397" role=""/>
  <member type="way" ref="129171833" role=""/>
  <member type="way" ref="31405591" role=""/>
  <member type="way" ref="1203983814" role=""/>
  <member type="way" ref="1203983812" role=""/>
  <member type="way" ref="1203983813" role=""/>
  <member type="way" ref="31405574" role=""/>
  <member type="way" ref="191348740" role=""/>
  <member type="way" ref="128955663" role=""/>
  <member type="way" ref="26745664" role=""/>
  <member type="way" ref="1205468527" role=""/>
  <member type="way" ref="1235463995" role=""/>
  <member type="way" ref="42746094" role=""/>
  <member type="way" ref="42746093" role=""/>
  <member type="way" ref="126468233" role=""/>
  <member type="way" ref="42746120" role=""/>
  <member type="way" ref="42746122" role=""/>
  <member type="way" ref="126468231" role=""/>
  <member type="way" ref="69546248" role=""/>
  <member type="way" ref="992366064" role=""/>
  <member type="way" ref="992366071" role=""/>
  <member type="way" ref="69546249" role=""/>
  <member type="way" ref="1006877772" role=""/>
  <member type="way" ref="827151982" role=""/>
  <member type="way" ref="761573563" role=""/>
  <member type="way" ref="760705747" role=""/>
  <member type="way" ref="760705750" role=""/>
  <member type="way" ref="761573561" role=""/>
  <member type="way" ref="760705768" role=""/>
  <member type="way" ref="1006877773" role=""/>
  <member type="way" ref="827151980" role=""/>
  <member type="way" ref="992366072" role=""/>
  <member type="way" ref="1132480048" role=""/>
  <member type="way" ref="992366062" role=""/>
  <member type="way" ref="992366063" role=""/>
  <member type="way" ref="159269890" role=""/>
  <member type="way" ref="1059222203" role=""/>
  <member type="way" ref="26551515" role=""/>
  <member type="way" ref="408369532" role=""/>
  <member type="way" ref="39422933" role=""/>
  <member type="way" ref="34900395" role=""/>
  <member type="way" ref="202828131" role=""/>
  <member type="way" ref="423879736" role=""/>
  <member type="way" ref="813772518" role=""/>
  <member type="way" ref="140627010" role=""/>
  <member type="way" ref="992366057" role=""/>
  <member type="way" ref="273505229" role=""/>
  <member type="way" ref="140627007" role=""/>
  <member type="way" ref="273520547" role=""/>
  <member type="way" ref="39422984" role=""/>
  <member type="way" ref="39423007" role=""/>
  <member type="way" ref="39423009" role=""/>
  <member type="way" ref="39422982" role=""/>
  <member type="way" ref="140627009" role=""/>
  <member type="way" ref="742377816" role=""/>
  <member type="way" ref="848050809" role=""/>
  <member type="way" ref="848050808" role=""/>
  <member type="way" ref="962211845" role=""/>
  <member type="way" ref="848050810" role=""/>
  <member type="way" ref="39467213" role=""/>
  <member type="way" ref="1059222210" role=""/>
  <member type="way" ref="39467256" role=""/>
  <member type="way" ref="39467281" role=""/>
  <member type="way" ref="39467234" role=""/>
  <member type="way" ref="1059391558" role=""/>
  <member type="way" ref="352828088" role=""/>
  <member type="way" ref="777425529" role=""/>
  <member type="way" ref="777425530" role=""/>
  <member type="way" ref="352828080" role=""/>
  <member type="way" ref="894211867" role=""/>
  <member type="way" ref="352828084" role=""/>
  <member type="way" ref="937511844" role=""/>
  <member type="way" ref="937511845" role=""/>
  <member type="way" ref="363162261" role=""/>
  <member type="way" ref="846268472" role=""/>
  <member type="way" ref="846268473" role=""/>
  <member type="way" ref="759531856" role=""/>
  <member type="way" ref="770271046" role=""/>
  <member type="way" ref="770271047" role=""/>
  <member type="way" ref="770271043" role=""/>
  <member type="way" ref="770271044" role=""/>
  <member type="way" ref="835663496" role=""/>
  <member type="way" ref="835663497" role=""/>
  <member type="way" ref="759531857" role=""/>
  <member type="way" ref="145387037" role=""/>
  <member type="way" ref="144849448" role=""/>
  <member type="way" ref="352828087" role=""/>
  <member type="way" ref="352828085" role=""/>
  <member type="way" ref="202829214" role=""/>
  <member type="way" ref="4705405" role=""/>
  <member type="way" ref="4705406" role=""/>
  <member type="way" ref="145387036" role=""/>
  <member type="way" ref="352828086" role=""/>
  <member type="way" ref="109698171" role=""/>
  <member type="way" ref="109698174" role=""/>
  <member type="way" ref="363162262" role=""/>
  <member type="way" ref="1059391556" role=""/>
  <member type="way" ref="202829212" role=""/>
  <member type="way" ref="579565228" role=""/>
  <member type="way" ref="30763758" role=""/>
  <member type="way" ref="752875306" role=""/>
  <member type="way" ref="661080640" role=""/>
  <member type="way" ref="56722916" role=""/>
  <member type="way" ref="579565227" role=""/>
  <member type="way" ref="186159891" role=""/>
  <member type="way" ref="948000163" role=""/>
  <member type="way" ref="4352001" role=""/>
  <member type="way" ref="186159870" role=""/>
  <member type="way" ref="28738734" role=""/>
  <member type="way" ref="32460921" role=""/>
  <member type="way" ref="32460920" role=""/>
  <member type="way" ref="1454610907" role=""/>
  <member type="way" ref="1454610909" role=""/>
  <member type="way" ref="186159867" role=""/>
  <member type="way" ref="186159875" role=""/>
  <member type="way" ref="202821664" role=""/>
  <member type="way" ref="186159878" role=""/>
  <member type="way" ref="1341830394" role=""/>
  <member type="way" ref="32425218" role=""/>
  <member type="way" ref="32425220" role=""/>
  <member type="way" ref="549232953" role=""/>
  <member type="way" ref="23434164" role=""/>
  <member type="way" ref="134990037" role=""/>
  <member type="way" ref="134990038" role=""/>
  <member type="way" ref="24805117" role=""/>
  <member type="way" ref="1204136961" role=""/>
  <member type="way" ref="1204136960" role=""/>
  <member type="way" ref="992371754" role=""/>
  <member type="way" ref="185940255" role=""/>
  <member type="way" ref="134990039" role=""/>
  <member type="way" ref="134990036" role=""/>
  <member type="way" ref="92878390" role=""/>
  <member type="way" ref="92878386" role=""/>
  <member type="way" ref="185940148" role=""/>
  <member type="way" ref="185940147" role=""/>
  <member type="way" ref="185930140" role=""/>
  <member type="way" ref="1204094016" role=""/>
  <member type="way" ref="1204094014" role=""/>
  <member type="way" ref="1204094015" role=""/>
  <member type="way" ref="992375750" role=""/>
  <member type="way" ref="992375749" role=""/>
  <member type="way" ref="1204101795" role=""/>
  <member type="way" ref="1204101794" role=""/>
  <member type="way" ref="185930141" role=""/>
  <member type="way" ref="186159871" role=""/>
  <member type="way" ref="1081562671" role=""/>
  <member type="way" ref="1081562670" role=""/>
  <member type="way" ref="185601432" role=""/>
  <member type="way" ref="1413610384" role=""/>
  <member type="way" ref="32083309" role=""/>
  <member type="way" ref="32083311" role=""/>
  <member type="way" ref="553887793" role=""/>
  <member type="way" ref="553887792" role=""/>
  <member type="way" ref="328679916" role=""/>
  <member type="way" ref="1158489264" role=""/>
  <member type="way" ref="328679915" role=""/>
  <member type="way" ref="899861031" role=""/>
  <member type="way" ref="186159868" role=""/>
  <member type="way" ref="768970604" role=""/>
  <member type="way" ref="899861032" role=""/>
  <member type="way" ref="768970605" role=""/>
  <member type="way" ref="186159874" role=""/>
  <member type="way" ref="32083515" role=""/>
  <member type="way" ref="804059663" role=""/>
  <member type="way" ref="804059664" role=""/>
  <member type="way" ref="32083506" role=""/>
  <member type="way" ref="358391208" role=""/>
  <member type="way" ref="793340170" role=""/>
  <member type="way" ref="793340171" role=""/>
  <member type="way" ref="579562700" role=""/>
  <member type="way" ref="549231957" role=""/>
  <member type="way" ref="1203860658" role=""/>
  <member type="way" ref="146474893" role=""/>
  <member type="way" ref="1353702132" role=""/>
  <member type="way" ref="1353702131" role=""/>
  <member type="way" ref="793339796" role=""/>
  <member type="way" ref="32083750" role=""/>
  <member type="way" ref="361256298" role=""/>
  <member type="way" ref="1119486605" role=""/>
  <member type="way" ref="777627649" role=""/>
  <member type="way" ref="440471861" role=""/>
  <member type="way" ref="140483168" role=""/>
  <member type="way" ref="768989891" role=""/>
  <member type="way" ref="446473648" role=""/>
  <member type="way" ref="140483169" role=""/>
  <member type="way" ref="903795533" role=""/>
  <member type="way" ref="142690598" role=""/>
  <member type="way" ref="687240817" role=""/>
  <member type="way" ref="142690604" role=""/>
  <member type="way" ref="697915770" role=""/>
  <member type="way" ref="502019769" role=""/>
  <member type="way" ref="526616085" role=""/>
  <member type="way" ref="1059140491" role=""/>
  <member type="way" ref="1059140489" role=""/>
  <member type="way" ref="1059140488" role=""/>
  <member type="way" ref="404384634" role=""/>
  <member type="way" ref="404384636" role=""/>
  <member type="way" ref="404384637" role=""/>
  <member type="way" ref="145891221" role=""/>
  <member type="way" ref="93444116" role=""/>
  <member type="way" ref="355119736" role=""/>
  <member type="way" ref="1059140494" role=""/>
  <member type="way" ref="48570829" role=""/>
  <member type="way" ref="791710662" role=""/>
  <member type="way" ref="1209750275" role=""/>
  <member type="way" ref="417169625" role=""/>
  <member type="way" ref="352054578" role=""/>
  <member type="way" ref="137620619" role=""/>
  <member type="way" ref="137620617" role=""/>
  <member type="way" ref="422608639" role=""/>
  <member type="way" ref="422608636" role=""/>
  <member type="way" ref="422608627" role=""/>
  <member type="way" ref="422608642" role=""/>
  <member type="way" ref="422608646" role=""/>
  <member type="way" ref="137620618" role=""/>
  <member type="way" ref="797785072" role=""/>
  <member type="way" ref="797785073" role=""/>
  <member type="way" ref="797785070" role=""/>
  <member type="way" ref="797785071" role=""/>
  <member type="way" ref="797785069" role=""/>
  <member type="way" ref="797785067" role=""/>
  <member type="way" ref="797785068" role=""/>
  <member type="way" ref="797785065" role=""/>
  <member type="way" ref="797785064" role=""/>
  <member type="way" ref="797785066" role=""/>
  <member type="way" ref="797785063" role=""/>
  <member type="way" ref="797785060" role=""/>
  <member type="way" ref="797785061" role=""/>
  <member type="way" ref="797785062" role=""/>
  <member type="way" ref="1204185188" role=""/>
  <member type="way" ref="1204185187" role=""/>
  <member type="way" ref="1204185854" role=""/>
  <member type="way" ref="368316946" role=""/>
  <member type="way" ref="751275310" role=""/>
  <member type="way" ref="705032365" role=""/>
  <member type="way" ref="751275311" role=""/>
  <member type="way" ref="751275312" role=""/>
  <member type="way" ref="48570830" role=""/>
  <member type="way" ref="1204130893" role=""/>
  <member type="way" ref="1204130894" role=""/>
  <member type="way" ref="769206234" role=""/>
  <member type="way" ref="706863896" role=""/>
  <member type="way" ref="753773438" role=""/>
  <member type="way" ref="106485500" role=""/>
  <member type="way" ref="361273585" role=""/>
  <member type="way" ref="439537569" role=""/>
  <member type="way" ref="365874395" role=""/>
  <member type="way" ref="1082201505" role=""/>
  <member type="way" ref="106485499" role=""/>
  <member type="way" ref="753777646" role=""/>
  <member type="way" ref="422621097" role=""/>
  <member type="way" ref="358358370" role=""/>
  <member type="way" ref="804515354" role=""/>
  <member type="way" ref="804515353" role=""/>
  <member type="way" ref="804515352" role=""/>
  <member type="way" ref="358358371" role=""/>
  <member type="way" ref="1030878111" role=""/>
  <member type="way" ref="1030878110" role=""/>
  <member type="way" ref="1030878109" role=""/>
  <member type="way" ref="1030878129" role=""/>
  <member type="way" ref="1030878106" role=""/>
  <member type="way" ref="1030878125" role=""/>
  <member type="way" ref="1030878124" role=""/>
  <member type="way" ref="358398285" role=""/>
  <member type="way" ref="370305257" role=""/>
  <member type="way" ref="837266751" role=""/>
  <member type="way" ref="679157221" role=""/>
  <member type="way" ref="837266752" role=""/>
  <member type="way" ref="732041084" role=""/>
  <member type="way" ref="770259269" role=""/>
  <member type="way" ref="768970607" role=""/>
  <member type="way" ref="28740409" role=""/>
  <member type="way" ref="245313309" role=""/>
  <member type="way" ref="1123113136" role=""/>
  <member type="way" ref="1123113135" role=""/>
  <member type="way" ref="370305237" role=""/>
  <member type="way" ref="1441538233" role=""/>
  <member type="way" ref="839908532" role=""/>
  <member type="way" ref="1006936010" role=""/>
  <member type="way" ref="1343403315" role=""/>
  <member type="way" ref="1343403314" role=""/>
  <member type="way" ref="1343403313" role=""/>
  <tag k="name" v="NCR-CALABARZON-Bicol National Bicycle Route (northbound)"/>
  <tag k="network" v="ncn"/>
  <tag k="operator" v="Department of Public Works and Highways"/>
  <tag k="route" v="bicycle"/>
  <tag k="type" v="route"/>
 </relation>
 <relation id="13311991" visible="true" version="73" changeset="178454064" timestamp="2026-02-12T11:55:40Z" user="KyogaLake" uid="22951884">
  <member type="way" ref="288480467" role=""/>
  <member type="way" ref="32001327" role=""/>
  <member type="way" ref="1441538241" role=""/>
  <member type="way" ref="279134993" role=""/>
  <member type="way" ref="1006936011" role=""/>
  <member type="way" ref="861257662" role=""/>
  <member type="way" ref="33300597" role=""/>
  <member type="way" ref="245313316" role=""/>
  <member type="way" ref="814430573" role=""/>
  <member type="way" ref="846268477" role=""/>
  <member type="way" ref="814430576" role=""/>
  <member type="way" ref="23378835" role=""/>
  <member type="way" ref="353501562" role=""/>
  <member type="way" ref="353501518" role=""/>
  <member type="way" ref="1074655125" role=""/>
  <member type="way" ref="288913805" role=""/>
  <member type="way" ref="370305257" role=""/>
  <member type="way" ref="358398285" role=""/>
  <member type="way" ref="1030878123" role=""/>
  <member type="way" ref="1030878122" role=""/>
  <member type="way" ref="1203874890" role=""/>
  <member type="way" ref="1030878107" role=""/>
  <member type="way" ref="1030878128" role=""/>
  <member type="way" ref="1030878108" role=""/>
  <member type="way" ref="1030878110" role=""/>
  <member type="way" ref="1030878111" role=""/>
  <member type="way" ref="358358371" role=""/>
  <member type="way" ref="804515352" role=""/>
  <member type="way" ref="804515353" role=""/>
  <member type="way" ref="804515354" role=""/>
  <member type="way" ref="358358370" role=""/>
  <member type="way" ref="422621097" role=""/>
  <member type="way" ref="753777646" role=""/>
  <member type="way" ref="106485499" role=""/>
  <member type="way" ref="1082201506" role=""/>
  <member type="way" ref="1204174521" role=""/>
  <member type="way" ref="361273586" role=""/>
  <member type="way" ref="353037816" role=""/>
  <member type="way" ref="152178397" role=""/>
  <member type="way" ref="439537568" role=""/>
  <member type="way" ref="361273585" role=""/>
  <member type="way" ref="106485500" role=""/>
  <member type="way" ref="753773438" role=""/>
  <member type="way" ref="106485501" role=""/>
  <member type="way" ref="1204129675" role=""/>
  <member type="way" ref="55807017" role=""/>
  <member type="way" ref="1204130894" role=""/>
  <member type="way" ref="1204130893" role=""/>
  <member type="way" ref="48570830" role=""/>
  <member type="way" ref="751275312" role=""/>
  <member type="way" ref="751275311" role=""/>
  <member type="way" ref="705032365" role=""/>
  <member type="way" ref="751275310" role=""/>
  <member type="way" ref="368316946" role=""/>
  <member type="way" ref="1204185854" role=""/>
  <member type="way" ref="1204185187" role=""/>
  <member type="way" ref="1204185188" role=""/>
  <member type="way" ref="797785062" role=""/>
  <member type="way" ref="797785061" role=""/>
  <member type="way" ref="797785060" role=""/>
  <member type="way" ref="797785063" role=""/>
  <member type="way" ref="797785066" role=""/>
  <member type="way" ref="797785064" role=""/>
  <member type="way" ref="797785065" role=""/>
  <member type="way" ref="797785068" role=""/>
  <member type="way" ref="797785067" role=""/>
  <member type="way" ref="797785069" role=""/>
  <member type="way" ref="797785071" role=""/>
  <member type="way" ref="797785070" role=""/>
  <member type="way" ref="797785073" role=""/>
  <member type="way" ref="797785072" role=""/>
  <member type="way" ref="137620618" role=""/>
  <member type="way" ref="422608632" role=""/>
  <member type="way" ref="137620616" role=""/>
  <member type="way" ref="355119739" role=""/>
  <member type="way" ref="355119734" role=""/>
  <member type="way" ref="814430591" role=""/>
  <member type="way" ref="358640630" role=""/>
  <member type="way" ref="355119735" role=""/>
  <member type="way" ref="355119737" role=""/>
  <member type="way" ref="137620617" role=""/>
  <member type="way" ref="137620619" role=""/>
  <member type="way" ref="352054578" role=""/>
  <member type="way" ref="417169625" role=""/>
  <member type="way" ref="1209750275" role=""/>
  <member type="way" ref="791710662" role=""/>
  <member type="way" ref="48570829" role=""/>
  <member type="way" ref="417169634" role=""/>
  <member type="way" ref="355119740" role=""/>
  <member type="way" ref="1059140492" role=""/>
  <member type="way" ref="404384637" role=""/>
  <member type="way" ref="404384636" role=""/>
  <member type="way" ref="404384634" role=""/>
  <member type="way" ref="1059140488" role=""/>
  <member type="way" ref="1059140489" role=""/>
  <member type="way" ref="1059140491" role=""/>
  <member type="way" ref="526616085" role=""/>
  <member type="way" ref="502019769" role=""/>
  <member type="way" ref="697915770" role=""/>
  <member type="way" ref="142690604" role=""/>
  <member type="way" ref="687240817" role=""/>
  <member type="way" ref="142690598" role=""/>
  <member type="way" ref="903795533" role=""/>
  <member type="way" ref="140483169" role=""/>
  <member type="way" ref="446473648" role=""/>
  <member type="way" ref="768989891" role=""/>
  <member type="way" ref="140483168" role=""/>
  <member type="way" ref="440471861" role=""/>
  <member type="way" ref="777627649" role=""/>
  <member type="way" ref="1119486605" role=""/>
  <member type="way" ref="361256298" role=""/>
  <member type="way" ref="32083750" role=""/>
  <member type="way" ref="793339796" role=""/>
  <member type="way" ref="1353702131" role=""/>
  <member type="way" ref="1353702132" role=""/>
  <member type="way" ref="146474893" role=""/>
  <member type="way" ref="1203860658" role=""/>
  <member type="way" ref="549231957" role=""/>
  <member type="way" ref="579562700" role=""/>
  <member type="way" ref="793340171" role=""/>
  <member type="way" ref="793340170" role=""/>
  <member type="way" ref="358391208" role=""/>
  <member type="way" ref="32083506" role=""/>
  <member type="way" ref="804059664" role=""/>
  <member type="way" ref="804059663" role=""/>
  <member type="way" ref="32083515" role=""/>
  <member type="way" ref="186159874" role=""/>
  <member type="way" ref="768970605" role=""/>
  <member type="way" ref="899861032" role=""/>
  <member type="way" ref="768970604" role=""/>
  <member type="way" ref="186159868" role=""/>
  <member type="way" ref="899861031" role=""/>
  <member type="way" ref="328679915" role=""/>
  <member type="way" ref="1158489264" role=""/>
  <member type="way" ref="328679916" role=""/>
  <member type="way" ref="553887792" role=""/>
  <member type="way" ref="553887793" role=""/>
  <member type="way" ref="32083311" role=""/>
  <member type="way" ref="32083309" role=""/>
  <member type="way" ref="1413610384" role=""/>
  <member type="way" ref="185601432" role=""/>
  <member type="way" ref="1081562670" role=""/>
  <member type="way" ref="1081562671" role=""/>
  <member type="way" ref="186159871" role=""/>
  <member type="way" ref="185930141" role=""/>
  <member type="way" ref="1204101794" role=""/>
  <member type="way" ref="1204101795" role=""/>
  <member type="way" ref="992375752" role=""/>
  <member type="way" ref="992375751" role=""/>
  <member type="way" ref="1204094013" role=""/>
  <member type="way" ref="1204094011" role=""/>
  <member type="way" ref="1204094012" role=""/>
  <member type="way" ref="185930139" role=""/>
  <member type="way" ref="185940147" role=""/>
  <member type="way" ref="185940148" role=""/>
  <member type="way" ref="92878386" role=""/>
  <member type="way" ref="1346116084" role=""/>
  <member type="way" ref="92878390" role=""/>
  <member type="way" ref="1346116078" role=""/>
  <member type="way" ref="134990036" role=""/>
  <member type="way" ref="134990040" role=""/>
  <member type="way" ref="1204138096" role=""/>
  <member type="way" ref="758515407" role=""/>
  <member type="way" ref="758515410" role=""/>
  <member type="way" ref="134990038" role=""/>
  <member type="way" ref="134990037" role=""/>
  <member type="way" ref="23434164" role=""/>
  <member type="way" ref="549232953" role=""/>
  <member type="way" ref="32425220" role=""/>
  <member type="way" ref="32425218" role=""/>
  <member type="way" ref="1341830394" role=""/>
  <member type="way" ref="186159878" role=""/>
  <member type="way" ref="186159877" role=""/>
  <member type="way" ref="202821663" role=""/>
  <member type="way" ref="186159867" role=""/>
  <member type="way" ref="1454610909" role=""/>
  <member type="way" ref="1454610907" role=""/>
  <member type="way" ref="32460920" role=""/>
  <member type="way" ref="32460921" role=""/>
  <member type="way" ref="28738734" role=""/>
  <member type="way" ref="28755276" role=""/>
  <member type="way" ref="186159872" role=""/>
  <member type="way" ref="813772517" role=""/>
  <member type="way" ref="186159869" role=""/>
  <member type="way" ref="186159873" role=""/>
  <member type="way" ref="661080640" role=""/>
  <member type="way" ref="752875306" role=""/>
  <member type="way" ref="30763758" role=""/>
  <member type="way" ref="579565228" role=""/>
  <member type="way" ref="202829212" role=""/>
  <member type="way" ref="1059391556" role=""/>
  <member type="way" ref="363162262" role=""/>
  <member type="way" ref="109698174" role=""/>
  <member type="way" ref="109698171" role=""/>
  <member type="way" ref="352828086" role=""/>
  <member type="way" ref="145387036" role=""/>
  <member type="way" ref="4705406" role=""/>
  <member type="way" ref="4705405" role=""/>
  <member type="way" ref="202829214" role=""/>
  <member type="way" ref="352828085" role=""/>
  <member type="way" ref="352828087" role=""/>
  <member type="way" ref="144849448" role=""/>
  <member type="way" ref="145387037" role=""/>
  <member type="way" ref="759531857" role=""/>
  <member type="way" ref="835663497" role=""/>
  <member type="way" ref="835663496" role=""/>
  <member type="way" ref="770271044" role=""/>
  <member type="way" ref="770271043" role=""/>
  <member type="way" ref="770271047" role=""/>
  <member type="way" ref="770271046" role=""/>
  <member type="way" ref="759531856" role=""/>
  <member type="way" ref="846268473" role=""/>
  <member type="way" ref="846268472" role=""/>
  <member type="way" ref="363162261" role=""/>
  <member type="way" ref="937511845" role=""/>
  <member type="way" ref="937511844" role=""/>
  <member type="way" ref="352828084" role=""/>
  <member type="way" ref="894211867" role=""/>
  <member type="way" ref="352828080" role=""/>
  <member type="way" ref="777425530" role=""/>
  <member type="way" ref="777425529" role=""/>
  <member type="way" ref="352828088" role=""/>
  <member type="way" ref="1059391558" role=""/>
  <member type="way" ref="39467239" role=""/>
  <member type="way" ref="39467399" role=""/>
  <member type="way" ref="39467411" role=""/>
  <member type="way" ref="1059222210" role=""/>
  <member type="way" ref="39467213" role=""/>
  <member type="way" ref="848050810" role=""/>
  <member type="way" ref="962211845" role=""/>
  <member type="way" ref="848050808" role=""/>
  <member type="way" ref="848050809" role=""/>
  <member type="way" ref="742377816" role=""/>
  <member type="way" ref="140627009" role=""/>
  <member type="way" ref="39422982" role=""/>
  <member type="way" ref="39423009" role=""/>
  <member type="way" ref="39423007" role=""/>
  <member type="way" ref="39422984" role=""/>
  <member type="way" ref="273520547" role=""/>
  <member type="way" ref="140627007" role=""/>
  <member type="way" ref="39422951" role=""/>
  <member type="way" ref="992366056" role=""/>
  <member type="way" ref="992366059" role=""/>
  <member type="way" ref="1328203416" role=""/>
  <member type="way" ref="140627006" role=""/>
  <member type="way" ref="1059222200" role=""/>
  <member type="way" ref="34900391" role=""/>
  <member type="way" ref="423879733" role=""/>
  <member type="way" ref="992366043" role=""/>
  <member type="way" ref="202828126" role=""/>
  <member type="way" ref="1328521565" role=""/>
  <member type="way" ref="127195174" role=""/>
  <member type="way" ref="1328521564" role=""/>
  <member type="way" ref="1425401890" role=""/>
  <member type="way" ref="191348741" role=""/>
  <member type="way" ref="34900395" role=""/>
  <member type="way" ref="39422933" role=""/>
  <member type="way" ref="408369532" role=""/>
  <member type="way" ref="26551515" role=""/>
  <member type="way" ref="1059222203" role=""/>
  <member type="way" ref="159269890" role=""/>
  <member type="way" ref="992366063" role=""/>
  <member type="way" ref="992366062" role=""/>
  <member type="way" ref="1132480048" role=""/>
  <member type="way" ref="992366072" role=""/>
  <member type="way" ref="827151980" role=""/>
  <member type="way" ref="1006877773" role=""/>
  <member type="way" ref="760705768" role=""/>
  <member type="way" ref="761573561" role=""/>
  <member type="way" ref="760705750" role=""/>
  <member type="way" ref="760705747" role=""/>
  <member type="way" ref="761573563" role=""/>
  <member type="way" ref="827151982" role=""/>
  <member type="way" ref="1006877772" role=""/>
  <member type="way" ref="69546249" role=""/>
  <member type="way" ref="992366071" role=""/>
  <member type="way" ref="992366064" role=""/>
  <member type="way" ref="69546248" role=""/>
  <member type="way" ref="126468231" role=""/>
  <member type="way" ref="42746122" role=""/>
  <member type="way" ref="42746120" role=""/>
  <member type="way" ref="126468233" role=""/>
  <member type="way" ref="42746093" role=""/>
  <member type="way" ref="42746094" role=""/>
  <member type="way" ref="1235463995" role=""/>
  <member type="way" ref="1205468527" role=""/>
  <member type="way" ref="26745664" role=""/>
  <member type="way" ref="128955663" role=""/>
  <member type="way" ref="191348740" role=""/>
  <member type="way" ref="31405574" role=""/>
  <member type="way" ref="1203983813" role=""/>
  <member type="way" ref="1203983812" role=""/>
  <member type="way" ref="1203983814" role=""/>
  <member type="way" ref="31405591" role=""/>
  <member type="way" ref="129171833" role=""/>
  <member type="way" ref="42746397" role=""/>
  <member type="way" ref="894548224" role=""/>
  <member type="way" ref="141459502" role=""/>
  <member type="way" ref="26300202" role=""/>
  <member type="way" ref="25525207" role=""/>
  <member type="way" ref="1220413528" role=""/>
  <member type="way" ref="25589173" role=""/>
  <member type="way" ref="56722769" role=""/>
  <member type="way" ref="35980616" role=""/>
  <member type="way" ref="253928691" role=""/>
  <member type="way" ref="253928690" role=""/>
  <member type="way" ref="35980615" role=""/>
  <member type="way" ref="113922127" role=""/>
  <member type="way" ref="1127638081" role=""/>
  <member type="way" ref="1354525230" role=""/>
  <member type="way" ref="31152891" role=""/>
  <member type="way" ref="31152889" role=""/>
  <member type="way" ref="388456541" role=""/>
  <member type="way" ref="1466274413" role=""/>
  <member type="way" ref="388456540" role=""/>
  <member type="way" ref="874968480" role=""/>
  <member type="way" ref="1383918738" role=""/>
  <member type="way" ref="1476838600" role=""/>
  <member type="way" ref="1476838595" role=""/>
  <member type="way" ref="1476838599" role=""/>
  <member type="way" ref="1476838596" role=""/>
  <member type="way" ref="1348683581" role=""/>
  <member type="way" ref="874968481" role=""/>
  <member type="way" ref="1194603828" role=""/>
  <member type="way" ref="1253472698" role=""/>
  <member type="way" ref="238180742" role=""/>
  <member type="way" ref="420002742" role=""/>
  <member type="way" ref="31326252" role=""/>
  <member type="way" ref="942753038" role=""/>
  <member type="way" ref="31326257" role=""/>
  <member type="way" ref="281566416" role=""/>
  <member type="way" ref="942753039" role=""/>
  <member type="way" ref="281566415" role=""/>
  <member type="way" ref="4705359" role=""/>
  <member type="way" ref="942753059" role=""/>
  <member type="way" ref="252439919" role=""/>
  <member type="way" ref="252439920" role=""/>
  <member type="way" ref="762781245" role=""/>
  <member type="way" ref="1235139729" role=""/>
  <member type="way" ref="289347794" role=""/>
  <member type="way" ref="762781244" role=""/>
  <member type="way" ref="1194603827" role=""/>
  <member type="way" ref="289347793" role=""/>
  <member type="way" ref="31153157" role=""/>
  <member type="way" ref="31153155" role=""/>
  <member type="way" ref="333980736" role=""/>
  <member type="way" ref="921119831" role=""/>
  <member type="way" ref="921119838" role=""/>
  <member type="way" ref="1125835620" role=""/>
  <member type="way" ref="420002250" role=""/>
  <member type="way" ref="760451120" role=""/>
  <member type="way" ref="1006877755" role=""/>
  <member type="way" ref="388462269" role=""/>
  <member type="way" ref="1017161679" role=""/>
  <member type="way" ref="1017161676" role=""/>
  <member type="way" ref="149308581" role=""/>
  <member type="way" ref="242896869" role=""/>
  <member type="way" ref="1083098732" role=""/>
  <member type="way" ref="242896870" role=""/>
  <member type="way" ref="991823087" role=""/>
  <member type="way" ref="991823088" role=""/>
  <member type="way" ref="592182354" role=""/>
  <member type="way" ref="185558267" role=""/>
  <member type="way" ref="185558268" role=""/>
  <member type="way" ref="659960881" role=""/>
  <member type="way" ref="659960866" role=""/>
  <member type="way" ref="892270260" role=""/>
  <member type="way" ref="659960651" role=""/>
  <member type="way" ref="659960857" role=""/>
  <member type="way" ref="892270259" role=""/>
  <member type="way" ref="243245243" role=""/>
  <member type="way" ref="243245242" role=""/>
  <member type="way" ref="31999277" role=""/>
  <member type="way" ref="1006877756" role=""/>
  <member type="way" ref="419637173" role=""/>
  <member type="way" ref="419637172" role=""/>
  <member type="way" ref="333980735" role=""/>
  <member type="way" ref="31153325" role=""/>
  <member type="way" ref="29170178" role=""/>
  <member type="way" ref="243252231" role=""/>
  <member type="way" ref="243252233" role=""/>
  <member type="way" ref="31336073" role=""/>
  <member type="way" ref="31153447" role=""/>
  <member type="way" ref="297163438" role=""/>
  <member type="way" ref="914256582" role=""/>
  <member type="way" ref="297163439" role=""/>
  <member type="way" ref="680626018" role=""/>
  <member type="way" ref="680626017" role=""/>
  <member type="way" ref="118422777" role=""/>
  <member type="way" ref="760451128" role=""/>
  <member type="way" ref="760451127" role=""/>
  <member type="way" ref="38660034" role=""/>
  <member type="way" ref="38660035" role=""/>
  <member type="way" ref="760451129" role=""/>
  <member type="way" ref="314947466" role=""/>
  <member type="way" ref="31336082" role=""/>
  <member type="way" ref="31336084" role=""/>
  <member type="way" ref="319961507" role=""/>
  <member type="way" ref="31343116" role=""/>
  <member type="way" ref="31343120" role=""/>
  <member type="way" ref="1006877758" role=""/>
  <member type="way" ref="420000953" role=""/>
  <member type="way" ref="31343215" role=""/>
  <member type="way" ref="420000952" role=""/>
  <member type="way" ref="145387035" role=""/>
  <member type="way" ref="363149713" role=""/>
  <member type="way" ref="145387032" role=""/>
  <member type="way" ref="363149703" role=""/>
  <member type="way" ref="760681719" role=""/>
  <member type="way" ref="892499639" role=""/>
  <member type="way" ref="725414417" role=""/>
  <member type="way" ref="232671029" role=""/>
  <member type="way" ref="232671028" role=""/>
  <member type="way" ref="242456925" role=""/>
  <member type="way" ref="242456923" role=""/>
  <member type="way" ref="31153636" role=""/>
  <member type="way" ref="31153637" role=""/>
  <member type="way" ref="776403798" role=""/>
  <member type="way" ref="228098211" role=""/>
  <member type="way" ref="662786753" role=""/>
  <member type="way" ref="760688239" role=""/>
  <member type="way" ref="725414434" role=""/>
  <member type="way" ref="690613608" role=""/>
  <member type="way" ref="725414430" role=""/>
  <member type="way" ref="31153652" role=""/>
  <member type="way" ref="31153654" role=""/>
  <member type="way" ref="671028102" role=""/>
  <member type="way" ref="293682332" role=""/>
  <member type="way" ref="293682336" role=""/>
  <member type="way" ref="671028101" role=""/>
  <member type="way" ref="776403792" role=""/>
  <member type="way" ref="118540647" role=""/>
  <member type="way" ref="1131306948" role=""/>
  <member type="way" ref="776403793" role=""/>
  <member type="way" ref="725414415" role=""/>
  <member type="way" ref="725414414" role=""/>
  <member type="way" ref="118540620" role=""/>
  <member type="way" ref="760688237" role=""/>
  <member type="way" ref="243034214" role=""/>
  <member type="way" ref="1131306950" role=""/>
  <member type="way" ref="725414416" role=""/>
  <member type="way" ref="243034213" role=""/>
  <member type="way" ref="149725346" role=""/>
  <member type="way" ref="149725347" role=""/>
  <member type="way" ref="762781247" role=""/>
  <member type="way" ref="31999807" role=""/>
  <member type="way" ref="921105730" role=""/>
  <member type="way" ref="901441501" role=""/>
  <member type="way" ref="845251065" role=""/>
  <member type="way" ref="902501039" role=""/>
  <member type="way" ref="845251064" role=""/>
  <member type="way" ref="872188532" role=""/>
  <member type="way" ref="872188531" role=""/>
  <member type="way" ref="1006877803" role=""/>
  <member type="way" ref="845251067" role=""/>
  <member type="way" ref="813743083" role=""/>
  <member type="way" ref="763589717" role=""/>
  <member type="way" ref="763589719" role=""/>
  <member type="way" ref="763589718" role=""/>
  <member type="way" ref="902151356" role=""/>
  <member type="way" ref="763589720" role=""/>
  <member type="way" ref="902151346" role=""/>
  <member type="way" ref="1107040625" role=""/>
  <member type="way" ref="4705362" role=""/>
  <member type="way" ref="150619171" role=""/>
  <member type="way" ref="901942539" role=""/>
  <member type="way" ref="923021083" role=""/>
  <member type="way" ref="150619173" role=""/>
  <member type="way" ref="901944909" role=""/>
  <member type="way" ref="901942538" role=""/>
  <member type="way" ref="845251055" role=""/>
  <member type="way" ref="232552075" role=""/>
  <member type="way" ref="232552074" role=""/>
  <member type="way" ref="4705363" role=""/>
  <member type="way" ref="983605438" role=""/>
  <member type="way" ref="732770594" role=""/>
  <member type="way" ref="983605437" role=""/>
  <member type="way" ref="845251057" role=""/>
  <member type="way" ref="983605440" role=""/>
  <member type="way" ref="845251056" role=""/>
  <member type="way" ref="983605441" role=""/>
  <member type="way" ref="845251052" role=""/>
  <member type="way" ref="845251037" role=""/>
  <member type="way" ref="845251051" role=""/>
  <member type="way" ref="732770593" role=""/>
  <member type="way" ref="845251042" role=""/>
  <member type="way" ref="149340254" role=""/>
  <member type="way" ref="845251043" role=""/>
  <member type="way" ref="149340253" role=""/>
  <member type="way" ref="572818383" role=""/>
  <member type="way" ref="845251045" role=""/>
  <member type="way" ref="845251044" role=""/>
  <member type="way" ref="845251050" role=""/>
  <member type="way" ref="845251049" role=""/>
  <member type="way" ref="572818382" role=""/>
  <member type="way" ref="845251053" role=""/>
  <member type="way" ref="845251054" role=""/>
  <member type="way" ref="845251048" role=""/>
  <member type="way" ref="845251041" role=""/>
  <member type="way" ref="845251040" role=""/>
  <member type="way" ref="845251039" role=""/>
  <member type="way" ref="4705365" role=""/>
  <member type="way" ref="845251038" role=""/>
  <member type="way" ref="760474625" role=""/>
  <member type="way" ref="4705366" role=""/>
  <member type="way" ref="681070334" role=""/>
  <member type="way" ref="681070335" role=""/>
  <member type="way" ref="681070336" role=""/>
  <member type="way" ref="4705367" role=""/>
  <member type="way" ref="681070339" role=""/>
  <member type="way" ref="4705368" role=""/>
  <member type="way" ref="4705369" role=""/>
  <member type="way" ref="1194602380" role=""/>
  <member type="way" ref="760474627" role=""/>
  <member type="way" ref="572807530" role=""/>
  <member type="way" ref="572807531" role=""/>
  <member type="way" ref="5135843" role=""/>
  <member type="way" ref="1288225616" role=""/>
  <member type="way" ref="1288225617" role=""/>
  <member type="way" ref="31373697" role=""/>
  <member type="way" ref="5135849" role=""/>
  <member type="way" ref="5135848" role=""/>
  <member type="way" ref="237011937" role=""/>
  <member type="way" ref="237011936" role=""/>
  <member type="way" ref="998063005" role=""/>
  <member type="way" ref="998063006" role=""/>
  <member type="way" ref="237010790" role=""/>
  <member type="way" ref="237010787" role=""/>
  <member type="way" ref="237010789" role=""/>
  <member type="way" ref="237010788" role=""/>
  <member type="way" ref="200255595" role=""/>
  <member type="way" ref="1388947075" role=""/>
  <member type="way" ref="200255596" role=""/>
  <member type="way" ref="1388947076" role=""/>
  <member type="way" ref="1388947063" role=""/>
  <member type="way" ref="249521818" role=""/>
  <member type="way" ref="249521819" role=""/>
  <member type="way" ref="1388947074" role=""/>
  <member type="way" ref="242044343" role=""/>
  <member type="way" ref="242044342" role=""/>
  <member type="way" ref="965047914" role=""/>
  <member type="way" ref="249521030" role=""/>
  <member type="way" ref="249521031" role=""/>
  <member type="way" ref="249520436" role=""/>
  <member type="way" ref="1006877767" role=""/>
  <member type="way" ref="249520435" role=""/>
  <member type="way" ref="965338640" role=""/>
  <member type="way" ref="965338642" role=""/>
  <member type="way" ref="835074773" role=""/>
  <member type="way" ref="183704871" role=""/>
  <member type="way" ref="1363429697" role=""/>
  <member type="way" ref="241780253" role=""/>
  <member type="way" ref="834757260" role=""/>
  <member type="way" ref="1223738281" role=""/>
  <member type="way" ref="1223738291" role=""/>
  <member type="way" ref="241780254" role=""/>
  <member type="way" ref="834757261" role=""/>
  <member type="way" ref="1006877766" role=""/>
  <member type="way" ref="965338638" role=""/>
  <member type="way" ref="834757262" role=""/>
  <member type="way" ref="587255505" role=""/>
  <member type="way" ref="587255500" role=""/>
  <member type="way" ref="965047913" role=""/>
  <member type="way" ref="786410840" role=""/>
  <member type="way" ref="786410841" role=""/>
  <member type="way" ref="786410842" role=""/>
  <member type="way" ref="786410843" role=""/>
  <member type="way" ref="786410835" role=""/>
  <member type="way" ref="786410836" role=""/>
  <member type="way" ref="587249347" role=""/>
  <member type="way" ref="587249348" role=""/>
  <member type="way" ref="845251017" role=""/>
  <member type="way" ref="617914300" role=""/>
  <member type="way" ref="845251016" role=""/>
  <member type="way" ref="768048799" role=""/>
  <member type="way" ref="768048800" role=""/>
  <member type="way" ref="617914299" role=""/>
  <member type="way" ref="1006877761" role=""/>
  <member type="way" ref="751228589" role=""/>
  <member type="way" ref="990853544" role=""/>
  <member type="way" ref="751228591" role=""/>
  <member type="way" ref="1006877763" role=""/>
  <member type="way" ref="990853538" role=""/>
  <member type="way" ref="990853535" role=""/>
  <member type="way" ref="990853539" role=""/>
  <member type="way" ref="1006877764" role=""/>
  <member type="way" ref="769916318" role=""/>
  <member type="way" ref="990853549" role=""/>
  <member type="way" ref="990853552" role=""/>
  <member type="way" ref="566350639" role=""/>
  <member type="way" ref="990853533" role=""/>
  <member type="way" ref="845251027" role=""/>
  <member type="way" ref="751228590" role=""/>
  <member type="way" ref="966079865" role=""/>
  <member type="way" ref="966079866" role=""/>
  <member type="way" ref="845251021" role=""/>
  <member type="way" ref="617525173" role=""/>
  <member type="way" ref="845251020" role=""/>
  <member type="way" ref="845251019" role=""/>
  <member type="way" ref="845251013" role=""/>
  <member type="way" ref="845251012" role=""/>
  <member type="way" ref="845251011" role=""/>
  <member type="way" ref="845251010" role=""/>
  <member type="way" ref="572853091" role=""/>
  <member type="way" ref="1006877760" role=""/>
  <member type="way" ref="680818340" role=""/>
  <member type="way" ref="680817447" role=""/>
  <member type="way" ref="572853098" role=""/>
  <member type="way" ref="845251008" role=""/>
  <member type="way" ref="845251009" role=""/>
  <member type="way" ref="680817042" role=""/>
  <member type="way" ref="680817041" role=""/>
  <member type="way" ref="680817033" role=""/>
  <member type="way" ref="680817035" role=""/>
  <member type="way" ref="680817034" role=""/>
  <member type="way" ref="241780252" role=""/>
  <member type="way" ref="680261301" role=""/>
  <member type="way" ref="680261302" role=""/>
  <member type="way" ref="845251006" role=""/>
  <member type="way" ref="680260841" role=""/>
  <member type="way" ref="845251005" role=""/>
  <member type="way" ref="619300002" role=""/>
  <member type="way" ref="845251004" role=""/>
  <member type="way" ref="845250994" role=""/>
  <member type="way" ref="845250995" role=""/>
  <member type="way" ref="845250996" role=""/>
  <member type="way" ref="845251003" role=""/>
  <member type="way" ref="845250997" role=""/>
  <member type="way" ref="845250998" role=""/>
  <member type="way" ref="845250999" role=""/>
  <member type="way" ref="845251000" role=""/>
  <member type="way" ref="845251002" role=""/>
  <member type="way" ref="845251001" role=""/>
  <member type="way" ref="252216983" role=""/>
  <member type="way" ref="252216984" role=""/>
  <member type="way" ref="573315152" role=""/>
  <member type="way" ref="573315149" role=""/>
  <member type="way" ref="237494633" role=""/>
  <member type="way" ref="680031115" role=""/>
  <member type="way" ref="680031116" role=""/>
  <member type="way" ref="237494634" role=""/>
  <member type="way" ref="245649820" role=""/>
  <member type="way" ref="1016978379" role=""/>
  <member type="way" ref="1016978384" role=""/>
  <member type="way" ref="813743084" role=""/>
  <member type="way" ref="31373690" role=""/>
  <member type="way" ref="816376220" role=""/>
  <member type="way" ref="284203619" role=""/>
  <member type="way" ref="816376218" role=""/>
  <member type="way" ref="816376219" role=""/>
  <member type="way" ref="284203616" role=""/>
  <member type="way" ref="284203618" role=""/>
  <member type="way" ref="284203617" role=""/>
  <member type="way" ref="31373711" role=""/>
  <member type="way" ref="816376216" role=""/>
  <member type="way" ref="816376214" role=""/>
  <member type="way" ref="816376215" role=""/>
  <member type="way" ref="816376213" role=""/>
  <member type="way" ref="816376217" role=""/>
  <member type="way" ref="31373710" role=""/>
  <member type="way" ref="816637902" role=""/>
  <member type="way" ref="816637903" role=""/>
  <member type="way" ref="348797592" role=""/>
  <member type="way" ref="348797591" role=""/>
  <member type="way" ref="31373723" role=""/>
  <member type="way" ref="816376211" role=""/>
  <member type="way" ref="816376212" role=""/>
  <member type="way" ref="816376209" role=""/>
  <member type="way" ref="816376210" role=""/>
  <member type="way" ref="31373719" role=""/>
  <member type="way" ref="611427653" role=""/>
  <member type="way" ref="611427654" role=""/>
  <member type="way" ref="904918023" role=""/>
  <member type="way" ref="904918022" role=""/>
  <member type="way" ref="31373715" role=""/>
  <member type="way" ref="816376207" role=""/>
  <member type="way" ref="816376205" role=""/>
  <member type="way" ref="816376206" role=""/>
  <member type="way" ref="840031459" role=""/>
  <member type="way" ref="840031458" role=""/>
  <member type="way" ref="816376208" role=""/>
  <member type="way" ref="991473934" role=""/>
  <member type="way" ref="816376204" role=""/>
  <member type="way" ref="816376203" role=""/>
  <member type="way" ref="816376201" role=""/>
  <member type="way" ref="816376202" role=""/>
  <member type="way" ref="348797582" role=""/>
  <member type="way" ref="348797588" role=""/>
  <member type="way" ref="816376199" role=""/>
  <member type="way" ref="816376200" role=""/>
  <member type="way" ref="31373704" role=""/>
  <member type="way" ref="1413856980" role=""/>
  <member type="way" ref="1413856981" role=""/>
  <member type="way" ref="991473904" role=""/>
  <member type="way" ref="816376197" role=""/>
  <member type="way" ref="816376198" role=""/>
  <member type="way" ref="991473902" role=""/>
  <member type="way" ref="991473903" role=""/>
  <member type="way" ref="991473900" role=""/>
  <member type="way" ref="991473901" role=""/>
  <member type="way" ref="991473898" role=""/>
  <member type="way" ref="991473899" role=""/>
  <member type="way" ref="613171258" role=""/>
  <member type="way" ref="991473897" role=""/>
  <member type="way" ref="816376221" role=""/>
  <member type="way" ref="816376222" role=""/>
  <member type="way" ref="816376223" role=""/>
  <member type="way" ref="816376224" role=""/>
  <member type="way" ref="613171259" role=""/>
  <member type="way" ref="613171262" role=""/>
  <member type="way" ref="613171263" role=""/>
  <member type="way" ref="816376225" role=""/>
  <member type="way" ref="816376226" role=""/>
  <member type="way" ref="816376227" role=""/>
  <member type="way" ref="816376228" role=""/>
  <member type="way" ref="816376233" role=""/>
  <member type="way" ref="816376231" role=""/>
  <member type="way" ref="816376232" role=""/>
  <member type="way" ref="613586139" role=""/>
  <member type="way" ref="613586140" role=""/>
  <member type="way" ref="238179938" role=""/>
  <tag k="name" v="NCR-CALABARZON-Bicol National Bicycle Route (southbound)"/>
  <tag k="network" v="ncn"/>
  <tag k="operator" v="Department of Public Works and Highways"/>
  <tag k="route" v="bicycle"/>
  <tag k="type" v="route"/>
 </relation>
 <relation id="18461982" visible="true" version="4" changeset="166283998" timestamp="2025-05-15T04:03:43Z" user="Timmy_Tesseract" uid="5653955">
  <member type="node" ref="315995719" role="label"/>
  <member type="way" ref="1346124089" role="outer"/>
  <member type="way" ref="145504293" role="outer"/>
  <member type="way" ref="93842160" role="outer"/>
  <member type="way" ref="1346124086" role="outer"/>
  <member type="way" ref="1346124087" role="outer"/>
  <member type="way" ref="1346124085" role="outer"/>
  <member type="way" ref="471408055" role="outer"/>
  <member type="way" ref="1386912461" role="outer"/>
  <member type="way" ref="90984723" role="outer"/>
  <member type="way" ref="542870176" role="outer"/>
  <member type="way" ref="123547270" role="outer"/>
  <member type="way" ref="1346124096" role="outer"/>
  <member type="way" ref="1346124094" role="outer"/>
  <member type="way" ref="1346124097" role="outer"/>
  <member type="way" ref="1346124090" role="outer"/>
  <member type="way" ref="1346124092" role="outer"/>
  <tag k="admin_level" v="10"/>
  <tag k="boundary" v="administrative"/>
  <tag k="is_in:city" v="Cabuyao"/>
  <tag k="land_area" v="administrative"/>
  <tag k="name" v="Pulo"/>
  <tag k="type" v="boundary"/>
 </relation>
 <relation id="18461983" visible="true" version="7" changeset="166283998" timestamp="2025-05-15T04:03:43Z" user="Timmy_Tesseract" uid="5653955">
  <member type="node" ref="1483243358" role="label"/>
  <member type="way" ref="1170727497" role="outer"/>
  <member type="way" ref="1346125966" role="outer"/>
  <member type="way" ref="1346124099" role="outer"/>
  <member type="way" ref="1346125964" role="outer"/>
  <member type="way" ref="1346124100" role="outer"/>
  <member type="way" ref="1346124082" role="outer"/>
  <member type="way" ref="1239583386" role="outer"/>
  <member type="way" ref="1239583387" role="outer"/>
  <member type="way" ref="1346124079" role="outer"/>
  <member type="way" ref="1346124077" role="outer"/>
  <member type="way" ref="134990112" role="outer"/>
  <member type="way" ref="134987238" role="outer"/>
  <member type="way" ref="134987237" role="outer"/>
  <member type="way" ref="134990113" role="outer"/>
  <member type="way" ref="134987239" role="outer"/>
  <member type="way" ref="1346116082" role="outer"/>
  <member type="way" ref="1346116081" role="outer"/>
  <member type="way" ref="549234122" role="outer"/>
  <member type="way" ref="549234129" role="outer"/>
  <member type="way" ref="1386912462" role="outer"/>
  <member type="way" ref="1346124086" role="outer"/>
  <member type="way" ref="93842160" role="outer"/>
  <member type="way" ref="145504293" role="outer"/>
  <member type="way" ref="1346124089" role="outer"/>
  <tag k="admin_level" v="10"/>
  <tag k="boundary" v="administrative"/>
  <tag k="is_in:city" v="Cabuyao"/>
  <tag k="land_area" v="administrative"/>
  <tag k="name" v="Banay-Banay"/>
  <tag k="type" v="boundary"/>
 </relation>
</osm>
